low_q,high_q,mid_q,adx_threshold,max_loss_pct_of_cap,beta_window,pct_lookback,max_hold_bars,n_trades,n_is,n_oos,is_sharpe,oos_sharpe,min_sharpe
0.3,0.92,0.55,15.0,0.01,100,750,150,902,774,128,0.4822306874588654,-0.2877559576980697,-0.2877559576980697
0.3,0.92,0.55,15.0,0.01,100,750,300,868,743,125,0.18520603459746357,-0.4948292660935266,-0.4948292660935266
0.3,0.92,0.55,15.0,0.01,100,1500,150,837,711,126,-0.41542837573806735,-0.36567157045298176,-0.41542837573806735
0.3,0.92,0.55,15.0,0.01,100,1500,300,796,675,121,-0.2262038176593402,-0.04947234080642981,-0.2262038176593402
0.3,0.92,0.55,15.0,0.01,100,2500,150,793,669,124,0.07489287087263125,-0.2953447018577178,-0.2953447018577178
0.3,0.92,0.55,15.0,0.01,100,2500,300,751,632,119,-0.7067842039107795,-0.08865841543857168,-0.7067842039107795
0.3,0.92,0.55,15.0,0.01,200,750,150,763,653,110,-0.07791154533175802,1.0575024670984619,-0.07791154533175802
0.3,0.92,0.55,15.0,0.01,200,750,300,694,588,106,-0.03451844190993197,0.9525789750979793,-0.03451844190993197
0.3,0.92,0.55,15.0,0.01,200,1500,150,693,583,110,0.21724533444108193,0.8134895732630616,0.21724533444108193
0.3,0.92,0.55,15.0,0.01,200,1500,300,621,519,102,0.2056587918661316,1.2249923147563189,0.2056587918661316
0.3,0.92,0.55,15.0,0.01,200,2500,150,675,571,104,0.05143043467924492,0.8447031449275335,0.05143043467924492
0.3,0.92,0.55,15.0,0.01,200,2500,300,604,508,96,0.011247633360772906,1.364069310246574,0.011247633360772906
0.3,0.92,0.55,15.0,0.01,400,750,150,676,577,99,0.14128027720612857,0.3979859413401114,0.14128027720612857
0.3,0.92,0.55,15.0,0.01,400,750,300,580,502,78,0.446907253235261,1.0881468725289463,0.446907253235261
0.3,0.92,0.55,15.0,0.01,400,1500,150,592,506,86,0.5079305951794814,1.1312810427601394,0.5079305951794814
0.3,0.92,0.55,15.0,0.01,400,1500,300,493,427,66,0.7254038773624766,1.7664848295867037,0.7254038773624766
0.3,0.92,0.55,15.0,0.01,400,2500,150,568,488,80,0.3327046399060661,0.4361647372752893,0.3327046399060661
0.3,0.92,0.55,15.0,0.01,400,2500,300,471,409,62,0.5994488175217477,0.86963110165836,0.5994488175217477
0.3,0.92,0.55,15.0,0.01,500,750,150,704,596,108,0.24773932734856755,1.6622047666495146,0.24773932734856755
0.3,0.92,0.55,15.0,0.01,500,750,300,583,505,78,0.5147139751045338,2.099836943149384,0.5147139751045338
0.3,0.92,0.55,15.0,0.01,500,1500,150,603,513,90,0.2809195830608483,2.0075264213499984,0.2809195830608483
0.3,0.92,0.55,15.0,0.01,500,1500,300,496,427,69,0.4007982610996568,2.0791572532023035,0.4007982610996568
0.3,0.92,0.55,15.0,0.01,500,2500,150,560,481,79,0.7448441946605403,2.409045433197003,0.7448441946605403
0.3,0.92,0.55,15.0,0.01,500,2500,300,457,399,58,0.7554801843552094,2.51916581157649,0.7554801843552094
0.3,0.92,0.55,15.0,0.02,100,750,150,857,732,125,-0.37952765845076414,0.00721587685556265,-0.37952765845076414
0.3,0.92,0.55,15.0,0.02,100,750,300,818,697,121,-0.285538697694586,-0.23922458834250931,-0.285538697694586
0.3,0.92,0.55,15.0,0.02,100,1500,150,796,671,125,-0.2864409192317181,0.23240630343768456,-0.2864409192317181
0.3,0.92,0.55,15.0,0.02,100,1500,300,751,632,119,0.04610530133175495,0.4830906343027648,0.04610530133175495
0.3,0.92,0.55,15.0,0.02,100,2500,150,748,627,121,0.3166113191738632,-0.14133523510324783,-0.14133523510324783
0.3,0.92,0.55,15.0,0.02,100,2500,300,697,583,114,-0.7253932437702256,0.0010843970911931684,-0.7253932437702256
0.3,0.92,0.55,15.0,0.02,200,750,150,708,601,107,0.013111519320305376,0.8701783592779418,0.013111519320305376
0.3,0.92,0.55,15.0,0.02,200,750,300,634,532,102,-0.04499219795472712,0.6657267406653293,-0.04499219795472712
0.3,0.92,0.55,15.0,0.02,200,1500,150,648,541,107,0.11222795261409838,0.5177818944309414,0.11222795261409838
0.3,0.92,0.55,15.0,0.02,200,1500,300,572,474,98,0.05947070537198524,0.8394844380087677,0.05947070537198524
0.3,0.92,0.55,15.0,0.02,200,2500,150,625,522,103,0.014611224489207866,0.4180512821291426,0.014611224489207866
0.3,0.92,0.55,15.0,0.02,200,2500,300,553,459,94,-0.17579204985114488,0.7615272189938598,-0.17579204985114488
0.3,0.92,0.55,15.0,0.02,400,750,150,622,526,96,0.2849503716941737,0.9684539751123682,0.2849503716941737
0.3,0.92,0.55,15.0,0.02,400,750,300,511,437,74,0.5850199313318261,1.3669341466332163,0.5850199313318261
0.3,0.92,0.55,15.0,0.02,400,1500,150,547,465,82,0.7034884644260979,1.2323489541402666,0.7034884644260979
0.3,0.92,0.55,15.0,0.02,400,1500,300,427,366,61,0.8544268838006688,1.8336011093359346,0.8544268838006688
0.3,0.92,0.55,15.0,0.02,400,2500,150,519,441,78,0.7044522311198964,0.8137537853973815,0.7044522311198964
0.3,0.92,0.55,15.0,0.02,400,2500,300,398,340,58,0.8334104103116968,0.9042834574415006,0.8334104103116968
0.3,0.92,0.55,15.0,0.02,500,750,150,647,543,104,0.33060361697642937,1.9234933404657981,0.33060361697642937
0.3,0.92,0.55,15.0,0.02,500,750,300,505,429,76,0.6767695731534272,2.366867498840079,0.6767695731534272
0.3,0.92,0.55,15.0,0.02,500,1500,150,555,467,88,0.5199435369656517,2.180291368477627,0.5199435369656517
0.3,0.92,0.55,15.0,0.02,500,1500,300,427,363,64,0.6164655297975715,2.3024473837180386,0.6164655297975715
0.3,0.92,0.55,15.0,0.02,500,2500,150,513,437,76,0.7109322026524914,2.2538582902768725,0.7109322026524914
0.3,0.92,0.55,15.0,0.02,500,2500,300,394,339,55,0.7937338297062928,1.8702815018211878,0.7937338297062928
0.3,0.92,0.55,15.0,0.03,100,750,150,850,725,125,0.2943495287929548,0.024005114217678532,0.024005114217678532
0.3,0.92,0.55,15.0,0.03,100,750,300,809,688,121,-0.30528751841319035,-0.21802131316399123,-0.30528751841319035
0.3,0.92,0.55,15.0,0.03,100,1500,150,786,661,125,-0.37850384945533777,0.32051884151336757,-0.37850384945533777
0.3,0.92,0.55,15.0,0.03,100,1500,300,741,622,119,0.12409439344419024,0.5786062979308608,0.12409439344419024
0.3,0.92,0.55,15.0,0.03,100,2500,150,738,617,121,0.22003644534740358,-0.08980299946038024,-0.08980299946038024
0.3,0.92,0.55,15.0,0.03,100,2500,300,687,574,113,-0.6576789089000116,0.04477252412111335,-0.6576789089000116
0.3,0.92,0.55,15.0,0.03,200,750,150,694,588,106,-0.13874886077688295,0.6015760205940662,-0.13874886077688295
0.3,0.92,0.55,15.0,0.03,200,750,300,612,511,101,-0.025539548693212597,0.5442556821643306,-0.025539548693212597
0.3,0.92,0.55,15.0,0.03,200,1500,150,631,524,107,0.024340661427781414,0.21345020586610797,0.024340661427781414
0.3,0.92,0.55,15.0,0.03,200,1500,300,549,451,98,-0.026390886605741518,0.5274247910701524,-0.026390886605741518
0.3,0.92,0.55,15.0,0.03,200,2500,150,612,509,103,-0.05661204791572576,0.3494448971557052,-0.05661204791572576
0.3,0.92,0.55,15.0,0.03,200,2500,300,537,443,94,-0.22597798680874243,0.6848495397482846,-0.22597798680874243
0.3,0.92,0.55,15.0,0.03,400,750,150,612,517,95,0.2873632288361773,0.8493110193650438,0.2873632288361773
0.3,0.92,0.55,15.0,0.03,400,750,300,496,423,73,0.6425721629357012,1.6980002832373433,0.6425721629357012
0.3,0.92,0.55,15.0,0.03,400,1500,150,535,453,82,0.6505905233899677,1.4947760633187999,0.6505905233899677
0.3,0.92,0.55,15.0,0.03,400,1500,300,412,351,61,0.7563577650404664,2.2878356849476975,0.7563577650404664
0.3,0.92,0.55,15.0,0.03,400,2500,150,509,432,77,0.6368627857974632,0.8415155034724833,0.6368627857974632
0.3,0.92,0.55,15.0,0.03,400,2500,300,385,328,57,0.8053077307872731,1.0753077595863274,0.8053077307872731
0.3,0.92,0.55,15.0,0.03,500,750,150,641,538,103,0.3129021429359573,1.8855058414869226,0.3129021429359573
0.3,0.92,0.55,15.0,0.03,500,750,300,491,415,76,0.6079522935324837,2.411063562460189,0.6079522935324837
0.3,0.92,0.55,15.0,0.03,500,1500,150,544,456,88,0.5167700154439253,2.4492226468688747,0.5167700154439253
0.3,0.92,0.55,15.0,0.03,500,1500,300,413,349,64,0.538229179921331,2.4942265700713078,0.538229179921331
0.3,0.92,0.55,15.0,0.03,500,2500,150,504,428,76,0.6929682458932501,2.5300438496546014,0.6929682458932501
0.3,0.92,0.55,15.0,0.03,500,2500,300,381,326,55,0.8532225436051557,2.1597593852048584,0.8532225436051557
0.3,0.92,0.55,15.0,0.05,100,750,150,848,724,124,-0.3574958003557579,0.08789188927597512,-0.3574958003557579
0.3,0.92,0.55,15.0,0.05,100,750,300,806,686,120,0.2605484503083025,-0.15545466070177125,-0.15545466070177125
0.3,0.92,0.55,15.0,0.05,100,1500,150,781,657,124,-0.4579187659258485,0.3798567772338425,-0.4579187659258485
0.3,0.92,0.55,15.0,0.05,100,1500,300,734,616,118,-0.45859706067386763,0.6455738020177805,-0.45859706067386763
0.3,0.92,0.55,15.0,0.05,100,2500,150,736,615,121,0.7244730240122755,-0.08980299946038024,-0.08980299946038024
0.3,0.92,0.55,15.0,0.05,100,2500,300,682,569,113,-0.38135317517562994,0.04477252412111335,-0.38135317517562994
0.3,0.92,0.55,15.0,0.05,200,750,150,687,581,106,-0.08284764184790419,0.5701795236746958,-0.08284764184790419
0.3,0.92,0.55,15.0,0.05,200,750,300,604,503,101,-0.13233862821671652,0.5180156047897552,-0.13233862821671652
0.3,0.92,0.55,15.0,0.05,200,1500,150,622,516,106,0.02835590650937694,0.2795804636959279,0.02835590650937694
0.3,0.92,0.55,15.0,0.05,200,1500,300,536,439,97,-0.07349882030404745,0.5880741367420944,-0.07349882030404745
0.3,0.92,0.55,15.0,0.05,200,2500,150,605,502,103,-0.11667532487146914,0.22161257553400474,-0.11667532487146914
0.3,0.92,0.55,15.0,0.05,200,2500,300,530,436,94,-0.38890977115988906,0.5397476969396228,-0.38890977115988906
0.3,0.92,0.55,15.0,0.05,400,750,150,608,513,95,0.12983854296750327,0.8493110193650438,0.12983854296750327
0.3,0.92,0.55,15.0,0.05,400,750,300,485,412,73,0.5917744515750805,1.6980002832373433,0.5917744515750805
0.3,0.92,0.55,15.0,0.05,400,1500,150,532,450,82,0.5905043723707933,1.4947760633187999,0.5905043723707933
0.3,0.92,0.55,15.0,0.05,400,1500,300,408,347,61,0.6924731686258878,2.2878356849476975,0.6924731686258878
0.3,0.92,0.55,15.0,0.05,400,2500,150,505,428,77,0.6577003202966467,0.8415155034724833,0.6577003202966467
0.3,0.92,0.55,15.0,0.05,400,2500,300,377,320,57,0.9338491429326894,1.0753077595863274,0.9338491429326894
0.3,0.92,0.55,15.0,0.05,500,750,150,632,529,103,0.4000734439912224,1.8855058414869226,0.4000734439912224
0.3,0.92,0.55,15.0,0.05,500,750,300,477,402,75,0.603454984898207,2.692539424849331,0.603454984898207
0.3,0.92,0.55,15.0,0.05,500,1500,150,536,448,88,0.48124118532672444,2.4492226468688747,0.48124118532672444
0.3,0.92,0.55,15.0,0.05,500,1500,300,400,336,64,0.5166423875726677,2.4942265700713078,0.5166423875726677
0.3,0.92,0.55,15.0,0.05,500,2500,150,498,422,76,0.7856871262671463,2.5300438496546014,0.7856871262671463
0.3,0.92,0.55,15.0,0.05,500,2500,300,373,318,55,0.8936494536501586,2.211327452975301,0.8936494536501586
0.3,0.92,0.55,20.0,0.01,100,750,150,1393,1191,202,0.17058888413738463,-0.5882867804216827,-0.5882867804216827
0.3,0.92,0.55,20.0,0.01,100,750,300,1328,1135,193,-0.3540929932964702,-0.3994641463465093,-0.3994641463465093
0.3,0.92,0.55,20.0,0.01,100,1500,150,1283,1093,190,0.012094684511315408,-0.25544000433454483,-0.25544000433454483
0.3,0.92,0.55,20.0,0.01,100,1500,300,1217,1036,181,-0.09411743670334252,-0.18999372688752952,-0.18999372688752952
0.3,0.92,0.55,20.0,0.01,100,2500,150,1227,1044,183,-0.22340187466674225,-0.4061675269942911,-0.4061675269942911
0.3,0.92,0.55,20.0,0.01,100,2500,300,1146,973,173,-0.4694323808406824,-0.49352001049549665,-0.49352001049549665
0.3,0.92,0.55,20.0,0.01,200,750,150,1093,942,151,0.4427647084763999,0.43907426356383134,0.43907426356383134
0.3,0.92,0.55,20.0,0.01,200,750,300,974,838,136,-0.1798480157242909,0.517010071224502,-0.1798480157242909
0.3,0.92,0.55,20.0,0.01,200,1500,150,972,827,145,-0.1595702896649517,0.5960306839239798,-0.1595702896649517
0.3,0.92,0.55,20.0,0.01,200,1500,300,853,724,129,-0.3211499262724296,0.9988143565058958,-0.3211499262724296
0.3,0.92,0.55,20.0,0.01,200,2500,150,942,795,147,-0.0738326418506712,0.3178021807530633,-0.0738326418506712
0.3,0.92,0.55,20.0,0.01,200,2500,300,819,688,131,-0.1052562686493151,0.5121920098490947,-0.1052562686493151
0.3,0.92,0.55,20.0,0.01,400,750,150,983,845,138,-0.19043371681589058,0.5262522639402472,-0.19043371681589058
0.3,0.92,0.55,20.0,0.01,400,750,300,805,704,101,0.10064087867235726,1.0441311550396573,0.10064087867235726
0.3,0.92,0.55,20.0,0.01,400,1500,150,840,731,109,0.5786491190387022,0.8224409541407696,0.5786491190387022
0.3,0.92,0.55,20.0,0.01,400,1500,300,656,575,81,0.7709955890194434,0.8481081859018672,0.7709955890194434
0.3,0.92,0.55,20.0,0.01,400,2500,150,800,695,105,0.5367070021593326,0.19121353573266162,0.19121353573266162
0.3,0.92,0.55,20.0,0.01,400,2500,300,619,540,79,0.8155100766113326,0.12872866088342297,0.12872866088342297
0.3,0.92,0.55,20.0,0.01,500,750,150,980,848,132,0.2657565174358046,1.3301234939295878,0.2657565174358046
0.3,0.92,0.55,20.0,0.01,500,750,300,767,670,97,0.4561917336488116,1.591505942541579,0.4561917336488116
0.3,0.92,0.55,20.0,0.01,500,1500,150,820,706,114,0.5020053654120339,2.008106869384316,0.5020053654120339
0.3,0.92,0.55,20.0,0.01,500,1500,300,637,551,86,0.6098231133529467,1.320625015019783,0.6098231133529467
0.3,0.92,0.55,20.0,0.01,500,2500,150,781,678,103,0.9180308277603616,1.3103682785892687,0.9180308277603616
0.3,0.92,0.55,20.0,0.01,500,2500,300,587,512,75,0.9523753695244437,1.3708136033110225,0.9523753695244437
0.3,0.92,0.55,20.0,0.02,100,750,150,1282,1087,195,-0.14120529954400043,-0.5215012683277886,-0.5215012683277886
0.3,0.92,0.55,20.0,0.02,100,750,300,1204,1019,185,-0.6520549806067197,-0.4256960386774603,-0.6520549806067197
0.3,0.92,0.55,20.0,0.02,100,1500,150,1192,1007,185,-0.3297642087072721,-0.153429439475728,-0.3297642087072721
0.3,0.92,0.55,20.0,0.02,100,1500,300,1115,939,176,-0.42687047960379815,-0.19008506958473328,-0.42687047960379815
0.3,0.92,0.55,20.0,0.02,100,2500,150,1134,957,177,0.0717165111140518,-0.6325943342792446,-0.6325943342792446
0.3,0.92,0.55,20.0,0.02,100,2500,300,1042,876,166,-0.2736252507467383,-0.7756117933883326,-0.7756117933883326
0.3,0.92,0.55,20.0,0.02,200,750,150,976,835,141,0.3531131436826532,0.8686738370863047,0.3531131436826532
0.3,0.92,0.55,20.0,0.02,200,750,300,850,726,124,0.039634875214279615,0.799082614204637,0.039634875214279615
0.3,0.92,0.55,20.0,0.02,200,1500,150,875,734,141,-0.13644709261094481,1.1846044003037857,-0.13644709261094481
0.3,0.92,0.55,20.0,0.02,200,1500,300,752,628,124,-0.33941461595358363,1.046848373794567,-0.33941461595358363
0.3,0.92,0.55,20.0,0.02,200,2500,150,850,710,140,-0.09381284020838104,0.9668237687018195,-0.09381284020838104
0.3,0.92,0.55,20.0,0.02,200,2500,300,719,596,123,-0.2643424241072132,0.775640723362208,-0.2643424241072132
0.3,0.92,0.55,20.0,0.02,400,750,150,860,729,131,-0.039964474632294154,1.1687698523657026,-0.039964474632294154
0.3,0.92,0.55,20.0,0.02,400,750,300,675,582,93,0.26078764105572994,1.5117172606607259,0.26078764105572994
0.3,0.92,0.55,20.0,0.02,400,1500,150,735,631,104,0.7728252744151667,1.352308026575501,0.7728252744151667
0.3,0.92,0.55,20.0,0.02,400,1500,300,545,473,72,0.7979536989323767,1.8844604533385503,0.7979536989323767
0.3,0.92,0.55,20.0,0.02,400,2500,150,701,601,100,0.8262153157427532,0.3237219501762811,0.3237219501762811
0.3,0.92,0.55,20.0,0.02,400,2500,300,513,442,71,0.9696213641470994,0.2718673798436442,0.2718673798436442
0.3,0.92,0.55,20.0,0.02,500,750,150,861,733,128,0.5162848244684503,1.1569970088712158,0.5162848244684503
0.3,0.92,0.55,20.0,0.02,500,750,300,636,546,90,0.7605600572398279,1.6780255983817127,0.7605600572398279
0.3,0.92,0.55,20.0,0.02,500,1500,150,726,617,109,0.6035147636659488,2.2862332206563574,0.6035147636659488
0.3,0.92,0.55,20.0,0.02,500,1500,300,533,454,79,0.5918396995238552,1.9247521357554167,0.5918396995238552
0.3,0.92,0.55,20.0,0.02,500,2500,150,688,592,96,0.9828597584555037,1.5324363514069368,0.9828597584555037
0.3,0.92,0.55,20.0,0.02,500,2500,300,488,421,67,0.8815241432982994,1.014202596403877,0.8815241432982994
0.3,0.92,0.55,20.0,0.03,100,750,150,1266,1073,193,-0.16486383644731203,-0.48493009931170444,-0.48493009931170444
0.3,0.92,0.55,20.0,0.03,100,750,300,1182,999,183,-0.129922474962192,-0.5690232524457945,-0.5690232524457945
0.3,0.92,0.55,20.0,0.03,100,1500,150,1177,992,185,-0.30976462618553136,-0.1810836082501792,-0.30976462618553136
0.3,0.92,0.55,20.0,0.03,100,1500,300,1100,924,176,-0.5165319460062631,-0.1901480182234739,-0.5165319460062631
0.3,0.92,0.55,20.0,0.03,100,2500,150,1120,943,177,0.4084092397945697,-0.7087991684109176,-0.7087991684109176
0.3,0.92,0.55,20.0,0.03,100,2500,300,1028,862,166,-0.527337408154424,-0.8756093150298889,-0.8756093150298889
0.3,0.92,0.55,20.0,0.03,200,750,150,948,808,140,0.3257319732244596,0.5063380039334548,0.3257319732244596
0.3,0.92,0.55,20.0,0.03,200,750,300,807,684,123,-0.39057167988232766,0.5384383945483654,-0.39057167988232766
0.3,0.92,0.55,20.0,0.03,200,1500,150,854,713,141,-0.21111851025969816,0.7153313108749528,-0.21111851025969816
0.3,0.92,0.55,20.0,0.03,200,1500,300,722,598,124,-0.3878419938819988,0.590149937158406,-0.3878419938819988
0.3,0.92,0.55,20.0,0.03,200,2500,150,831,691,140,-0.0733170157752872,0.7337467311240712,-0.0733170157752872
0.3,0.92,0.55,20.0,0.03,200,2500,300,694,571,123,-0.17397954083985548,0.5692614567979749,-0.17397954083985548
0.3,0.92,0.55,20.0,0.03,400,750,150,838,708,130,0.10058303914726827,1.2051638458727612,0.10058303914726827
0.3,0.92,0.55,20.0,0.03,400,750,300,641,550,91,0.2864062644825546,1.6911032236738517,0.2864062644825546
0.3,0.92,0.55,20.0,0.03,400,1500,150,716,612,104,0.862875112201577,1.3251736569285604,0.862875112201577
0.3,0.92,0.55,20.0,0.03,400,1500,300,522,450,72,0.7230440802410519,1.815561553614517,0.7230440802410519
0.3,0.92,0.55,20.0,0.03,400,2500,150,680,581,99,0.757735469811728,0.5252056516788917,0.5252056516788917
0.3,0.92,0.55,20.0,0.03,400,2500,300,496,426,70,0.8186656138261321,0.3979227718573987,0.3979227718573987
0.3,0.92,0.55,20.0,0.03,500,750,150,838,712,126,0.37135695170717714,1.2323773064710681,0.37135695170717714
0.3,0.92,0.55,20.0,0.03,500,750,300,612,523,89,0.5751663256864652,1.9796271181981664,0.5751663256864652
0.3,0.92,0.55,20.0,0.03,500,1500,150,702,594,108,0.6819375753275831,2.801000427174159,0.6819375753275831
0.3,0.92,0.55,20.0,0.03,500,1500,300,506,429,77,0.7158294191400261,2.7820711186897915,0.7158294191400261
0.3,0.92,0.55,20.0,0.03,500,2500,150,664,568,96,0.9779899154062932,1.907220966724647,0.9779899154062932
0.3,0.92,0.55,20.0,0.03,500,2500,300,466,401,65,0.8495976006384046,1.8397224231465217,0.8495976006384046
0.3,0.92,0.55,20.0,0.05,100,750,150,1259,1067,192,-0.21744848655765317,-0.4403725511511636,-0.4403725511511636
0.3,0.92,0.55,20.0,0.05,100,750,300,1169,987,182,0.37932947136057055,-0.524156772696102,-0.524156772696102
0.3,0.92,0.55,20.0,0.05,100,1500,150,1170,986,184,0.11146887444172998,-0.13924378065217993,-0.13924378065217993
0.3,0.92,0.55,20.0,0.05,100,1500,300,1089,914,175,-0.24330952578738071,-0.14813677785289178,-0.24330952578738071
0.3,0.92,0.55,20.0,0.05,100,2500,150,1113,937,176,0.39045107573338267,-0.7992583021940395,-0.7992583021940395
0.3,0.92,0.55,20.0,0.05,100,2500,300,1016,851,165,0.5844204133242,-0.9615736612763439,-0.9615736612763439
0.3,0.92,0.55,20.0,0.05,200,750,150,931,791,140,0.05844296982032949,0.487820200549899,0.05844296982032949
0.3,0.92,0.55,20.0,0.05,200,750,300,792,669,123,-0.40530943207599796,0.49168805105289776,-0.40530943207599796
0.3,0.92,0.55,20.0,0.05,200,1500,150,839,699,140,-0.08006829151669922,0.6644227811491226,-0.08006829151669922
0.3,0.92,0.55,20.0,0.05,200,1500,300,704,581,123,-0.27877334939604326,0.4171228926478322,-0.27877334939604326
0.3,0.92,0.55,20.0,0.05,200,2500,150,815,675,140,0.04189195554328139,0.6098451358091148,0.04189195554328139
0.3,0.92,0.55,20.0,0.05,200,2500,300,676,553,123,-0.12583527136801562,0.3214452420519184,-0.12583527136801562
0.3,0.92,0.55,20.0,0.05,400,750,150,824,694,130,0.11945046541092803,0.860311744186569,0.11945046541092803
0.3,0.92,0.55,20.0,0.05,400,750,300,620,529,91,0.3300729028857918,1.3181095780706373,0.3300729028857918
0.3,0.92,0.55,20.0,0.05,400,1500,150,703,599,104,0.8442609703104166,1.140697491822032,0.8442609703104166
0.3,0.92,0.55,20.0,0.05,400,1500,300,508,436,72,0.6607281182608756,1.611868165415856,0.6607281182608756
0.3,0.92,0.55,20.0,0.05,400,2500,150,663,564,99,0.863924413673011,0.38790161538805784,0.38790161538805784
0.3,0.92,0.55,20.0,0.05,400,2500,300,475,405,70,0.8797088765558254,0.2546512922384138,0.2546512922384138
0.3,0.92,0.55,20.0,0.05,500,750,150,823,697,126,0.6157587468121525,1.0083350330336975,0.6157587468121525
0.3,0.92,0.55,20.0,0.05,500,750,300,585,497,88,0.7221698401751764,2.132471747030516,0.7221698401751764
0.3,0.92,0.55,20.0,0.05,500,1500,150,689,581,108,0.8162034014995099,2.801000427174159,0.8162034014995099
0.3,0.92,0.55,20.0,0.05,500,1500,300,489,412,77,0.7698856101396361,2.7820711186897915,0.7698856101396361
0.3,0.92,0.55,20.0,0.05,500,2500,150,657,561,96,1.1223852246846762,1.907220966724647,1.1223852246846762
0.3,0.92,0.55,20.0,0.05,500,2500,300,453,388,65,0.93941613067577,1.8846351943667297,0.93941613067577
0.3,0.92,0.55,25.0,0.01,100,750,150,1635,1387,248,0.5650525274553722,-0.08589910760992808,-0.08589910760992808
0.3,0.92,0.55,25.0,0.01,100,750,300,1548,1310,238,-0.062315973707489564,-0.05872284400589417,-0.062315973707489564
0.3,0.92,0.55,25.0,0.01,100,1500,150,1516,1281,235,-0.3798831185380904,0.7594966475080993,-0.3798831185380904
0.3,0.92,0.55,25.0,0.01,100,1500,300,1430,1206,224,-0.44351296381289507,0.8125479617296152,-0.44351296381289507
0.3,0.92,0.55,25.0,0.01,100,2500,150,1478,1248,230,-0.12623565983986132,0.520580148301311,-0.12623565983986132
0.3,0.92,0.55,25.0,0.01,100,2500,300,1371,1154,217,-0.09671902049414667,0.4354016772289887,-0.09671902049414667
0.3,0.92,0.55,25.0,0.01,200,750,150,1252,1080,172,-0.27671734523755487,0.8768220983436049,-0.27671734523755487
0.3,0.92,0.55,25.0,0.01,200,750,300,1103,949,154,-0.17742446536926246,1.1700643139207505,-0.17742446536926246
0.3,0.92,0.55,25.0,0.01,200,1500,150,1114,946,168,0.0015825696213632471,1.1484163879814089,0.0015825696213632471
0.3,0.92,0.55,25.0,0.01,200,1500,300,965,814,151,0.003489821176342674,0.9866392382629596,0.003489821176342674
0.3,0.92,0.55,25.0,0.01,200,2500,150,1086,923,163,0.06742387444394997,0.9103257497894583,0.06742387444394997
0.3,0.92,0.55,25.0,0.01,200,2500,300,921,777,144,0.21099470927886638,0.9627307412444516,0.21099470927886638
0.3,0.92,0.55,25.0,0.01,400,750,150,1122,967,155,0.03252034384668612,0.950812438829621,0.03252034384668612
0.3,0.92,0.55,25.0,0.01,400,750,300,892,776,116,0.20225624290613758,1.3239994486016429,0.20225624290613758
0.3,0.92,0.55,25.0,0.01,400,1500,150,950,827,123,0.5144638970752704,1.2684497531508538,0.5144638970752704
0.3,0.92,0.55,25.0,0.01,400,1500,300,727,637,90,0.7891095427370007,1.1722710915466608,0.7891095427370007
0.3,0.92,0.55,25.0,0.01,400,2500,150,913,793,120,0.4434907615624604,0.4942098558450808,0.4434907615624604
0.3,0.92,0.55,25.0,0.01,400,2500,300,677,592,85,0.71508596392262,0.35082093198086417,0.35082093198086417
0.3,0.92,0.55,25.0,0.01,500,750,150,1138,978,160,0.2853546168625483,1.5221377369047253,0.2853546168625483
0.3,0.92,0.55,25.0,0.01,500,750,300,853,736,117,0.5795905720060763,1.6521363508286928,0.5795905720060763
0.3,0.92,0.55,25.0,0.01,500,1500,150,933,800,133,0.3762808235246514,2.482126310298654,0.3762808235246514
0.3,0.92,0.55,25.0,0.01,500,1500,300,705,606,99,0.5340646312309573,2.0420205252374677,0.5340646312309573
0.3,0.92,0.55,25.0,0.01,500,2500,150,894,775,119,0.8989207145875576,1.7415873207987107,0.8989207145875576
0.3,0.92,0.55,25.0,0.01,500,2500,300,648,565,83,0.9671165067351516,1.661123160370867,0.9671165067351516
0.3,0.92,0.55,25.0,0.02,100,750,150,1494,1259,235,0.29334926017209373,0.05471265041157255,0.05471265041157255
0.3,0.92,0.55,25.0,0.02,100,750,300,1390,1166,224,-0.6564753519369368,-0.0012167184310985775,-0.6564753519369368
0.3,0.92,0.55,25.0,0.02,100,1500,150,1393,1166,227,0.2482215437002801,0.8736439910693137,0.2482215437002801
0.3,0.92,0.55,25.0,0.02,100,1500,300,1289,1074,215,0.025432426663759777,0.8294318895078805,0.025432426663759777
0.3,0.92,0.55,25.0,0.02,100,2500,150,1346,1126,220,-0.4022465917425091,0.40377833083646414,-0.4022465917425091
0.3,0.92,0.55,25.0,0.02,100,2500,300,1221,1014,207,0.3202431812872655,0.24399902941161,0.24399902941161
0.3,0.92,0.55,25.0,0.02,200,750,150,1096,935,161,-0.26477967002394603,1.2628005540472673,-0.26477967002394603
0.3,0.92,0.55,25.0,0.02,200,750,300,945,804,141,-0.19842158270859306,1.243310932793329,-0.19842158270859306
0.3,0.92,0.55,25.0,0.02,200,1500,150,985,824,161,-0.07083999397843356,2.1189436399140953,-0.07083999397843356
0.3,0.92,0.55,25.0,0.02,200,1500,300,836,693,143,0.02550000825886204,1.6732744412336873,0.02550000825886204
0.3,0.92,0.55,25.0,0.02,200,2500,150,965,807,158,0.05226700708011374,1.9412284426902717,0.05226700708011374
0.3,0.92,0.55,25.0,0.02,200,2500,300,799,661,138,0.29175580894333963,1.9155104689800915,0.29175580894333963
0.3,0.92,0.55,25.0,0.02,400,750,150,977,829,148,0.1394308515207288,1.0336972335039853,0.1394308515207288
0.3,0.92,0.55,25.0,0.02,400,750,300,741,630,111,0.23903446362401087,1.3850728386940745,0.23903446362401087
0.3,0.92,0.55,25.0,0.02,400,1500,150,843,725,118,0.626877214507223,0.8886548033448366,0.626877214507223
0.3,0.92,0.55,25.0,0.02,400,1500,300,608,526,82,0.7818725392743017,1.5625481014772962,0.7818725392743017
0.3,0.92,0.55,25.0,0.02,400,2500,150,804,691,113,0.5410681698173054,0.10086699094412618,0.10086699094412618
0.3,0.92,0.55,25.0,0.02,400,2500,300,565,487,78,0.8090044223557626,0.4524396764147113,0.4524396764147113
0.3,0.92,0.55,25.0,0.02,500,750,150,978,832,146,0.42650773281110776,1.3832245578161946,0.42650773281110776
0.3,0.92,0.55,25.0,0.02,500,750,300,702,599,103,0.7213125226898238,1.739201820377619,0.7213125226898238
0.3,0.92,0.55,25.0,0.02,500,1500,150,816,692,124,0.4674044736814392,2.4466191597937335,0.4674044736814392
0.3,0.92,0.55,25.0,0.02,500,1500,300,579,492,87,0.775582607574298,2.339625367823262,0.775582607574298
0.3,0.92,0.55,25.0,0.02,500,2500,150,784,671,113,0.8831689561154034,1.9525481256224977,0.8831689561154034
0.3,0.92,0.55,25.0,0.02,500,2500,300,535,459,76,1.0500084728548147,2.354268841093781,1.0500084728548147
0.3,0.92,0.55,25.0,0.03,100,750,150,1474,1241,233,0.4277675941873177,0.11682180479222885,0.11682180479222885
0.3,0.92,0.55,25.0,0.03,100,750,300,1360,1138,222,-0.38555587693565435,-0.09989294936196923,-0.38555587693565435
0.3,0.92,0.55,25.0,0.03,100,1500,150,1372,1145,227,-0.007132639730964513,0.9773423563583391,-0.007132639730964513
0.3,0.92,0.55,25.0,0.03,100,1500,300,1262,1047,215,-0.37800921588520153,0.9622244214670779,-0.37800921588520153
0.3,0.92,0.55,25.0,0.03,100,2500,150,1325,1105,220,0.296617195434836,0.5594964687894635,0.296617195434836
0.3,0.92,0.55,25.0,0.03,100,2500,300,1195,990,205,-0.30772359738465954,0.2676174794626123,-0.30772359738465954
0.3,0.92,0.55,25.0,0.03,200,750,150,1062,902,160,-0.3014655390870699,1.200426252718205,-0.3014655390870699
0.3,0.92,0.55,25.0,0.03,200,750,300,896,757,139,-0.08935536189190123,1.1211133549041477,-0.08935536189190123
0.3,0.92,0.55,25.0,0.03,200,1500,150,962,801,161,-0.028750441330995725,1.8125561526015697,-0.028750441330995725
0.3,0.92,0.55,25.0,0.03,200,1500,300,808,665,143,0.032806548110752655,1.2801320449420672,0.032806548110752655
0.3,0.92,0.55,25.0,0.03,200,2500,150,946,788,158,0.08821871911531756,1.843661317641048,0.08821871911531756
0.3,0.92,0.55,25.0,0.03,200,2500,300,776,638,138,0.3168493942421291,1.6510731523069269,0.3168493942421291
0.3,0.92,0.55,25.0,0.03,400,750,150,942,796,146,0.20430851373203246,0.9924118038352684,0.20430851373203246
0.3,0.92,0.55,25.0,0.03,400,750,300,698,590,108,0.2729822609899086,1.6740136101378469,0.2729822609899086
0.3,0.92,0.55,25.0,0.03,400,1500,150,812,694,118,0.7039521110507826,1.2319788309714972,0.7039521110507826
0.3,0.92,0.55,25.0,0.03,400,1500,300,576,494,82,0.7240322373820389,1.7645591416880766,0.7240322373820389
0.3,0.92,0.55,25.0,0.03,400,2500,150,776,664,112,0.5910774315579016,0.38280477465453366,0.38280477465453366
0.3,0.92,0.55,25.0,0.03,400,2500,300,540,463,77,0.7308193957343035,0.628388193724407,0.628388193724407
0.3,0.92,0.55,25.0,0.03,500,750,150,947,802,145,0.28851220261845534,1.5577784844355285,0.28851220261845534
0.3,0.92,0.55,25.0,0.03,500,750,300,668,567,101,0.5902867379164771,1.8306721053161705,0.5902867379164771
0.3,0.92,0.55,25.0,0.03,500,1500,150,786,663,123,0.6489141576562415,2.72510950131168,0.6489141576562415
0.3,0.92,0.55,25.0,0.03,500,1500,300,544,459,85,0.7926932774721208,2.9690787811481116,0.7926932774721208
0.3,0.92,0.55,25.0,0.03,500,2500,150,754,641,113,0.9496213567147519,2.016515976643299,0.9496213567147519
0.3,0.92,0.55,25.0,0.03,500,2500,300,507,432,75,1.0146300985451953,2.4963960021210783,1.0146300985451953
0.3,0.92,0.55,25.0,0.05,100,750,150,1461,1229,232,0.4218188163795831,0.16729874686325938,0.16729874686325938
0.3,0.92,0.55,25.0,0.05,100,750,300,1343,1122,221,-0.6104860870626425,-0.050114072310191986,-0.6104860870626425
0.3,0.92,0.55,25.0,0.05,100,1500,150,1361,1135,226,-0.25685802479450137,1.0266909479230324,-0.25685802479450137
0.3,0.92,0.55,25.0,0.05,100,1500,300,1248,1034,214,-0.37607002611322876,1.011528627417923,-0.37607002611322876
0.3,0.92,0.55,25.0,0.05,100,2500,150,1312,1093,219,0.03669771809337461,0.577787025863273,0.03669771809337461
0.3,0.92,0.55,25.0,0.05,100,2500,300,1177,973,204,0.24330327505197322,0.0931778693687299,0.0931778693687299
0.3,0.92,0.55,25.0,0.05,200,750,150,1038,878,160,-0.1722250332936366,1.1321143121238935,-0.1722250332936366
0.3,0.92,0.55,25.0,0.05,200,750,300,874,735,139,0.09424090465113422,1.030304099452088,0.09424090465113422
0.3,0.92,0.55,25.0,0.05,200,1500,150,945,785,160,0.10416384210650949,1.6872274087345425,0.10416384210650949
0.3,0.92,0.55,25.0,0.05,200,1500,300,788,646,142,0.13051345405427747,1.3955506239283584,0.13051345405427747
0.3,0.92,0.55,25.0,0.05,200,2500,150,928,770,158,0.18390671138374687,1.659389957144337,0.18390671138374687
0.3,0.92,0.55,25.0,0.05,200,2500,300,757,619,138,0.352496979081176,1.6371727330186348,0.352496979081176
0.3,0.92,0.55,25.0,0.05,400,750,150,922,776,146,0.21752676523847383,1.085369278756942,0.21752676523847383
0.3,0.92,0.55,25.0,0.05,400,750,300,666,558,108,0.42867160802640203,1.8052142283837014,0.42867160802640203
0.3,0.92,0.55,25.0,0.05,400,1500,150,792,674,118,0.7376998142142583,1.4692221040268434,0.7376998142142583
0.3,0.92,0.55,25.0,0.05,400,1500,300,552,470,82,0.756079465210411,2.1265875916316594,0.756079465210411
0.3,0.92,0.55,25.0,0.05,400,2500,150,752,640,112,0.6985494607139429,0.2489558113153627,0.2489558113153627
0.3,0.92,0.55,25.0,0.05,400,2500,300,510,433,77,0.8293229261365709,0.4675227176398899,0.4675227176398899
0.3,0.92,0.55,25.0,0.05,500,750,150,926,781,145,0.5920400417970098,1.3483286017033589,0.5920400417970098
0.3,0.92,0.55,25.0,0.05,500,750,300,637,537,100,0.7490259409979882,2.141620932701521,0.7490259409979882
0.3,0.92,0.55,25.0,0.05,500,1500,150,770,647,123,0.7494990310200926,2.72510950131168,0.7494990310200926
0.3,0.92,0.55,25.0,0.05,500,1500,300,523,438,85,0.84881461435968,2.9690787811481116,0.84881461435968
0.3,0.92,0.55,25.0,0.05,500,2500,150,742,630,112,1.0212013325615754,2.1306817223222323,1.0212013325615754
0.3,0.92,0.55,25.0,0.05,500,2500,300,489,414,75,1.0264957845338034,2.523503801584048,1.0264957845338034
0.3,0.92,0.55,30.0,0.01,100,750,150,1787,1531,256,-0.45591709134137715,0.21776551009003248,-0.45591709134137715
0.3,0.92,0.55,30.0,0.01,100,750,300,1677,1433,244,-0.14517455141795363,0.3803330623106521,-0.14517455141795363
0.3,0.92,0.55,30.0,0.01,100,1500,150,1663,1421,242,-0.4009199022708498,0.48800652412437917,-0.4009199022708498
0.3,0.92,0.55,30.0,0.01,100,1500,300,1551,1319,232,-0.35367597606302176,0.5928680298857172,-0.35367597606302176
0.3,0.92,0.55,30.0,0.01,100,2500,150,1633,1386,247,0.4129013761914939,0.22069100471033196,0.22069100471033196
0.3,0.92,0.55,30.0,0.01,100,2500,300,1498,1265,233,-0.38668890951658064,0.1420029589799967,-0.38668890951658064
0.3,0.92,0.55,30.0,0.01,200,750,150,1365,1183,182,0.14770691136941982,0.8929429953929761,0.14770691136941982
0.3,0.92,0.55,30.0,0.01,200,750,300,1195,1034,161,-0.23890304715385297,0.9867154342925146,-0.23890304715385297
0.3,0.92,0.55,30.0,0.01,200,1500,150,1213,1037,176,-0.2970204799329914,0.9974479230076465,-0.2970204799329914
0.3,0.92,0.55,30.0,0.01,200,1500,300,1050,894,156,-0.1348345103527476,0.6499381900841447,-0.1348345103527476
0.3,0.92,0.55,30.0,0.01,200,2500,150,1173,1001,172,-0.19871846181850547,0.5830781702753489,-0.19871846181850547
0.3,0.92,0.55,30.0,0.01,200,2500,300,994,841,153,0.12784522150935163,0.41512508050338415,0.12784522150935163
0.3,0.92,0.55,30.0,0.01,400,750,150,1236,1069,167,-0.0794241536566208,1.537789253271105,-0.0794241536566208
0.3,0.92,0.55,30.0,0.01,400,750,300,971,849,122,0.0808883915075667,1.444495488960355,0.0808883915075667
0.3,0.92,0.55,30.0,0.01,400,1500,150,1038,908,130,0.43784233470503636,1.4166898464718107,0.43784233470503636
0.3,0.92,0.55,30.0,0.01,400,1500,300,792,698,94,0.6997479052612645,1.2796066685165148,0.6997479052612645
0.3,0.92,0.55,30.0,0.01,400,2500,150,1003,871,132,0.39505887101310294,0.05084884210801523,0.05084884210801523
0.3,0.92,0.55,30.0,0.01,400,2500,300,748,654,94,0.596045049521074,-0.20107822978494208,-0.20107822978494208
0.3,0.92,0.55,30.0,0.01,500,750,150,1231,1069,162,0.1672639904640099,2.1414457279370844,0.1672639904640099
0.3,0.92,0.55,30.0,0.01,500,750,300,905,788,117,0.5979963823858626,1.9074920892524891,0.5979963823858626
0.3,0.92,0.55,30.0,0.01,500,1500,150,1011,870,141,0.4717091464513949,2.314783424638239,0.4717091464513949
0.3,0.92,0.55,30.0,0.01,500,1500,300,757,654,103,0.6674860001658286,1.9143323339140998,0.6674860001658286
0.3,0.92,0.55,30.0,0.01,500,2500,150,952,824,128,0.9288583144109649,1.5956065891583116,0.9288583144109649
0.3,0.92,0.55,30.0,0.01,500,2500,300,682,594,88,1.1527126991371253,1.3800852255484877,1.1527126991371253
0.3,0.92,0.55,30.0,0.02,100,750,150,1610,1367,243,0.3483694476286603,0.3898067414498094,0.3483694476286603
0.3,0.92,0.55,30.0,0.02,100,750,300,1484,1254,230,-0.16433412789615215,0.47261414769321003,-0.16433412789615215
0.3,0.92,0.55,30.0,0.02,100,1500,150,1492,1258,234,-0.3333529584637563,0.5543386093310032,-0.3333529584637563
0.3,0.92,0.55,30.0,0.02,100,1500,300,1368,1145,223,-0.4003337906470297,0.5621619761507889,-0.4003337906470297
0.3,0.92,0.55,30.0,0.02,100,2500,150,1460,1226,234,0.5537210095834268,0.2879913509730133,0.2879913509730133
0.3,0.92,0.55,30.0,0.02,100,2500,300,1315,1094,221,-0.24919892247894346,-0.005622665425162836,-0.24919892247894346
0.3,0.92,0.55,30.0,0.02,200,750,150,1174,1006,168,-0.2900750472382342,1.4201009727045264,-0.2900750472382342
0.3,0.92,0.55,30.0,0.02,200,750,300,993,847,146,-0.25018541258302557,1.3802484711237828,-0.25018541258302557
0.3,0.92,0.55,30.0,0.02,200,1500,150,1054,888,166,-0.18174288782521397,2.0448378541366425,-0.18174288782521397
0.3,0.92,0.55,30.0,0.02,200,1500,300,886,741,145,-0.029552828425105798,1.430929971008502,-0.029552828425105798
0.3,0.92,0.55,30.0,0.02,200,2500,150,1019,856,163,-0.009336496383587592,1.7035572602716484,-0.009336496383587592
0.3,0.92,0.55,30.0,0.02,200,2500,300,837,695,142,0.3030550864411775,1.4717008502020161,0.3030550864411775
0.3,0.92,0.55,30.0,0.02,400,750,150,1051,894,157,0.02040296711667727,1.2074669327163563,0.02040296711667727
0.3,0.92,0.55,30.0,0.02,400,750,300,780,667,113,0.16663046282803332,1.3588149209617197,0.16663046282803332
0.3,0.92,0.55,30.0,0.02,400,1500,150,906,779,127,0.5809878740571597,1.092113589174746,0.5809878740571597
0.3,0.92,0.55,30.0,0.02,400,1500,300,648,562,86,0.7011748915271312,1.758993491325087,0.7011748915271312
0.3,0.92,0.55,30.0,0.02,400,2500,150,863,740,123,0.4251739356935373,-0.026632229862182243,-0.026632229862182243
0.3,0.92,0.55,30.0,0.02,400,2500,300,603,520,83,0.5932062006820179,0.46883070631725376,0.46883070631725376
0.3,0.92,0.55,30.0,0.02,500,750,150,1040,888,152,0.29124758314252186,1.954183622147963,0.29124758314252186
0.3,0.92,0.55,30.0,0.02,500,750,300,732,626,106,0.7004815296165732,2.0373277471984363,0.7004815296165732
0.3,0.92,0.55,30.0,0.02,500,1500,150,870,737,133,0.5723250407173057,2.1895891813909025,0.5723250407173057
0.3,0.92,0.55,30.0,0.02,500,1500,300,609,518,91,0.7908541204272033,2.225124869577137,0.7908541204272033
0.3,0.92,0.55,30.0,0.02,500,2500,150,828,710,118,0.7862823660429372,1.8267473194001338,0.7862823660429372
0.3,0.92,0.55,30.0,0.02,500,2500,300,561,481,80,1.052594032590675,2.134527230813282,1.052594032590675
0.3,0.92,0.55,30.0,0.03,100,750,150,1578,1337,241,-0.08697396135763306,0.42795234435418844,-0.08697396135763306
0.3,0.92,0.55,30.0,0.03,100,750,300,1444,1216,228,-0.3995716110866718,0.3333908634474688,-0.3995716110866718
0.3,0.92,0.55,30.0,0.03,100,1500,150,1463,1230,233,0.3791077281708247,0.47313358254518584,0.3791077281708247
0.3,0.92,0.55,30.0,0.03,100,1500,300,1330,1108,222,-0.3090144596762327,0.508360998246403,-0.3090144596762327
0.3,0.92,0.55,30.0,0.03,100,2500,150,1431,1197,234,0.05356178772231083,0.36618953318379455,0.05356178772231083
0.3,0.92,0.55,30.0,0.03,100,2500,300,1279,1059,220,-0.19416853572578907,0.00737053008120662,-0.19416853572578907
0.3,0.92,0.55,30.0,0.03,200,750,150,1128,961,167,-0.550048653660551,1.2782450494755442,-0.550048653660551
0.3,0.92,0.55,30.0,0.03,200,750,300,937,793,144,-0.20368476111989967,1.1521983051023441,-0.20368476111989967
0.3,0.92,0.55,30.0,0.03,200,1500,150,1021,855,166,-0.26295634766868736,1.7565731010710364,-0.26295634766868736
0.3,0.92,0.55,30.0,0.03,200,1500,300,848,703,145,-0.082485260233645,1.1315892105989138,-0.082485260233645
0.3,0.92,0.55,30.0,0.03,200,2500,150,991,828,163,-0.11283497244624137,1.6421148791052302,-0.11283497244624137
0.3,0.92,0.55,30.0,0.03,200,2500,300,806,664,142,0.29175077788518583,1.3243932595450638,0.29175077788518583
0.3,0.92,0.55,30.0,0.03,400,750,150,1001,846,155,0.10042749685117275,1.3636505731176003,0.10042749685117275
0.3,0.92,0.55,30.0,0.03,400,750,300,726,616,110,0.19887413201272128,1.6629759687953587,0.19887413201272128
0.3,0.92,0.55,30.0,0.03,400,1500,150,861,736,125,0.5586171826790588,1.3518406594571772,0.5586171826790588
0.3,0.92,0.55,30.0,0.03,400,1500,300,600,516,84,0.7306105993533032,1.868146419238112,0.7306105993533032
0.3,0.92,0.55,30.0,0.03,400,2500,150,825,704,121,0.4007344120568205,0.5117619900889966,0.4007344120568205
0.3,0.92,0.55,30.0,0.03,400,2500,300,566,485,81,0.5747803582656447,1.121603077700783,0.5747803582656447
0.3,0.92,0.55,30.0,0.03,500,750,150,999,848,151,0.25403508846724654,2.033360122271016,0.25403508846724654
0.3,0.92,0.55,30.0,0.03,500,750,300,691,587,104,0.5617972837622656,2.0790753752424327,0.5617972837622656
0.3,0.92,0.55,30.0,0.03,500,1500,150,840,708,132,0.44349638075007486,2.5319874891139773,0.44349638075007486
0.3,0.92,0.55,30.0,0.03,500,1500,300,574,485,89,0.6874888089902103,2.821483256469015,0.6874888089902103
0.3,0.92,0.55,30.0,0.03,500,2500,150,789,672,117,0.7213142013121815,2.0401798682853354,0.7213142013121815
0.3,0.92,0.55,30.0,0.03,500,2500,300,527,449,78,1.0321982873926547,2.2890529292009223,1.0321982873926547
0.3,0.92,0.55,30.0,0.05,100,750,150,1565,1325,240,-0.68494339969772,0.48125336562211724,-0.68494339969772
0.3,0.92,0.55,30.0,0.05,100,750,300,1426,1199,227,-0.12625721896856557,0.38835905326992987,-0.12625721896856557
0.3,0.92,0.55,30.0,0.05,100,1500,150,1451,1219,232,0.5172543188281401,0.5783329212016636,0.5172543188281401
0.3,0.92,0.55,30.0,0.05,100,1500,300,1314,1093,221,-0.42300978082583024,0.6142740146101945,-0.42300978082583024
0.3,0.92,0.55,30.0,0.05,100,2500,150,1417,1184,233,0.3034199227463406,0.3836207008756462,0.3034199227463406
0.3,0.92,0.55,30.0,0.05,100,2500,300,1260,1041,219,-0.18887085063816267,-0.08278320315889946,-0.18887085063816267
0.3,0.92,0.55,30.0,0.05,200,750,150,1102,935,167,-0.15229474194503412,1.212138951080934,-0.15229474194503412
0.3,0.92,0.55,30.0,0.05,200,750,300,909,765,144,0.0022547729277966615,1.094381756851372,0.0022547729277966615
0.3,0.92,0.55,30.0,0.05,200,1500,150,998,833,165,-0.0718035441764174,1.6350933716398592,-0.0718035441764174
0.3,0.92,0.55,30.0,0.05,200,1500,300,821,677,144,0.01157902072160795,1.2565852875394627,0.01157902072160795
0.3,0.92,0.55,30.0,0.05,200,2500,150,970,807,163,0.012987222970008885,1.463844395186452,0.012987222970008885
0.3,0.92,0.55,30.0,0.05,200,2500,300,783,641,142,0.2701857490256079,1.3276740612025504,0.2701857490256079
0.3,0.92,0.55,30.0,0.05,400,750,150,980,825,155,0.07343402535440965,1.2902982483176437,0.07343402535440965
0.3,0.92,0.55,30.0,0.05,400,750,300,694,584,110,0.38091737682966703,1.5646956217553107,0.38091737682966703
0.3,0.92,0.55,30.0,0.05,400,1500,150,839,714,125,0.604035819031927,1.5980642937870881,0.604035819031927
0.3,0.92,0.55,30.0,0.05,400,1500,300,575,491,84,0.7149438724433401,2.243711936347571,0.7149438724433401
0.3,0.92,0.55,30.0,0.05,400,2500,150,797,676,121,0.5247346225072315,0.37684883831457816,0.37684883831457816
0.3,0.92,0.55,30.0,0.05,400,2500,300,535,454,81,0.683578473195593,0.9887187986598552,0.683578473195593
0.3,0.92,0.55,30.0,0.05,500,750,150,970,819,151,0.587767223500221,1.8673197297126238,0.587767223500221
0.3,0.92,0.55,30.0,0.05,500,750,300,652,549,103,0.7449107024875969,2.365566393193938,0.7449107024875969
0.3,0.92,0.55,30.0,0.05,500,1500,150,821,689,132,0.6634176455065249,2.5319874891139773,0.6634176455065249
0.3,0.92,0.55,30.0,0.05,500,1500,300,548,459,89,0.8556377886446391,2.821483256469015,0.8556377886446391
0.3,0.92,0.55,30.0,0.05,500,2500,150,774,657,117,0.875622123056094,2.0401798682853354,0.875622123056094
0.3,0.92,0.55,30.0,0.05,500,2500,300,508,430,78,1.0573468326313773,2.316480120177803,1.0573468326313773
0.3,0.92,0.55,35.0,0.01,100,750,150,1888,1620,268,0.11585386859296164,0.4902513583350359,0.11585386859296164
0.3,0.92,0.55,35.0,0.01,100,750,300,1766,1513,253,-0.2889883848319657,0.5814595184839234,-0.2889883848319657
0.3,0.92,0.55,35.0,0.01,100,1500,150,1748,1499,249,0.6218185752504465,0.40782293122199864,0.40782293122199864
0.3,0.92,0.55,35.0,0.01,100,1500,300,1627,1388,239,0.5294644057299419,0.5151506407341936,0.5151506407341936
0.3,0.92,0.55,35.0,0.01,100,2500,150,1708,1453,255,-0.45238331774072243,0.10893364820928274,-0.45238331774072243
0.3,0.92,0.55,35.0,0.01,100,2500,300,1564,1323,241,-0.41489158622552164,0.05730522377816263,-0.41489158622552164
0.3,0.92,0.55,35.0,0.01,200,750,150,1427,1239,188,-0.03207929957288464,1.0732287910921603,-0.03207929957288464
0.3,0.92,0.55,35.0,0.01,200,750,300,1244,1084,160,-0.16968590242606535,1.1662406450220493,-0.16968590242606535
0.3,0.92,0.55,35.0,0.01,200,1500,150,1298,1108,190,-0.059570674392462754,0.8914370954186844,-0.059570674392462754
0.3,0.92,0.55,35.0,0.01,200,1500,300,1110,948,162,0.04635934305799874,0.4371259724133926,0.04635934305799874
0.3,0.92,0.55,35.0,0.01,200,2500,150,1237,1061,176,-0.10276988165911392,0.6469513139956892,-0.10276988165911392
0.3,0.92,0.55,35.0,0.01,200,2500,300,1044,889,155,0.13151043800697443,0.441464051453086,0.13151043800697443
0.3,0.92,0.55,35.0,0.01,400,750,150,1309,1134,175,-0.023974773586078524,1.4659778523535911,-0.023974773586078524
0.3,0.92,0.55,35.0,0.01,400,750,300,1012,886,126,0.1587623781544137,1.3468439899921176,0.1587623781544137
0.3,0.92,0.55,35.0,0.01,400,1500,150,1107,965,142,0.5343265554680136,1.3514522550587824,0.5343265554680136
0.3,0.92,0.55,35.0,0.01,400,1500,300,834,732,102,0.8423795002163091,1.0812206577460584,0.8423795002163091
0.3,0.92,0.55,35.0,0.01,400,2500,150,1065,926,139,0.5276745402458927,0.03053250708000916,0.03053250708000916
0.3,0.92,0.55,35.0,0.01,400,2500,300,785,687,98,0.6722303787078997,-0.27747498217671995,-0.27747498217671995
0.3,0.92,0.55,35.0,0.01,500,750,150,1299,1131,168,0.11165062601687112,2.0418407263877154,0.11165062601687112
0.3,0.92,0.55,35.0,0.01,500,750,300,946,824,122,0.5912078674678825,1.889385136026392,0.5912078674678825
0.3,0.92,0.55,35.0,0.01,500,1500,150,1068,922,146,0.5242401933666975,2.308914721459371,0.5242401933666975
0.3,0.92,0.55,35.0,0.01,500,1500,300,782,676,106,0.7365976548741048,1.8731045732891176,0.7365976548741048
0.3,0.92,0.55,35.0,0.01,500,2500,150,1005,870,135,0.8351123404785897,1.6235548104368773,0.8351123404785897
0.3,0.92,0.55,35.0,0.01,500,2500,300,716,623,93,1.071820696211367,1.2020010054633299,1.071820696211367
0.3,0.92,0.55,35.0,0.02,100,750,150,1681,1427,254,-0.11481067833389051,0.5152503119647572,-0.11481067833389051
0.3,0.92,0.55,35.0,0.02,100,750,300,1543,1304,239,0.4001480710259254,0.5045541968601249,0.4001480710259254
0.3,0.92,0.55,35.0,0.02,100,1500,150,1552,1313,239,0.14067041128540528,0.6210618370983058,0.14067041128540528
0.3,0.92,0.55,35.0,0.02,100,1500,300,1423,1196,227,0.1859880449829431,0.654204390593887,0.1859880449829431
0.3,0.92,0.55,35.0,0.02,100,2500,150,1510,1269,241,-0.24994836890640776,0.3706392396536875,-0.24994836890640776
0.3,0.92,0.55,35.0,0.02,100,2500,300,1358,1132,226,-0.19011961818818515,0.05340048734183662,-0.19011961818818515
0.3,0.92,0.55,35.0,0.02,200,750,150,1224,1051,173,-0.11543700857004878,1.5189906902405816,-0.11543700857004878
0.3,0.92,0.55,35.0,0.02,200,750,300,1025,878,147,-0.27257082891916085,1.213471092663864,-0.27257082891916085
0.3,0.92,0.55,35.0,0.02,200,1500,150,1113,937,176,-0.10156870054274472,1.8342621428404673,-0.10156870054274472
0.3,0.92,0.55,35.0,0.02,200,1500,300,922,774,148,0.07980788502123048,1.0118970861320389,0.07980788502123048
0.3,0.92,0.55,35.0,0.02,200,2500,150,1070,903,167,-0.129112926978368,1.770802889731226,-0.129112926978368
0.3,0.92,0.55,35.0,0.02,200,2500,300,877,732,145,0.2174543126843263,1.3151550230692164,0.2174543126843263
0.3,0.92,0.55,35.0,0.02,400,750,150,1098,937,161,-0.0004493385232827258,0.9994733423951406,-0.0004493385232827258
0.3,0.92,0.55,35.0,0.02,400,750,300,806,691,115,0.22233952243643784,1.2258603794832672,0.22233952243643784
0.3,0.92,0.55,35.0,0.02,400,1500,150,948,811,137,0.6572994015828313,0.9922794655291635,0.6572994015828313
0.3,0.92,0.55,35.0,0.02,400,1500,300,670,579,91,0.8321632298622829,1.5861729030790825,0.8321632298622829
0.3,0.92,0.55,35.0,0.02,400,2500,150,906,779,127,0.4618484700382815,-0.13839926581186962,-0.13839926581186962
0.3,0.92,0.55,35.0,0.02,400,2500,300,625,539,86,0.6444796529725186,0.31201172612630196,0.31201172612630196
0.3,0.92,0.55,35.0,0.02,500,750,150,1081,926,155,0.32593233118564596,2.0049175344625643,0.32593233118564596
0.3,0.92,0.55,35.0,0.02,500,750,300,754,646,108,0.6977926267257365,2.1372615484254567,0.6977926267257365
0.3,0.92,0.55,35.0,0.02,500,1500,150,911,775,136,0.5519393430714299,2.1722036305335672,0.5519393430714299
0.3,0.92,0.55,35.0,0.02,500,1500,300,629,536,93,0.762926830439505,1.9571790342529616,0.762926830439505
0.3,0.92,0.55,35.0,0.02,500,2500,150,861,738,123,0.7744101075196863,1.8556845038136918,0.7744101075196863
0.3,0.92,0.55,35.0,0.02,500,2500,300,584,499,85,0.9833401355166347,1.835392977686296,0.9833401355166347
0.3,0.92,0.55,35.0,0.03,100,750,150,1642,1391,251,-0.7131085705376727,0.5069289946221945,-0.7131085705376727
0.3,0.92,0.55,35.0,0.03,100,750,300,1495,1260,235,-0.13211606382233207,0.32863712786168503,-0.13211606382233207
0.3,0.92,0.55,35.0,0.03,100,1500,150,1519,1281,238,-0.11514936306627768,0.527905479785993,-0.11514936306627768
0.3,0.92,0.55,35.0,0.03,100,1500,300,1381,1155,226,-0.33126054088176515,0.587223131810723,-0.33126054088176515
0.3,0.92,0.55,35.0,0.03,100,2500,150,1471,1231,240,-0.11175917301478097,0.4613875876632339,-0.11175917301478097
0.3,0.92,0.55,35.0,0.03,100,2500,300,1314,1090,224,-0.16600611541814242,0.10028966501317504,-0.16600611541814242
0.3,0.92,0.55,35.0,0.03,200,750,150,1179,1007,172,-0.2506448536145874,1.3422477299931148,-0.2506448536145874
0.3,0.92,0.55,35.0,0.03,200,750,300,966,821,145,-0.16558377910537803,1.0222597801932038,-0.16558377910537803
0.3,0.92,0.55,35.0,0.03,200,1500,150,1080,904,176,-0.20685875354151556,1.5572061569719409,-0.20685875354151556
0.3,0.92,0.55,35.0,0.03,200,1500,300,882,734,148,0.09950124085751001,1.0501108229659466,0.09950124085751001
0.3,0.92,0.55,35.0,0.03,200,2500,150,1036,870,166,-0.013380455661899073,1.6368487747435598,-0.013380455661899073
0.3,0.92,0.55,35.0,0.03,200,2500,300,834,690,144,0.29962353238347217,1.1058289796475789,0.29962353238347217
0.3,0.92,0.55,35.0,0.03,400,750,150,1043,885,158,0.004210516518573237,1.1124057821002633,0.004210516518573237
0.3,0.92,0.55,35.0,0.03,400,750,300,746,635,111,0.20925280855916095,1.4837691108996167,0.20925280855916095
0.3,0.92,0.55,35.0,0.03,400,1500,150,893,759,134,0.6766982849815449,1.2761324916894654,0.6766982849815449
0.3,0.92,0.55,35.0,0.03,400,1500,300,620,532,88,0.8021180178434466,1.70207336713629,0.8021180178434466
0.3,0.92,0.55,35.0,0.03,400,2500,150,856,731,125,0.4285006419100361,0.407153388076085,0.407153388076085
0.3,0.92,0.55,35.0,0.03,400,2500,300,584,500,84,0.6601085350748885,0.9981838347972577,0.6601085350748885
0.3,0.92,0.55,35.0,0.03,500,750,150,1036,882,154,0.233095505636233,1.8403293172524113,0.233095505636233
0.3,0.92,0.55,35.0,0.03,500,750,300,710,604,106,0.4784138712260786,1.95499940934088,0.4784138712260786
0.3,0.92,0.55,35.0,0.03,500,1500,150,874,739,135,0.4249069621817924,2.5223256754775654,0.4249069621817924
0.3,0.92,0.55,35.0,0.03,500,1500,300,587,496,91,0.6710901256739334,2.4185624169536224,0.6710901256739334
0.3,0.92,0.55,35.0,0.03,500,2500,150,816,694,122,0.706747396238414,2.0687539484552357,0.706747396238414
0.3,0.92,0.55,35.0,0.03,500,2500,300,547,464,83,0.9741687389204755,1.93547593690621,0.9741687389204755
0.3,0.92,0.55,35.0,0.05,100,750,150,1627,1377,250,0.02085832698642262,0.5585988084341621,0.02085832698642262
0.3,0.92,0.55,35.0,0.05,100,750,300,1474,1240,234,0.15483425611541154,0.38188738283251017,0.15483425611541154
0.3,0.92,0.55,35.0,0.05,100,1500,150,1503,1266,237,-0.3695390428842649,0.6294495875008808,-0.3695390428842649
0.3,0.92,0.55,35.0,0.05,100,1500,300,1361,1136,225,-0.304380264203357,0.6899573032138522,-0.304380264203357
0.3,0.92,0.55,35.0,0.05,100,2500,150,1456,1217,239,-0.4252552561907054,0.47812394388622387,-0.4252552561907054
0.3,0.92,0.55,35.0,0.05,100,2500,300,1294,1071,223,-0.12520092969443325,0.013683975048685165,-0.12520092969443325
0.3,0.92,0.55,35.0,0.05,200,750,150,1153,981,172,-0.1584170157422403,1.275463940557081,-0.1584170157422403
0.3,0.92,0.55,35.0,0.05,200,750,300,936,791,145,0.004244964507525965,0.971434417143052,0.004244964507525965
0.3,0.92,0.55,35.0,0.05,200,1500,150,1050,875,175,-0.10480001410381494,1.4503363976263852,-0.10480001410381494
0.3,0.92,0.55,35.0,0.05,200,1500,300,851,704,147,0.1521944567544626,0.9705005783908817,0.1521944567544626
0.3,0.92,0.55,35.0,0.05,200,2500,150,1015,849,166,-0.00434212171329642,1.4557498699917784,-0.00434212171329642
0.3,0.92,0.55,35.0,0.05,200,2500,300,810,666,144,0.28104741331250965,1.1143041878189452,0.28104741331250965
0.3,0.92,0.55,35.0,0.05,400,750,150,1011,853,158,-0.010204729115695262,1.240399460183804,-0.010204729115695262
0.3,0.92,0.55,35.0,0.05,400,750,300,709,598,111,0.36308719221520547,1.3374045930159268,0.36308719221520547
0.3,0.92,0.55,35.0,0.05,400,1500,150,871,737,134,0.7178050183852854,1.5130510890594733,0.7178050183852854
0.3,0.92,0.55,35.0,0.05,400,1500,300,593,505,88,0.8097637650164394,2.0543242643327977,0.8097637650164394
0.3,0.92,0.55,35.0,0.05,400,2500,150,822,697,125,0.4880779182695683,0.2799388821388323,0.2799388821388323
0.3,0.92,0.55,35.0,0.05,400,2500,300,550,466,84,0.6860029502912639,0.8718732060312142,0.6860029502912639
0.3,0.92,0.55,35.0,0.05,500,750,150,1002,848,154,0.5456774084744284,1.6743394978588435,0.5456774084744284
0.3,0.92,0.55,35.0,0.05,500,750,300,668,563,105,0.7994862391892591,2.2327524113450266,0.7994862391892591
0.3,0.92,0.55,35.0,0.05,500,1500,150,845,710,135,0.724482116223802,2.5223256754775654,0.724482116223802
0.3,0.92,0.55,35.0,0.05,500,1500,300,557,466,91,0.9560630508333154,2.486398694664539,0.9560630508333154
0.3,0.92,0.55,35.0,0.05,500,2500,150,800,678,122,0.8830636229376218,2.0687539484552357,0.8830636229376218
0.3,0.92,0.55,35.0,0.05,500,2500,300,523,440,83,1.0716177307785404,1.9617739243504202,1.0716177307785404
0.3,0.92,0.6,15.0,0.01,100,750,150,902,773,129,0.16658555200825073,-0.368712548219318,-0.368712548219318
0.3,0.92,0.6,15.0,0.01,100,750,300,864,739,125,-0.08779652821214455,-0.20089286430403913,-0.20089286430403913
0.3,0.92,0.6,15.0,0.01,100,1500,150,833,709,124,-0.3357224975496396,-0.4734910032246713,-0.4734910032246713
0.3,0.92,0.6,15.0,0.01,100,1500,300,786,667,119,-0.22290720447176304,-0.201553637777622,-0.22290720447176304
0.3,0.92,0.6,15.0,0.01,100,2500,150,791,668,123,0.34110452892868687,0.05676493251930345,0.05676493251930345
0.3,0.92,0.6,15.0,0.01,100,2500,300,746,628,118,-0.6883022495568384,0.24099660009234394,-0.6883022495568384
0.3,0.92,0.6,15.0,0.01,200,750,150,764,654,110,-0.15138663843478684,1.0768343815167718,-0.15138663843478684
0.3,0.92,0.6,15.0,0.01,200,750,300,690,584,106,-0.11815907774859163,1.2274075289172421,-0.11815907774859163
0.3,0.92,0.6,15.0,0.01,200,1500,150,692,582,110,0.24268464682605784,0.6129646954104729,0.24268464682605784
0.3,0.92,0.6,15.0,0.01,200,1500,300,619,516,103,0.2615352542827825,0.9642390972859318,0.2615352542827825
0.3,0.92,0.6,15.0,0.01,200,2500,150,674,570,104,0.05634327768003716,0.45765373229600353,0.05634327768003716
0.3,0.92,0.6,15.0,0.01,200,2500,300,604,507,97,-0.030943764466528807,0.9538825573118566,-0.030943764466528807
0.3,0.92,0.6,15.0,0.01,400,750,150,675,576,99,0.14522593519634852,0.14403944115311076,0.14403944115311076
0.3,0.92,0.6,15.0,0.01,400,750,300,581,502,79,0.4775872451393599,0.8061694070532203,0.4775872451393599
0.3,0.92,0.6,15.0,0.01,400,1500,150,592,506,86,0.47220428467510783,0.954378996232483,0.47220428467510783
0.3,0.92,0.6,15.0,0.01,400,1500,300,494,428,66,0.6842842656342131,1.6226168027722143,0.6842842656342131
0.3,0.92,0.6,15.0,0.01,400,2500,150,568,488,80,0.38580815917804906,0.6021839148303354,0.38580815917804906
0.3,0.92,0.6,15.0,0.01,400,2500,300,471,409,62,0.6746921527258182,0.953883734662873,0.6746921527258182
0.3,0.92,0.6,15.0,0.01,500,750,150,704,596,108,0.24847128709849645,1.6972947259369144,0.24847128709849645
0.3,0.92,0.6,15.0,0.01,500,750,300,584,506,78,0.44496140397280415,1.9960209035076397,0.44496140397280415
0.3,0.92,0.6,15.0,0.01,500,1500,150,603,513,90,0.31661386690571075,2.035439989982125,0.31661386690571075
0.3,0.92,0.6,15.0,0.01,500,1500,300,496,427,69,0.4715897813066318,2.1707085939412445,0.4715897813066318
0.3,0.92,0.6,15.0,0.01,500,2500,150,560,481,79,0.7331731841599578,2.383755884320778,0.7331731841599578
0.3,0.92,0.6,15.0,0.01,500,2500,300,457,399,58,0.7598401283337918,2.433758339219086,0.7598401283337918
0.3,0.92,0.6,15.0,0.02,100,750,150,857,731,126,0.1614139488143009,-0.11631369940373122,-0.11631369940373122
0.3,0.92,0.6,15.0,0.02,100,750,300,814,693,121,0.6063778517994025,0.006196532244750735,0.006196532244750735
0.3,0.92,0.6,15.0,0.02,100,1500,150,792,669,123,0.15947816617293206,-0.0030939810780651177,-0.0030939810780651177
0.3,0.92,0.6,15.0,0.02,100,1500,300,740,624,116,0.30712097133698635,0.09375344322699143,0.09375344322699143
0.3,0.92,0.6,15.0,0.02,100,2500,150,747,627,120,-0.49547340551183416,0.20324977050180426,-0.49547340551183416
0.3,0.92,0.6,15.0,0.02,100,2500,300,693,580,113,-0.6723519475506773,0.3269350902964266,-0.6723519475506773
0.3,0.92,0.6,15.0,0.02,200,750,150,709,602,107,-0.041670753837800244,0.9660961720336074,-0.041670753837800244
0.3,0.92,0.6,15.0,0.02,200,750,300,627,525,102,-0.15192045386856154,0.9829009825425682,-0.15192045386856154
0.3,0.92,0.6,15.0,0.02,200,1500,150,647,540,107,0.1426927090028967,0.2665058973798709,0.1426927090028967
0.3,0.92,0.6,15.0,0.02,200,1500,300,568,469,99,0.15923947968610214,0.47299682614526667,0.15923947968610214
0.3,0.92,0.6,15.0,0.02,200,2500,150,625,522,103,0.0026862725863390884,0.10051204739557239,0.0026862725863390884
0.3,0.92,0.6,15.0,0.02,200,2500,300,552,457,95,-0.1447891478260793,0.4273249608245666,-0.1447891478260793
0.3,0.92,0.6,15.0,0.02,400,750,150,621,525,96,0.27172428010612953,0.760144566726994,0.27172428010612953
0.3,0.92,0.6,15.0,0.02,400,750,300,512,437,75,0.5661164322085094,1.1226304498013067,0.5661164322085094
0.3,0.92,0.6,15.0,0.02,400,1500,150,547,465,82,0.6552645437450644,1.0648410483693342,0.6552645437450644
0.3,0.92,0.6,15.0,0.02,400,1500,300,427,366,61,0.8202358904082815,1.7824176146031594,0.8202358904082815
0.3,0.92,0.6,15.0,0.02,400,2500,150,519,441,78,0.7442938976815324,1.020198980355818,0.7442938976815324
0.3,0.92,0.6,15.0,0.02,400,2500,300,398,340,58,0.882020460888379,1.0675777846745327,0.882020460888379
0.3,0.92,0.6,15.0,0.02,500,750,150,647,543,104,0.31561904373383304,1.960122699690456,0.31561904373383304
0.3,0.92,0.6,15.0,0.02,500,750,300,505,429,76,0.6145914931312105,2.3018150829025776,0.6145914931312105
0.3,0.92,0.6,15.0,0.02,500,1500,150,555,467,88,0.5648740971301018,2.205301794572666,0.5648740971301018
0.3,0.92,0.6,15.0,0.02,500,1500,300,427,363,64,0.6776993927528898,2.2221999359794355,0.6776993927528898
0.3,0.92,0.6,15.0,0.02,500,2500,150,513,437,76,0.7107487543195298,2.2119461515975205,0.7107487543195298
0.3,0.92,0.6,15.0,0.02,500,2500,300,394,339,55,0.8076088023505472,1.7840370633870726,0.8076088023505472
0.3,0.92,0.6,15.0,0.03,100,750,150,849,723,126,0.4005406253765083,-0.09642015429879328,-0.09642015429879328
0.3,0.92,0.6,15.0,0.03,100,750,300,802,682,120,0.3125228453767878,0.007851039044858349,0.007851039044858349
0.3,0.92,0.6,15.0,0.03,100,1500,150,781,658,123,0.20634123201235288,0.0765857719488345,0.0765857719488345
0.3,0.92,0.6,15.0,0.03,100,1500,300,728,612,116,-0.5697898412009051,0.2715574658952869,-0.5697898412009051
0.3,0.92,0.6,15.0,0.03,100,2500,150,737,617,120,-0.2522822516985396,0.2347985508719558,-0.2522822516985396
0.3,0.92,0.6,15.0,0.03,100,2500,300,682,570,112,-0.6029177441066262,0.3608590713864175,-0.6029177441066262
0.3,0.92,0.6,15.0,0.03,200,750,150,696,590,106,-0.03945422120509141,0.659116651875229,-0.03945422120509141
0.3,0.92,0.6,15.0,0.03,200,750,300,607,506,101,-0.11785673657448724,0.7941188495892417,-0.11785673657448724
0.3,0.92,0.6,15.0,0.03,200,1500,150,630,523,107,0.0644233571987398,-0.05660442734523242,-0.05660442734523242
0.3,0.92,0.6,15.0,0.03,200,1500,300,545,446,99,0.09318258858600631,0.13845286807610316,0.09318258858600631
0.3,0.92,0.6,15.0,0.03,200,2500,150,612,509,103,-0.07645187030151153,0.039082373217095366,-0.07645187030151153
0.3,0.92,0.6,15.0,0.03,200,2500,300,537,442,95,-0.22729947971139972,0.35754660738819893,-0.22729947971139972
0.3,0.92,0.6,15.0,0.03,400,750,150,611,516,95,0.283468870668794,0.6399315582450702,0.283468870668794
0.3,0.92,0.6,15.0,0.03,400,750,300,497,423,74,0.6398884450412284,1.4445987018952358,0.6398884450412284
0.3,0.92,0.6,15.0,0.03,400,1500,150,535,453,82,0.6031041510224376,1.3585644390401836,0.6031041510224376
0.3,0.92,0.6,15.0,0.03,400,1500,300,412,351,61,0.7739179118513729,2.280499892372529,0.7739179118513729
0.3,0.92,0.6,15.0,0.03,400,2500,150,509,432,77,0.6745744653929693,1.0600422027109473,0.6745744653929693
0.3,0.92,0.6,15.0,0.03,400,2500,300,385,328,57,0.8837680072391597,1.2293746032051844,0.8837680072391597
0.3,0.92,0.6,15.0,0.03,500,750,150,641,538,103,0.31313079196905585,1.9062931737561195,0.31313079196905585
0.3,0.92,0.6,15.0,0.03,500,750,300,492,416,76,0.5292950266465345,2.3343316659860185,0.5292950266465345
0.3,0.92,0.6,15.0,0.03,500,1500,150,544,456,88,0.5587881085304859,2.4816889203277976,0.5587881085304859
0.3,0.92,0.6,15.0,0.03,500,1500,300,413,349,64,0.5648530172486429,2.4533895640077152,0.5648530172486429
0.3,0.92,0.6,15.0,0.03,500,2500,150,504,428,76,0.6961859111043298,2.496000650296776,0.6961859111043298
0.3,0.92,0.6,15.0,0.03,500,2500,300,381,326,55,0.8570414081693521,2.1854817083390317,0.8570414081693521
0.3,0.92,0.6,15.0,0.05,100,750,150,847,722,125,-0.35014905250673384,-0.03691615721082524,-0.35014905250673384
0.3,0.92,0.6,15.0,0.05,100,750,300,798,679,119,0.446551674967873,0.0767047028944696,0.0767047028944696
0.3,0.92,0.6,15.0,0.05,100,1500,150,776,654,122,0.10399749584360332,0.1298721887320182,0.10399749584360332
0.3,0.92,0.6,15.0,0.05,100,1500,300,720,605,115,-0.6254855231740121,0.3326646206705388,-0.6254855231740121
0.3,0.92,0.6,15.0,0.05,100,2500,150,735,615,120,0.5449871277971863,0.2347985508719558,0.2347985508719558
0.3,0.92,0.6,15.0,0.05,100,2500,300,677,565,112,-0.5455027275784736,0.3608590713864175,-0.5455027275784736
0.3,0.92,0.6,15.0,0.05,200,750,150,689,583,106,-0.038398177378839736,0.6660355433815388,-0.038398177378839736
0.3,0.92,0.6,15.0,0.05,200,750,300,599,498,101,-0.23268575306932102,0.7948460601006039,-0.23268575306932102
0.3,0.92,0.6,15.0,0.05,200,1500,150,621,515,106,0.08719171949493723,-0.020173794190516917,-0.020173794190516917
0.3,0.92,0.6,15.0,0.05,200,1500,300,533,435,98,0.05654147585437824,0.16995142176685374,0.05654147585437824
0.3,0.92,0.6,15.0,0.05,200,2500,150,605,502,103,-0.13438658950394694,-0.04550135319490948,-0.13438658950394694
0.3,0.92,0.6,15.0,0.05,200,2500,300,530,435,95,-0.3999889398074464,0.25852853936895287,-0.3999889398074464
0.3,0.92,0.6,15.0,0.05,400,750,150,607,512,95,0.1255557047327472,0.6399315582450702,0.1255557047327472
0.3,0.92,0.6,15.0,0.05,400,750,300,486,412,74,0.5644485752377066,1.4445987018952358,0.5644485752377066
0.3,0.92,0.6,15.0,0.05,400,1500,150,532,450,82,0.5580774297275263,1.3585644390401836,0.5580774297275263
0.3,0.92,0.6,15.0,0.05,400,1500,300,408,347,61,0.7088191299749771,2.280499892372529,0.7088191299749771
0.3,0.92,0.6,15.0,0.05,400,2500,150,505,428,77,0.7030518280369207,1.0600422027109473,0.7030518280369207
0.3,0.92,0.6,15.0,0.05,400,2500,300,377,320,57,1.0206459708031037,1.2293746032051844,1.0206459708031037
0.3,0.92,0.6,15.0,0.05,500,750,150,632,529,103,0.3770305540310035,1.9062931737561195,0.3770305540310035
0.3,0.92,0.6,15.0,0.05,500,750,300,478,403,75,0.5530607946513366,2.78015208948542,0.5530607946513366
0.3,0.92,0.6,15.0,0.05,500,1500,150,536,448,88,0.500728225849568,2.4816889203277976,0.500728225849568
0.3,0.92,0.6,15.0,0.05,500,1500,300,400,336,64,0.57204252801758,2.4533895640077152,0.57204252801758
0.3,0.92,0.6,15.0,0.05,500,2500,150,498,422,76,0.7543536136009154,2.496000650296776,0.7543536136009154
0.3,0.92,0.6,15.0,0.05,500,2500,300,373,318,55,0.8762177425989681,2.199209576834867,0.8762177425989681
0.3,0.92,0.6,20.0,0.01,100,750,150,1387,1183,204,-0.4491865659222963,-0.8986252226414106,-0.8986252226414106
0.3,0.92,0.6,20.0,0.01,100,750,300,1321,1126,195,0.6637147954105359,-0.5228397174823608,-0.5228397174823608
0.3,0.92,0.6,20.0,0.01,100,1500,150,1272,1085,187,0.18283617428484716,-0.32654146247469257,-0.32654146247469257
0.3,0.92,0.6,20.0,0.01,100,1500,300,1202,1024,178,-0.5065556958262788,-0.3226393948585385,-0.5065556958262788
0.3,0.92,0.6,20.0,0.01,100,2500,150,1220,1039,181,0.42314254763486486,-0.04713643374438949,-0.04713643374438949
0.3,0.92,0.6,20.0,0.01,100,2500,300,1139,969,170,-0.47912836917864604,-0.15984649463725292,-0.47912836917864604
0.3,0.92,0.6,20.0,0.01,200,750,150,1090,939,151,-0.449919845863094,0.4036189817350023,-0.449919845863094
0.3,0.92,0.6,20.0,0.01,200,750,300,964,828,136,-0.17690525659831335,0.7241226628205849,-0.17690525659831335
0.3,0.92,0.6,20.0,0.01,200,1500,150,969,825,144,-0.020617852949033472,0.6342035751436295,-0.020617852949033472
0.3,0.92,0.6,20.0,0.01,200,1500,300,847,718,129,-0.15720336259818116,0.945614821594675,-0.15720336259818116
0.3,0.92,0.6,20.0,0.01,200,2500,150,942,795,147,-0.04948682524007037,-0.18327806508869876,-0.18327806508869876
0.3,0.92,0.6,20.0,0.01,200,2500,300,818,685,133,-0.16344155018103332,-0.008431589164877334,-0.16344155018103332
0.3,0.92,0.6,20.0,0.01,400,750,150,982,844,138,-0.16898675444272301,0.24502323876058446,-0.16898675444272301
0.3,0.92,0.6,20.0,0.01,400,750,300,803,703,100,0.08098024068908319,0.8439823878316054,0.08098024068908319
0.3,0.92,0.6,20.0,0.01,400,1500,150,840,731,109,0.5422857511868476,0.7569411467549408,0.5422857511868476
0.3,0.92,0.6,20.0,0.01,400,1500,300,656,575,81,0.7267942025056411,0.8599960261422573,0.7267942025056411
0.3,0.92,0.6,20.0,0.01,400,2500,150,800,695,105,0.5917480031236669,0.3376550316295992,0.3376550316295992
0.3,0.92,0.6,20.0,0.01,400,2500,300,618,539,79,0.8819945252341312,0.22269603093776386,0.22269603093776386
0.3,0.92,0.6,20.0,0.01,500,750,150,979,847,132,0.2947977833204018,1.365869422432028,0.2947977833204018
0.3,0.92,0.6,20.0,0.01,500,750,300,765,668,97,0.465333396027349,1.552991751581173,0.465333396027349
0.3,0.92,0.6,20.0,0.01,500,1500,150,820,706,114,0.5678017830266175,2.0573685492038476,0.5678017830266175
0.3,0.92,0.6,20.0,0.01,500,1500,300,638,552,86,0.6596604168469083,1.4117974455510778,0.6596604168469083
0.3,0.92,0.6,20.0,0.01,500,2500,150,781,678,103,0.9068599231900468,1.2552334022487008,0.9068599231900468
0.3,0.92,0.6,20.0,0.01,500,2500,300,587,512,75,0.9272786595596519,1.1467470012143801,0.9272786595596519
0.3,0.92,0.6,20.0,0.02,100,750,150,1276,1079,197,-0.07470489971962073,-0.7800928434904466,-0.7800928434904466
0.3,0.92,0.6,20.0,0.02,100,750,300,1197,1010,187,0.17154927928462474,-0.5224137291651746,-0.5224137291651746
0.3,0.92,0.6,20.0,0.02,100,1500,150,1180,998,182,0.01553774221458228,-0.225010134860387,-0.225010134860387
0.3,0.92,0.6,20.0,0.02,100,1500,300,1098,926,172,0.006861610556273474,-0.29428764650406164,-0.29428764650406164
0.3,0.92,0.6,20.0,0.02,100,2500,150,1128,953,175,0.24623055837226357,-0.12929765691272674,-0.12929765691272674
0.3,0.92,0.6,20.0,0.02,100,2500,300,1032,869,163,0.42786615818566975,-0.2501017526264686,-0.2501017526264686
0.3,0.92,0.6,20.0,0.02,200,750,150,973,832,141,-0.16924573305439797,1.012548777505951,-0.16924573305439797
0.3,0.92,0.6,20.0,0.02,200,750,300,841,717,124,-0.5596505179553881,1.193905239280949,-0.5596505179553881
0.3,0.92,0.6,20.0,0.02,200,1500,150,872,732,140,-0.04473575270839273,1.0962829439866602,-0.04473575270839273
0.3,0.92,0.6,20.0,0.02,200,1500,300,746,623,123,-0.23033659908547896,0.8252264476863479,-0.23033659908547896
0.3,0.92,0.6,20.0,0.02,200,2500,150,850,710,140,-0.08283740002361806,0.5196401516086059,-0.08283740002361806
0.3,0.92,0.6,20.0,0.02,200,2500,300,718,594,124,-0.2604666437844835,0.27688346977354633,-0.2604666437844835
0.3,0.92,0.6,20.0,0.02,400,750,150,859,728,131,-0.03046541332134806,0.9343483033577265,-0.03046541332134806
0.3,0.92,0.6,20.0,0.02,400,750,300,672,580,92,0.22595720003287262,1.3820922865749925,0.22595720003287262
0.3,0.92,0.6,20.0,0.02,400,1500,150,735,631,104,0.7363115315826411,1.2071439090537,0.7363115315826411
0.3,0.92,0.6,20.0,0.02,400,1500,300,544,472,72,0.8324833743190442,1.9958595467710651,0.8324833743190442
0.3,0.92,0.6,20.0,0.02,400,2500,150,700,600,100,0.869488945629577,0.5194388230907871,0.5194388230907871
0.3,0.92,0.6,20.0,0.02,400,2500,300,513,442,71,1.023377775278559,0.44644698159752877,0.44644698159752877
0.3,0.92,0.6,20.0,0.02,500,750,150,860,732,128,0.4949863299208713,1.2329966756667614,0.4949863299208713
0.3,0.92,0.6,20.0,0.02,500,750,300,635,545,90,0.7392310279552878,1.6693897552196786,0.7392310279552878
0.3,0.92,0.6,20.0,0.02,500,1500,150,726,617,109,0.6328164303351822,2.3342248603651385,0.6328164303351822
0.3,0.92,0.6,20.0,0.02,500,1500,300,534,455,79,0.6102950669672933,1.7366475197744211,0.6102950669672933
0.3,0.92,0.6,20.0,0.02,500,2500,150,688,592,96,0.972113707065944,1.4713174449496218,0.972113707065944
0.3,0.92,0.6,20.0,0.02,500,2500,300,488,421,67,0.8588231045934354,0.8529696427020826,0.8529696427020826
0.3,0.92,0.6,20.0,0.03,100,750,150,1259,1064,195,-0.2865686433912506,-0.7364109931895648,-0.7364109931895648
0.3,0.92,0.6,20.0,0.03,100,750,300,1171,987,184,-0.1433348797299428,-0.675531409691574,-0.675531409691574
0.3,0.92,0.6,20.0,0.03,100,1500,150,1164,982,182,-0.7095453259622054,-0.25267589868627516,-0.7095453259622054
0.3,0.92,0.6,20.0,0.03,100,1500,300,1080,908,172,-0.4508881500399168,-0.3222992474785793,-0.4508881500399168
0.3,0.92,0.6,20.0,0.03,100,2500,150,1114,939,175,0.11826014931875235,-0.24289693178823304,-0.24289693178823304
0.3,0.92,0.6,20.0,0.03,100,2500,300,1017,854,163,0.3061821588445602,-0.38963760199705516,-0.38963760199705516
0.3,0.92,0.6,20.0,0.03,200,750,150,944,804,140,-0.594990011498822,0.5906965336133365,-0.594990011498822
0.3,0.92,0.6,20.0,0.03,200,750,300,799,676,123,0.667080660688306,0.8876294451800988,0.667080660688306
0.3,0.92,0.6,20.0,0.03,200,1500,150,851,711,140,-0.12664536408433474,0.6425091702107585,-0.12664536408433474
0.3,0.92,0.6,20.0,0.03,200,1500,300,716,593,123,-0.26965799210823066,0.3659412194645635,-0.26965799210823066
0.3,0.92,0.6,20.0,0.03,200,2500,150,831,691,140,-0.0761845756441652,0.2744572087418216,-0.0761845756441652
0.3,0.92,0.6,20.0,0.03,200,2500,300,692,568,124,-0.17654787176617548,0.11598733709843796,-0.17654787176617548
0.3,0.92,0.6,20.0,0.03,400,750,150,837,707,130,0.10114503819195042,0.9717823064039159,0.10114503819195042
0.3,0.92,0.6,20.0,0.03,400,750,300,639,549,90,0.2389876070547898,1.5470065112167577,0.2389876070547898
0.3,0.92,0.6,20.0,0.03,400,1500,150,716,612,104,0.8300479503952503,1.17967051748327,0.8300479503952503
0.3,0.92,0.6,20.0,0.03,400,1500,300,521,449,72,0.7866602988696767,1.9221672691386678,0.7866602988696767
0.3,0.92,0.6,20.0,0.03,400,2500,150,679,580,99,0.7954849788646648,0.7107949806719946,0.7107949806719946
0.3,0.92,0.6,20.0,0.03,400,2500,300,496,426,70,0.8826604888607699,0.5416756012152342,0.5416756012152342
0.3,0.92,0.6,20.0,0.03,500,750,150,837,711,126,0.3793770090705607,1.288291591402411,0.3793770090705607
0.3,0.92,0.6,20.0,0.03,500,750,300,611,522,89,0.5351912754457624,1.8660490674036507,0.5351912754457624
0.3,0.92,0.6,20.0,0.03,500,1500,150,702,594,108,0.6934200628558983,2.8566128315269266,0.6934200628558983
0.3,0.92,0.6,20.0,0.03,500,1500,300,507,430,77,0.6899661885450332,2.6551261688175996,0.6899661885450332
0.3,0.92,0.6,20.0,0.03,500,2500,150,664,568,96,0.982038249592767,1.8535731193297809,0.982038249592767
0.3,0.92,0.6,20.0,0.03,500,2500,300,466,401,65,0.8369285387113626,1.7672536805633026,0.8369285387113626
0.3,0.92,0.6,20.0,0.05,100,750,150,1251,1057,194,-0.5055948699282095,-0.6972255077085445,-0.6972255077085445
0.3,0.92,0.6,20.0,0.05,100,750,300,1156,973,183,-0.620305953826279,-0.6333671250903973,-0.6333671250903973
0.3,0.92,0.6,20.0,0.05,100,1500,150,1157,976,181,-0.39107984449096234,-0.21149490741059476,-0.39107984449096234
0.3,0.92,0.6,20.0,0.05,100,1500,300,1068,897,171,-0.2940632988098269,-0.2816955290206653,-0.2940632988098269
0.3,0.92,0.6,20.0,0.05,100,2500,150,1107,933,174,0.4655920483848189,-0.351278291599576,-0.351278291599576
0.3,0.92,0.6,20.0,0.05,100,2500,300,1005,843,162,-0.024288354723565615,-0.49555186075333585,-0.49555186075333585
0.3,0.92,0.6,20.0,0.05,200,750,150,927,787,140,0.4226381976604607,0.608688550805863,0.4226381976604607
0.3,0.92,0.6,20.0,0.05,200,750,300,785,662,123,-0.32201289321563514,0.8764515152674939,-0.32201289321563514
0.3,0.92,0.6,20.0,0.05,200,1500,150,836,697,139,0.021253993657981387,0.5903776312191958,0.021253993657981387
0.3,0.92,0.6,20.0,0.05,200,1500,300,698,576,122,-0.14113527801197023,0.20919410077305264,-0.14113527801197023
0.3,0.92,0.6,20.0,0.05,200,2500,150,815,675,140,0.04834593195093607,0.16298348761695056,0.04834593195093607
0.3,0.92,0.6,20.0,0.05,200,2500,300,674,550,124,-0.13408128310458328,-0.10525592381466498,-0.13408128310458328
0.3,0.92,0.6,20.0,0.05,400,750,150,823,693,130,0.14250842139494446,0.6387925330493768,0.14250842139494446
0.3,0.92,0.6,20.0,0.05,400,750,300,618,528,90,0.3016064081718139,1.2298704301386383,0.3016064081718139
0.3,0.92,0.6,20.0,0.05,400,1500,150,703,599,104,0.8207852093539497,1.0010456030843347,0.8207852093539497
0.3,0.92,0.6,20.0,0.05,400,1500,300,507,435,72,0.7275826304193699,1.735495842868787,0.7275826304193699
0.3,0.92,0.6,20.0,0.05,400,2500,150,662,563,99,0.8983205053800066,0.562249162927425,0.562249162927425
0.3,0.92,0.6,20.0,0.05,400,2500,300,475,405,70,0.9493918277000304,0.38891754565136377,0.38891754565136377
0.3,0.92,0.6,20.0,0.05,500,750,150,822,696,126,0.6229875299932182,1.0650820192478976,0.6229875299932182
0.3,0.92,0.6,20.0,0.05,500,750,300,584,496,88,0.6761453416245582,2.082366276907054,0.6761453416245582
0.3,0.92,0.6,20.0,0.05,500,1500,150,689,581,108,0.8083086024007818,2.8566128315269266,0.8083086024007818
0.3,0.92,0.6,20.0,0.05,500,1500,300,490,413,77,0.7420867500958173,2.6551261688175996,0.7420867500958173
0.3,0.92,0.6,20.0,0.05,500,2500,150,657,561,96,1.090553941940259,1.8535731193297809,1.090553941940259
0.3,0.92,0.6,20.0,0.05,500,2500,300,453,388,65,0.9151660035781037,1.779165344498357,0.9151660035781037
0.3,0.92,0.6,25.0,0.01,100,750,150,1625,1376,249,-0.2207342324877689,-0.22213976425068566,-0.22213976425068566
0.3,0.92,0.6,25.0,0.01,100,750,300,1535,1296,239,-0.14890832261089235,-0.018227833775232002,-0.14890832261089235
0.3,0.92,0.6,25.0,0.01,100,1500,150,1504,1273,231,-0.3427209148476275,0.42705190326009873,-0.3427209148476275
0.3,0.92,0.6,25.0,0.01,100,1500,300,1412,1192,220,-0.42716961059642106,0.4611317311280153,-0.42716961059642106
0.3,0.92,0.6,25.0,0.01,100,2500,150,1468,1241,227,-0.0992633909250082,0.8269049110648128,-0.0992633909250082
0.3,0.92,0.6,25.0,0.01,100,2500,300,1362,1149,213,0.38095850943280596,0.5183909795956305,0.38095850943280596
0.3,0.92,0.6,25.0,0.01,200,750,150,1253,1081,172,-0.3278177910481784,0.821210847003323,-0.3278177910481784
0.3,0.92,0.6,25.0,0.01,200,750,300,1093,938,155,-0.2588313794907616,1.3904214289700096,-0.2588313794907616
0.3,0.92,0.6,25.0,0.01,200,1500,150,1110,943,167,0.11402932035175678,1.1102004381625352,0.11402932035175678
0.3,0.92,0.6,25.0,0.01,200,1500,300,952,804,148,0.11932450625424057,0.9754472655446341,0.11932450625424057
0.3,0.92,0.6,25.0,0.01,200,2500,150,1086,923,163,0.05966221252558373,0.5677083099707162,0.05966221252558373
0.3,0.92,0.6,25.0,0.01,200,2500,300,918,773,145,0.14767396842122865,0.5071534733959311,0.14767396842122865
0.3,0.92,0.6,25.0,0.01,400,750,150,1122,966,156,0.07377470200857787,0.8429541411681027,0.07377470200857787
0.3,0.92,0.6,25.0,0.01,400,750,300,890,775,115,0.23323689507660952,1.2269104887049327,0.23323689507660952
0.3,0.92,0.6,25.0,0.01,400,1500,150,950,827,123,0.49850945403050356,1.2106563929888368,0.49850945403050356
0.3,0.92,0.6,25.0,0.01,400,1500,300,727,637,90,0.7581453643547025,1.2817211667484987,0.7581453643547025
0.3,0.92,0.6,25.0,0.01,400,2500,150,914,794,120,0.4930954083969734,0.6452152307864936,0.4930954083969734
0.3,0.92,0.6,25.0,0.01,400,2500,300,677,592,85,0.7850140167353593,0.547972122249502,0.547972122249502
0.3,0.92,0.6,25.0,0.01,500,750,150,1137,977,160,0.2837426146898777,1.5153218864262856,0.2837426146898777
0.3,0.92,0.6,25.0,0.01,500,750,300,852,735,117,0.56070527583313,1.6134895500913398,0.56070527583313
0.3,0.92,0.6,25.0,0.01,500,1500,150,933,800,133,0.45527439245236057,2.3742736115721277,0.45527439245236057
0.3,0.92,0.6,25.0,0.01,500,1500,300,706,607,99,0.5593452883174672,1.9161029163159757,0.5593452883174672
0.3,0.92,0.6,25.0,0.01,500,2500,150,894,775,119,0.8958134317746385,1.6965500480256555,0.8958134317746385
0.3,0.92,0.6,25.0,0.01,500,2500,300,648,565,83,0.9340164858182255,1.4125330853365619,0.9340164858182255
0.3,0.92,0.6,25.0,0.02,100,750,150,1485,1249,236,-0.09236979799377772,-0.08193240144646913,-0.09236979799377772
0.3,0.92,0.6,25.0,0.02,100,750,300,1378,1153,225,0.7123422331009822,0.004545562844549563,0.004545562844549563
0.3,0.92,0.6,25.0,0.02,100,1500,150,1380,1157,223,-0.42991474611784813,0.6123178012437973,-0.42991474611784813
0.3,0.92,0.6,25.0,0.02,100,1500,300,1271,1060,211,-0.3269943067712097,0.5431826682037267,-0.3269943067712097
0.3,0.92,0.6,25.0,0.02,100,2500,150,1336,1119,217,0.059491486279033653,0.8859541115953831,0.059491486279033653
0.3,0.92,0.6,25.0,0.02,100,2500,300,1210,1007,203,0.16867346186711388,0.56062507282674,0.16867346186711388
0.3,0.92,0.6,25.0,0.02,200,750,150,1096,934,162,0.24118605237380014,1.2562447928661562,0.24118605237380014
0.3,0.92,0.6,25.0,0.02,200,750,300,938,796,142,-0.27630770394538035,1.557639930950305,-0.27630770394538035
0.3,0.92,0.6,25.0,0.02,200,1500,150,982,822,160,0.08737142070765497,1.9938038921197763,0.08737142070765497
0.3,0.92,0.6,25.0,0.02,200,1500,300,825,685,140,0.10954960342936564,1.5347413738314089,0.10954960342936564
0.3,0.92,0.6,25.0,0.02,200,2500,150,966,807,159,0.0616569427454338,1.6235352431069892,0.0616569427454338
0.3,0.92,0.6,25.0,0.02,200,2500,300,798,658,140,0.2658722519601052,1.5498509748673421,0.2658722519601052
0.3,0.92,0.6,25.0,0.02,400,750,150,977,828,149,0.15790562530261065,0.9827172067897088,0.15790562530261065
0.3,0.92,0.6,25.0,0.02,400,750,300,738,628,110,0.2387913373208575,1.3542916012924457,0.2387913373208575
0.3,0.92,0.6,25.0,0.02,400,1500,150,843,725,118,0.6394902975560799,0.7928265505738499,0.6394902975560799
0.3,0.92,0.6,25.0,0.02,400,1500,300,608,526,82,0.8033053361067419,1.6742550891538408,0.8033053361067419
0.3,0.92,0.6,25.0,0.02,400,2500,150,804,691,113,0.6263576730120215,0.2473308863595775,0.2473308863595775
0.3,0.92,0.6,25.0,0.02,400,2500,300,565,487,78,0.8790795868878516,0.5382870169836144,0.5382870169836144
0.3,0.92,0.6,25.0,0.02,500,750,150,977,831,146,0.4234488647753773,1.351412648362674,0.4234488647753773
0.3,0.92,0.6,25.0,0.02,500,750,300,702,599,103,0.6811541236709577,1.8034015358865025,0.6811541236709577
0.3,0.92,0.6,25.0,0.02,500,1500,150,816,692,124,0.47659702069742316,2.3791405247679855,0.47659702069742316
0.3,0.92,0.6,25.0,0.02,500,1500,300,580,493,87,0.7511581875502514,2.159489774199469,0.7511581875502514
0.3,0.92,0.6,25.0,0.02,500,2500,150,784,671,113,0.882318339471523,1.9311893941498437,0.882318339471523
0.3,0.92,0.6,25.0,0.02,500,2500,300,535,459,76,1.0457122051400138,2.1828692495405577,1.0457122051400138
0.3,0.92,0.6,25.0,0.03,100,750,150,1463,1229,234,0.04893345360176727,-0.010219767022570568,-0.010219767022570568
0.3,0.92,0.6,25.0,0.03,100,750,300,1344,1122,222,-0.4257216361972509,-0.10224503798705456,-0.4257216361972509
0.3,0.92,0.6,25.0,0.03,100,1500,150,1357,1134,223,0.24372213464456044,0.7189667657174696,0.24372213464456044
0.3,0.92,0.6,25.0,0.03,100,1500,300,1240,1030,210,-0.3431084763076184,0.593824744640368,-0.3431084763076184
0.3,0.92,0.6,25.0,0.03,100,2500,150,1316,1099,217,-0.3559719416468367,1.0283437309837962,-0.3559719416468367
0.3,0.92,0.6,25.0,0.03,100,2500,300,1184,983,201,-0.3272888372334186,0.5318307584543455,-0.3272888372334186
0.3,0.92,0.6,25.0,0.03,200,750,150,1062,901,161,-0.2617312987275983,1.1052801186177592,-0.2617312987275983
0.3,0.92,0.6,25.0,0.03,200,750,300,889,749,140,-0.23095704510830772,1.3269613482569056,-0.23095704510830772
0.3,0.92,0.6,25.0,0.03,200,1500,150,959,799,160,0.0992818964873922,1.6958528267092752,0.0992818964873922
0.3,0.92,0.6,25.0,0.03,200,1500,300,798,658,140,0.10967766392594734,1.1259266229141611,0.10967766392594734
0.3,0.92,0.6,25.0,0.03,200,2500,150,947,788,159,0.07534833832067392,1.496592426766997,0.07534833832067392
0.3,0.92,0.6,25.0,0.03,200,2500,300,774,634,140,0.300552201452196,1.3008584035994466,0.300552201452196
0.3,0.92,0.6,25.0,0.03,400,750,150,942,795,147,0.20329814669373042,0.9326292249227349,0.20329814669373042
0.3,0.92,0.6,25.0,0.03,400,750,300,696,589,107,0.24563902333861867,1.6259769455036328,0.24563902333861867
0.3,0.92,0.6,25.0,0.03,400,1500,150,812,694,118,0.7227772567025403,1.1492699855186992,0.7227772567025403
0.3,0.92,0.6,25.0,0.03,400,1500,300,575,493,82,0.7777182605034889,1.839126771832534,0.7777182605034889
0.3,0.92,0.6,25.0,0.03,400,2500,150,776,664,112,0.6866536312231178,0.5218768666691593,0.5218768666691593
0.3,0.92,0.6,25.0,0.03,400,2500,300,540,463,77,0.800768811489353,0.7066186727032674,0.7066186727032674
0.3,0.92,0.6,25.0,0.03,500,750,150,946,801,145,0.2600672654123516,1.5023484513275476,0.2600672654123516
0.3,0.92,0.6,25.0,0.03,500,750,300,668,567,101,0.5460922174522184,1.8407337966513049,0.5460922174522184
0.3,0.92,0.6,25.0,0.03,500,1500,150,786,663,123,0.6271634947470686,2.653293550705279,0.6271634947470686
0.3,0.92,0.6,25.0,0.03,500,1500,300,545,460,85,0.7323697858274512,2.787592866514346,0.7323697858274512
0.3,0.92,0.6,25.0,0.03,500,2500,150,754,641,113,0.9506827223165019,1.9947987337005777,0.9506827223165019
0.3,0.92,0.6,25.0,0.03,500,2500,300,507,432,75,1.0026509264030223,2.402476713752304,1.0026509264030223
0.3,0.92,0.6,25.0,0.05,100,750,150,1450,1217,233,0.6217221108465899,0.03835631366444109,0.03835631366444109
0.3,0.92,0.6,25.0,0.05,100,750,300,1326,1105,221,-0.44779278829476254,-0.05269420641318708,-0.44779278829476254
0.3,0.92,0.6,25.0,0.05,100,1500,150,1346,1124,222,-0.41986365086315075,0.7673008488159154,-0.41986365086315075
0.3,0.92,0.6,25.0,0.05,100,1500,300,1225,1016,209,-0.33496933742113977,0.6410433699449862,-0.33496933742113977
0.3,0.92,0.6,25.0,0.05,100,2500,150,1303,1087,216,0.10614017790530669,1.0502852089924501,0.10614017790530669
0.3,0.92,0.6,25.0,0.05,100,2500,300,1166,966,200,-0.051851787894346225,0.4837037199010611,-0.051851787894346225
0.3,0.92,0.6,25.0,0.05,200,750,150,1038,877,161,-0.23685538509660234,1.0414412649911404,-0.23685538509660234
0.3,0.92,0.6,25.0,0.05,200,750,300,869,729,140,-0.024993888828261604,1.2417300209638884,-0.024993888828261604
0.3,0.92,0.6,25.0,0.05,200,1500,150,942,783,159,0.2331163634411145,1.5788141245468765,0.2331163634411145
0.3,0.92,0.6,25.0,0.05,200,1500,300,778,639,139,0.20611926874582917,1.2641151303954015,0.20611926874582917
0.3,0.92,0.6,25.0,0.05,200,2500,150,929,770,159,0.17956021885196935,1.3175088645630049,0.17956021885196935
0.3,0.92,0.6,25.0,0.05,200,2500,300,755,615,140,0.31976172688355947,1.3364178300175673,0.31976172688355947
0.3,0.92,0.6,25.0,0.05,400,750,150,922,775,147,0.22624674646861948,1.027032566761203,0.22624674646861948
0.3,0.92,0.6,25.0,0.05,400,750,300,663,556,107,0.41429446321651736,1.7991529147233676,0.41429446321651736
0.3,0.92,0.6,25.0,0.05,400,1500,150,792,674,118,0.7411268176797747,1.3849843547491343,0.7411268176797747
0.3,0.92,0.6,25.0,0.05,400,1500,300,551,469,82,0.8052860828845545,2.1720154923599484,0.8052860828845545
0.3,0.92,0.6,25.0,0.05,400,2500,150,752,640,112,0.7930844120417322,0.38113177579870156,0.38113177579870156
0.3,0.92,0.6,25.0,0.05,400,2500,300,510,433,77,0.9069701016420552,0.5375926351491669,0.5375926351491669
0.3,0.92,0.6,25.0,0.05,500,750,150,925,780,145,0.5426214090899527,1.2907518841756562,0.5426214090899527
0.3,0.92,0.6,25.0,0.05,500,750,300,637,537,100,0.6890644475330928,2.2270853564648356,0.6890644475330928
0.3,0.92,0.6,25.0,0.05,500,1500,150,770,647,123,0.7180216319648185,2.653293550705279,0.7180216319648185
0.3,0.92,0.6,25.0,0.05,500,1500,300,524,439,85,0.8098536215334076,2.787592866514346,0.8098536215334076
0.3,0.92,0.6,25.0,0.05,500,2500,150,742,630,112,0.985858850746971,2.108981685280231,0.985858850746971
0.3,0.92,0.6,25.0,0.05,500,2500,300,489,414,75,0.995050163320896,2.410411273376275,0.995050163320896
0.3,0.92,0.6,30.0,0.01,100,750,150,1779,1522,257,0.06994981810452466,0.08460555887467122,0.06994981810452466
0.3,0.92,0.6,30.0,0.01,100,750,300,1667,1422,245,0.6735422259278662,0.36704420589765024,0.36704420589765024
0.3,0.92,0.6,30.0,0.01,100,1500,150,1649,1412,237,-0.015456630366378692,0.1681197076547117,-0.015456630366378692
0.3,0.92,0.6,30.0,0.01,100,1500,300,1527,1301,226,-0.26366023826002777,0.30033166063745664,-0.26366023826002777
0.3,0.92,0.6,30.0,0.01,100,2500,150,1625,1380,245,-0.5847526501781308,0.6039186622670561,-0.5847526501781308
0.3,0.92,0.6,30.0,0.01,100,2500,300,1491,1262,229,-0.4255425341849835,0.3977808771794957,-0.4255425341849835
0.3,0.92,0.6,30.0,0.01,200,750,150,1365,1183,182,-0.26542890135295794,0.7398180726011288,-0.26542890135295794
0.3,0.92,0.6,30.0,0.01,200,750,300,1184,1022,162,-0.28770280097966255,1.0982114919849468,-0.28770280097966255
0.3,0.92,0.6,30.0,0.01,200,1500,150,1207,1032,175,-0.15456842089888945,1.047539467536328,-0.15456842089888945
0.3,0.92,0.6,30.0,0.01,200,1500,300,1039,884,155,-0.03836436173828896,0.5594899166549291,-0.03836436173828896
0.3,0.92,0.6,30.0,0.01,200,2500,150,1171,999,172,-0.20749749311820587,0.20340190788638954,-0.20749749311820587
0.3,0.92,0.6,30.0,0.01,200,2500,300,991,837,154,0.08056968523113302,-0.12880983684068387,-0.12880983684068387
0.3,0.92,0.6,30.0,0.01,400,750,150,1237,1069,168,-0.01129769530401221,1.5159905694325007,-0.01129769530401221
0.3,0.92,0.6,30.0,0.01,400,750,300,970,848,122,0.12866119351695757,1.4162603211722398,0.12866119351695757
0.3,0.92,0.6,30.0,0.01,400,1500,150,1038,908,130,0.40950010547702526,1.342985864181672,0.40950010547702526
0.3,0.92,0.6,30.0,0.01,400,1500,300,790,696,94,0.681894374940964,1.3491206748759725,0.681894374940964
0.3,0.92,0.6,30.0,0.01,400,2500,150,1004,872,132,0.4115294335057513,0.17449129331925622,0.17449129331925622
0.3,0.92,0.6,30.0,0.01,400,2500,300,748,654,94,0.6415786513975699,-0.11323506568688121,-0.11323506568688121
0.3,0.92,0.6,30.0,0.01,500,750,150,1230,1068,162,0.15629892291734104,2.149506501493727,0.15629892291734104
0.3,0.92,0.6,30.0,0.01,500,750,300,904,787,117,0.545862891251406,1.998379207374841,0.545862891251406
0.3,0.92,0.6,30.0,0.01,500,1500,150,1012,871,141,0.5133415628172996,2.2122533950947476,0.5133415628172996
0.3,0.92,0.6,30.0,0.01,500,1500,300,759,656,103,0.666720294268285,1.8200498068160351,0.666720294268285
0.3,0.92,0.6,30.0,0.01,500,2500,150,952,824,128,0.9022276234164813,1.5248871764391103,0.9022276234164813
0.3,0.92,0.6,30.0,0.01,500,2500,300,682,594,88,1.129413754503407,1.1147929312364782,1.1147929312364782
0.3,0.92,0.6,30.0,0.02,100,750,150,1602,1358,244,-0.13085022687333417,0.19650682597353958,-0.13085022687333417
0.3,0.92,0.6,30.0,0.02,100,750,300,1473,1242,231,0.1892881804930364,0.3914767553775242,0.1892881804930364
0.3,0.92,0.6,30.0,0.02,100,1500,150,1479,1249,230,0.537790229799994,0.4239309609626483,0.4239309609626483
0.3,0.92,0.6,30.0,0.02,100,1500,300,1347,1130,217,-0.39529546410448,0.3019724346287224,-0.39529546410448
0.3,0.92,0.6,30.0,0.02,100,2500,150,1453,1221,232,-0.014612420557186203,0.7541096669424459,-0.014612420557186203
0.3,0.92,0.6,30.0,0.02,100,2500,300,1306,1089,217,-0.27134841319558645,0.441686639465532,-0.27134841319558645
0.3,0.92,0.6,30.0,0.02,200,750,150,1174,1005,169,0.28528209414397365,1.258594213875572,0.28528209414397365
0.3,0.92,0.6,30.0,0.02,200,750,300,986,839,147,-0.313532015042213,1.533219495014098,-0.313532015042213
0.3,0.92,0.6,30.0,0.02,200,1500,150,1050,885,165,-0.017521425301026818,1.9964015560832722,-0.017521425301026818
0.3,0.92,0.6,30.0,0.02,200,1500,300,877,734,143,0.036315956298564,1.2221320038338155,0.036315956298564
0.3,0.92,0.6,30.0,0.02,200,2500,150,1018,854,164,-0.02842267810702009,1.342282082057903,-0.02842267810702009
0.3,0.92,0.6,30.0,0.02,200,2500,300,835,691,144,0.273069178299528,1.0972585307039007,0.273069178299528
0.3,0.92,0.6,30.0,0.02,400,750,150,1052,894,158,0.06939065096584983,1.1779425858124632,0.06939065096584983
0.3,0.92,0.6,30.0,0.02,400,750,300,777,665,112,0.177323679609637,1.3520472430277553,0.177323679609637
0.3,0.92,0.6,30.0,0.02,400,1500,150,906,779,127,0.5594203264746921,1.0174019561260932,0.5594203264746921
0.3,0.92,0.6,30.0,0.02,400,1500,300,645,559,86,0.712261105270249,1.8775527512531192,0.712261105270249
0.3,0.92,0.6,30.0,0.02,400,2500,150,863,740,123,0.4874572409664944,0.07834975846949736,0.07834975846949736
0.3,0.92,0.6,30.0,0.02,400,2500,300,603,520,83,0.6557989397129057,0.4590385057169221,0.4590385057169221
0.3,0.92,0.6,30.0,0.02,500,750,150,1038,886,152,0.24994126949404127,1.9439661503203731,0.24994126949404127
0.3,0.92,0.6,30.0,0.02,500,750,300,731,625,106,0.6168691355705186,2.1216448556832948,0.6168691355705186
0.3,0.92,0.6,30.0,0.02,500,1500,150,870,737,133,0.5730092861835823,2.1562402381037873,0.5730092861835823
0.3,0.92,0.6,30.0,0.02,500,1500,300,609,518,91,0.7548086548251882,2.084146516243315,0.7548086548251882
0.3,0.92,0.6,30.0,0.02,500,2500,150,828,710,118,0.7580489213903764,1.7623629151652915,0.7580489213903764
0.3,0.92,0.6,30.0,0.02,500,2500,300,561,481,80,1.031486422716791,1.9381545425038407,1.031486422716791
0.3,0.92,0.6,30.0,0.03,100,750,150,1568,1326,242,-0.3315497891895821,0.23598142567948846,-0.3315497891895821
0.3,0.92,0.6,30.0,0.03,100,750,300,1430,1202,228,0.5321107678012406,0.236436497760799,0.236436497760799
0.3,0.92,0.6,30.0,0.03,100,1500,150,1449,1220,229,0.3231417621004471,0.34403555498214755,0.3231417621004471
0.3,0.92,0.6,30.0,0.03,100,1500,300,1306,1090,216,-0.2994793897255287,0.22431587801084724,-0.2994793897255287
0.3,0.92,0.6,30.0,0.03,100,2500,150,1424,1192,232,0.12751047940954524,0.8145444985710638,0.12751047940954524
0.3,0.92,0.6,30.0,0.03,100,2500,300,1268,1052,216,-0.23431032415089828,0.4409583692540727,-0.23431032415089828
0.3,0.92,0.6,30.0,0.03,200,750,150,1128,960,168,-0.11129283861489883,1.0714062810229181,-0.11129283861489883
0.3,0.92,0.6,30.0,0.03,200,750,300,932,787,145,-0.28369969690448976,1.233425947699345,-0.28369969690448976
0.3,0.92,0.6,30.0,0.03,200,1500,150,1017,852,165,-0.11927527167377835,1.7140520614563897,-0.11927527167377835
0.3,0.92,0.6,30.0,0.03,200,1500,300,839,696,143,-0.014759015129266922,0.9095533667230393,-0.014759015129266922
0.3,0.92,0.6,30.0,0.03,200,2500,150,990,826,164,-0.1677665812101601,1.2355403353736134,-0.1677665812101601
0.3,0.92,0.6,30.0,0.03,200,2500,300,804,660,144,0.2693733088184403,0.9453894559481606,0.2693733088184403
0.3,0.92,0.6,30.0,0.03,400,750,150,1002,846,156,0.13625487131668093,1.305362528561694,0.13625487131668093
0.3,0.92,0.6,30.0,0.03,400,750,300,725,616,109,0.1942493457852633,1.6147243055710165,0.1942493457852633
0.3,0.92,0.6,30.0,0.03,400,1500,150,861,736,125,0.5505989850365737,1.2883255281128834,0.5505989850365737
0.3,0.92,0.6,30.0,0.03,400,1500,300,598,514,84,0.7497986645873973,1.9529175050094183,0.7497986645873973
0.3,0.92,0.6,30.0,0.03,400,2500,150,825,704,121,0.46485285442243035,0.6126920658845096,0.46485285442243035
0.3,0.92,0.6,30.0,0.03,400,2500,300,566,485,81,0.6421022395520353,1.1419301059856637,0.6421022395520353
0.3,0.92,0.6,30.0,0.03,500,750,150,997,846,151,0.19393588097123612,2.0135925280346223,0.19393588097123612
0.3,0.92,0.6,30.0,0.03,500,750,300,690,586,104,0.5157447711396766,2.1189828293221527,0.5157447711396766
0.3,0.92,0.6,30.0,0.03,500,1500,150,840,708,132,0.44609329570973366,2.492276153816181,0.44609329570973366
0.3,0.92,0.6,30.0,0.03,500,1500,300,574,485,89,0.6577549041332644,2.688007303634958,0.6577549041332644
0.3,0.92,0.6,30.0,0.03,500,2500,150,789,672,117,0.7050686437958269,1.973131972825839,0.7050686437958269
0.3,0.92,0.6,30.0,0.03,500,2500,300,527,449,78,1.0093823969241622,2.169834761190579,1.0093823969241622
0.3,0.92,0.6,30.0,0.05,100,750,150,1556,1315,241,-0.42702864374933475,0.2867820388509874,-0.42702864374933475
0.3,0.92,0.6,30.0,0.05,100,750,300,1412,1185,227,0.3069889709605198,0.2897001848028584,0.2897001848028584
0.3,0.92,0.6,30.0,0.05,100,1500,150,1437,1209,228,-0.3539954427603056,0.4432862043927615,-0.3539954427603056
0.3,0.92,0.6,30.0,0.05,100,1500,300,1290,1075,215,0.19252598299047316,0.3207779707132537,0.19252598299047316
0.3,0.92,0.6,30.0,0.05,100,2500,150,1410,1179,231,0.582378664164629,0.835380482060341,0.582378664164629
0.3,0.92,0.6,30.0,0.05,100,2500,300,1249,1034,215,-0.10094621423236902,0.44668492452627107,-0.10094621423236902
0.3,0.92,0.6,30.0,0.05,200,750,150,1102,934,168,-0.2552264121250149,1.0154819811539901,-0.2552264121250149
0.3,0.92,0.6,30.0,0.05,200,750,300,905,760,145,-0.1125082365318861,1.1886756863378314,-0.1125082365318861
0.3,0.92,0.6,30.0,0.05,200,1500,150,994,830,164,0.06812769049787411,1.5960241715058665,0.06812769049787411
0.3,0.92,0.6,30.0,0.05,200,1500,300,812,670,142,0.08190030683590362,1.0510016184914113,0.08190030683590362
0.3,0.92,0.6,30.0,0.05,200,2500,150,969,805,164,-0.012197157901844233,1.066368904755688,-0.012197157901844233
0.3,0.92,0.6,30.0,0.05,200,2500,300,781,637,144,0.24552337123892412,0.9962312929997821,0.24552337123892412
0.3,0.92,0.6,30.0,0.05,400,750,150,981,825,156,0.12849060416257724,1.2334661659231487,0.12849060416257724
0.3,0.92,0.6,30.0,0.05,400,750,300,693,584,109,0.3743445035462161,1.5255202523435145,0.3743445035462161
0.3,0.92,0.6,30.0,0.05,400,1500,150,839,714,125,0.5778380353503857,1.5356644900770995,0.5778380353503857
0.3,0.92,0.6,30.0,0.05,400,1500,300,573,489,84,0.7391003218363517,2.296931041824412,0.7391003218363517
0.3,0.92,0.6,30.0,0.05,400,2500,150,797,676,121,0.6044992438166501,0.4724223609309338,0.4724223609309338
0.3,0.92,0.6,30.0,0.05,400,2500,300,535,454,81,0.7584179515704418,1.0249338135595025,0.7584179515704418
0.3,0.92,0.6,30.0,0.05,500,750,150,968,817,151,0.505540072835577,1.8432139280737143,0.505540072835577
0.3,0.92,0.6,30.0,0.05,500,750,300,652,549,103,0.6570370341712989,2.4846768031880715,0.6570370341712989
0.3,0.92,0.6,30.0,0.05,500,1500,150,821,689,132,0.6473573526443386,2.492276153816181,0.6473573526443386
0.3,0.92,0.6,30.0,0.05,500,1500,300,548,459,89,0.8098583159221296,2.688007303634958,0.8098583159221296
0.3,0.92,0.6,30.0,0.05,500,2500,150,774,657,117,0.8164208403987174,1.973131972825839,0.8164208403987174
0.3,0.92,0.6,30.0,0.05,500,2500,300,508,430,78,1.0124853798126423,2.1777570916652627,1.0124853798126423
0.3,0.92,0.6,35.0,0.01,100,750,150,1877,1608,269,-0.30257291545704246,0.26107764171136777,-0.30257291545704246
0.3,0.92,0.6,35.0,0.01,100,750,300,1758,1504,254,0.44147055216806624,0.4890366128985668,0.44147055216806624
0.3,0.92,0.6,35.0,0.01,100,1500,150,1734,1490,244,0.4089949633480709,0.11639940686231234,0.11639940686231234
0.3,0.92,0.6,35.0,0.01,100,1500,300,1602,1369,233,-0.5880374490063656,0.21717064714965267,-0.5880374490063656
0.3,0.92,0.6,35.0,0.01,100,2500,150,1701,1448,253,0.208874806013534,0.4640398040808192,0.208874806013534
0.3,0.92,0.6,35.0,0.01,100,2500,300,1554,1317,237,-0.3757808801163275,0.24634755138965952,-0.3757808801163275
0.3,0.92,0.6,35.0,0.01,200,750,150,1426,1238,188,-0.4438159616489929,0.9285120972792711,-0.4438159616489929
0.3,0.92,0.6,35.0,0.01,200,750,300,1233,1072,161,-0.1966078293010158,1.1897793260781226,-0.1966078293010158
0.3,0.92,0.6,35.0,0.01,200,1500,150,1291,1102,189,0.06641155971117506,0.9569070720005414,0.06641155971117506
0.3,0.92,0.6,35.0,0.01,200,1500,300,1100,939,161,0.1285585789422605,0.3148578445372861,0.1285585789422605
0.3,0.92,0.6,35.0,0.01,200,2500,150,1235,1059,176,-0.0704871682260797,0.2722687077394439,-0.0704871682260797
0.3,0.92,0.6,35.0,0.01,200,2500,300,1038,882,156,0.12919851376839347,-0.0768889122922057,-0.0768889122922057
0.3,0.92,0.6,35.0,0.01,400,750,150,1309,1134,175,0.04337557224797398,1.3871700063559373,0.04337557224797398
0.3,0.92,0.6,35.0,0.01,400,750,300,1010,885,125,0.19774325856869462,1.281618663047504,0.19774325856869462
0.3,0.92,0.6,35.0,0.01,400,1500,150,1106,965,141,0.5165804779410151,1.2917138189630377,0.5165804779410151
0.3,0.92,0.6,35.0,0.01,400,1500,300,832,731,101,0.8044882910569469,1.1458079544432305,0.8044882910569469
0.3,0.92,0.6,35.0,0.01,400,2500,150,1066,927,139,0.5642811356045525,0.09567645864890492,0.09567645864890492
0.3,0.92,0.6,35.0,0.01,400,2500,300,785,687,98,0.7244158741483931,-0.22544284970731474,-0.22544284970731474
0.3,0.92,0.6,35.0,0.01,500,750,150,1299,1131,168,0.1020508723698503,2.072864122831515,0.1020508723698503
0.3,0.92,0.6,35.0,0.01,500,750,300,945,823,122,0.5468343417332465,1.9871528165544317,0.5468343417332465
0.3,0.92,0.6,35.0,0.01,500,1500,150,1071,925,146,0.5371602378641234,2.205309246017829,0.5371602378641234
0.3,0.92,0.6,35.0,0.01,500,1500,300,785,678,107,0.7382268441307618,1.649355778271252,0.7382268441307618
0.3,0.92,0.6,35.0,0.01,500,2500,150,1005,870,135,0.8282376588040476,1.5372668696822136,0.8282376588040476
0.3,0.92,0.6,35.0,0.01,500,2500,300,716,623,93,1.0441624274212304,0.8899397996456737,0.8899397996456737
0.3,0.92,0.6,35.0,0.02,100,750,150,1672,1418,254,-0.48927443168419266,0.1924035362890154,-0.48927443168419266
0.3,0.92,0.6,35.0,0.02,100,750,300,1534,1294,240,0.3593623637554229,0.3523918795220331,0.3523918795220331
0.3,0.92,0.6,35.0,0.02,100,1500,150,1541,1305,236,0.5720723836396581,0.5322516264041409,0.5322516264041409
0.3,0.92,0.6,35.0,0.02,100,1500,300,1402,1180,222,-0.1148140443578531,0.3216114560725783,-0.1148140443578531
0.3,0.92,0.6,35.0,0.02,100,2500,150,1504,1265,239,0.03117683714753743,0.8186008998602642,0.03117683714753743
0.3,0.92,0.6,35.0,0.02,100,2500,300,1346,1124,222,-0.1837755694343402,0.49894648440413014,-0.1837755694343402
0.3,0.92,0.6,35.0,0.02,200,750,150,1223,1049,174,0.4182263041496754,1.3356118245822406,0.4182263041496754
0.3,0.92,0.6,35.0,0.02,200,750,300,1018,870,148,-0.38508402500101474,1.3180141473862068,-0.38508402500101474
0.3,0.92,0.6,35.0,0.02,200,1500,150,1108,933,175,0.02727899218268816,1.8141255146289017,0.02727899218268816
0.3,0.92,0.6,35.0,0.02,200,1500,300,914,767,147,0.14183702315947727,0.8398971130121285,0.14183702315947727
0.3,0.92,0.6,35.0,0.02,200,2500,150,1070,902,168,-0.10764920457313742,1.3315169723003468,-0.10764920457313742
0.3,0.92,0.6,35.0,0.02,200,2500,300,875,728,147,0.2202933487535771,0.9145948250210335,0.2202933487535771
0.3,0.92,0.6,35.0,0.02,400,750,150,1100,938,162,0.058884642129127175,0.923575763766744,0.058884642129127175
0.3,0.92,0.6,35.0,0.02,400,750,300,804,690,114,0.26212896973864047,1.222673055562722,0.26212896973864047
0.3,0.92,0.6,35.0,0.02,400,1500,150,947,811,136,0.6292807801948578,0.9106294550863084,0.6292807801948578
0.3,0.92,0.6,35.0,0.02,400,1500,300,667,577,90,0.8009853934150153,1.6900441734507532,0.8009853934150153
0.3,0.92,0.6,35.0,0.02,400,2500,150,905,778,127,0.511729374313792,-0.07114805546284197,-0.07114805546284197
0.3,0.92,0.6,35.0,0.02,400,2500,300,625,539,86,0.7051222877115767,0.30248950705991035,0.30248950705991035
0.3,0.92,0.6,35.0,0.02,500,750,150,1080,925,155,0.2734555024034621,2.0206603299709487,0.2734555024034621
0.3,0.92,0.6,35.0,0.02,500,750,300,753,645,108,0.6334098379756424,2.1628108634810648,0.6334098379756424
0.3,0.92,0.6,35.0,0.02,500,1500,150,911,775,136,0.5671556112962892,2.1353881979181777,0.5671556112962892
0.3,0.92,0.6,35.0,0.02,500,1500,300,628,535,93,0.7430190392080536,1.7796502894360078,0.7430190392080536
0.3,0.92,0.6,35.0,0.02,500,2500,150,861,738,123,0.7616923918794184,1.7643556671374554,0.7616923918794184
0.3,0.92,0.6,35.0,0.02,500,2500,300,584,499,85,0.9620511885808841,1.5930807328810306,0.9620511885808841
0.3,0.92,0.6,35.0,0.03,100,750,150,1631,1380,251,0.1732994301053604,0.22773583984882387,0.1732994301053604
0.3,0.92,0.6,35.0,0.03,100,750,300,1483,1248,235,-0.014001837666561795,0.1900372982180447,-0.014001837666561795
0.3,0.92,0.6,35.0,0.03,100,1500,150,1506,1271,235,-0.08194958819250686,0.4371945971877707,-0.08194958819250686
0.3,0.92,0.6,35.0,0.03,100,1500,300,1356,1136,220,-0.30570505115782787,0.2404356329888318,-0.30570505115782787
0.3,0.92,0.6,35.0,0.03,100,2500,150,1465,1227,238,-0.42998062390353875,0.8923835230924904,-0.42998062390353875
0.3,0.92,0.6,35.0,0.03,100,2500,300,1301,1081,220,-0.1470809701216232,0.537063487609629,-0.1470809701216232
0.3,0.92,0.6,35.0,0.03,200,750,150,1178,1005,173,0.38631368415444606,1.1169650623275675,0.38631368415444606
0.3,0.92,0.6,35.0,0.03,200,750,300,960,814,146,-0.2809288103780129,1.061169656503679,-0.2809288103780129
0.3,0.92,0.6,35.0,0.03,200,1500,150,1075,900,175,-0.06851503362686841,1.5430766757027534,-0.06851503362686841
0.3,0.92,0.6,35.0,0.03,200,1500,300,874,727,147,0.16634083393769186,0.8622026777077723,0.16634083393769186
0.3,0.92,0.6,35.0,0.03,200,2500,150,1036,869,167,-0.019532610631882684,1.169839989843026,-0.019532610631882684
0.3,0.92,0.6,35.0,0.03,200,2500,300,833,687,146,0.311606218066825,0.7243045745468789,0.311606218066825
0.3,0.92,0.6,35.0,0.03,400,750,150,1045,886,159,0.05929791057752276,1.0271537802397028,0.05929791057752276
0.3,0.92,0.6,35.0,0.03,400,750,300,746,636,110,0.2036442525953489,1.4612637801804624,0.2036442525953489
0.3,0.92,0.6,35.0,0.03,400,1500,150,892,759,133,0.6640490800349341,1.2075089099489396,0.6640490800349341
0.3,0.92,0.6,35.0,0.03,400,1500,300,617,530,87,0.80992686692279,1.7732749869947784,0.80992686692279
0.3,0.92,0.6,35.0,0.03,400,2500,150,856,731,125,0.4910455146375531,0.47691181888655676,0.47691181888655676
0.3,0.92,0.6,35.0,0.03,400,2500,300,584,500,84,0.731531841303379,1.038766496729147,0.731531841303379
0.3,0.92,0.6,35.0,0.03,500,750,150,1035,881,154,0.14525747896772992,1.8391985362868033,0.14525747896772992
0.3,0.92,0.6,35.0,0.03,500,750,300,709,603,106,0.4061606428767968,1.97862667182882,0.4061606428767968
0.3,0.92,0.6,35.0,0.03,500,1500,150,874,739,135,0.4493813630357796,2.4782170461876167,0.4493813630357796
0.3,0.92,0.6,35.0,0.03,500,1500,300,586,495,91,0.6608772327524955,2.2449328364168726,0.6608772327524955
0.3,0.92,0.6,35.0,0.03,500,2500,150,816,694,122,0.6827427805410403,1.9742335034830099,0.6827427805410403
0.3,0.92,0.6,35.0,0.03,500,2500,300,547,464,83,0.9514979787130909,1.7706247632013525,0.9514979787130909
0.3,0.92,0.6,35.0,0.05,100,750,150,1618,1368,250,-0.44859795252486084,0.2756831033327636,-0.44859795252486084
0.3,0.92,0.6,35.0,0.05,100,750,300,1463,1229,234,0.5233834870984027,0.24095639787001424,0.24095639787001424
0.3,0.92,0.6,35.0,0.05,100,1500,150,1490,1256,234,0.39290838980673154,0.5362256895770952,0.39290838980673154
0.3,0.92,0.6,35.0,0.05,100,1500,300,1336,1117,219,-0.2682686178961919,0.33419070762010533,-0.2682686178961919
0.3,0.92,0.6,35.0,0.05,100,2500,150,1450,1213,237,0.06185789803821578,0.9121545478214621,0.06185789803821578
0.3,0.92,0.6,35.0,0.05,100,2500,300,1281,1062,219,-0.03877440991641499,0.5426128754158678,-0.03877440991641499
0.3,0.92,0.6,35.0,0.05,200,750,150,1152,979,173,-0.25818436464916744,1.061333470704561,-0.25818436464916744
0.3,0.92,0.6,35.0,0.05,200,750,300,932,786,146,-0.126744233938014,1.0246147001029737,-0.126744233938014
0.3,0.92,0.6,35.0,0.05,200,1500,150,1045,871,174,0.024805315194411304,1.438006148151587,0.024805315194411304
0.3,0.92,0.6,35.0,0.05,200,1500,300,843,697,146,0.22435496591108078,0.7925135286364341,0.22435496591108078
0.3,0.92,0.6,35.0,0.05,200,2500,150,1015,848,167,0.010953643951487478,1.0038490416012489,0.010953643951487478
0.3,0.92,0.6,35.0,0.05,200,2500,300,809,663,146,0.29726024595385914,0.7802294034517426,0.29726024595385914
0.3,0.92,0.6,35.0,0.05,400,750,150,1013,854,159,0.05344771634246124,1.1537543475191343,0.05344771634246124
0.3,0.92,0.6,35.0,0.05,400,750,300,709,599,110,0.3568164905208856,1.325342009117151,0.3568164905208856
0.3,0.92,0.6,35.0,0.05,400,1500,150,870,737,133,0.7075738598592268,1.447048328489253,0.7075738598592268
0.3,0.92,0.6,35.0,0.05,400,1500,300,590,503,87,0.8213285746572198,2.0970321556471334,0.8213285746572198
0.3,0.92,0.6,35.0,0.05,400,2500,150,822,697,125,0.5606288940136023,0.34579534061773337,0.34579534061773337
0.3,0.92,0.6,35.0,0.05,400,2500,300,550,466,84,0.7635699823060264,0.9260439688452247,0.7635699823060264
0.3,0.92,0.6,35.0,0.05,500,750,150,1001,847,154,0.4349579579998832,1.668220752780911,0.4349579579998832
0.3,0.92,0.6,35.0,0.05,500,750,300,667,562,105,0.6821022874569693,2.3576204618964374,0.6821022874569693
0.3,0.92,0.6,35.0,0.05,500,1500,150,845,710,135,0.7310178237740653,2.4782170461876167,0.7310178237740653
0.3,0.92,0.6,35.0,0.05,500,1500,300,557,466,91,0.9103843178949784,2.280400947441115,0.9103843178949784
0.3,0.92,0.6,35.0,0.05,500,2500,150,800,678,122,0.8203620470832703,1.9742335034830099,0.8203620470832703
0.3,0.92,0.6,35.0,0.05,500,2500,300,523,440,83,1.0400149891264845,1.7781167771862785,1.0400149891264845
0.3,0.92,0.45,15.0,0.01,100,750,150,921,787,134,-0.11284441137970051,-0.6026005431611285,-0.6026005431611285
0.3,0.92,0.45,15.0,0.01,100,750,300,896,764,132,-0.6621429751626642,-0.97792247830661,-0.97792247830661
0.3,0.92,0.45,15.0,0.01,100,1500,150,851,723,128,-0.3232395821048651,-0.7137723673020999,-0.7137723673020999
0.3,0.92,0.45,15.0,0.01,100,1500,300,820,694,126,-0.6829916556332913,-0.945717236178851,-0.945717236178851
0.3,0.92,0.45,15.0,0.01,100,2500,150,809,682,127,0.2965257520842635,-0.615401897823572,-0.615401897823572
0.3,0.92,0.45,15.0,0.01,100,2500,300,777,653,124,-0.7467934904323086,-0.5262701651417129,-0.7467934904323086
0.3,0.92,0.45,15.0,0.01,200,750,150,767,657,110,-0.10414155460185287,0.9770242054966147,-0.10414155460185287
0.3,0.92,0.45,15.0,0.01,200,750,300,704,597,107,-0.05890552892432441,1.0036784384604596,-0.05890552892432441
0.3,0.92,0.45,15.0,0.01,200,1500,150,694,584,110,0.1874534029907199,0.7114590960818018,0.1874534029907199
0.3,0.92,0.45,15.0,0.01,200,1500,300,624,523,101,0.31018942337750505,1.0681373156695761,0.31018942337750505
0.3,0.92,0.45,15.0,0.01,200,2500,150,677,573,104,0.01426236992573309,0.896265707532914,0.01426236992573309
0.3,0.92,0.45,15.0,0.01,200,2500,300,614,518,96,-0.028632707791623854,1.214250636968563,-0.028632707791623854
0.3,0.92,0.45,15.0,0.01,400,750,150,676,577,99,0.06600056628669414,0.39247751939931425,0.06600056628669414
0.3,0.92,0.45,15.0,0.01,400,750,300,581,503,78,0.3449577643653612,0.8696312741780501,0.3449577643653612
0.3,0.92,0.45,15.0,0.01,400,1500,150,593,507,86,0.5341446938256086,0.8569684083325069,0.5341446938256086
0.3,0.92,0.45,15.0,0.01,400,1500,300,496,429,67,0.6364522468782315,1.518981438729876,0.6364522468782315
0.3,0.92,0.45,15.0,0.01,400,2500,150,567,487,80,0.34341233768177454,0.5340507073941206,0.34341233768177454
0.3,0.92,0.45,15.0,0.01,400,2500,300,470,409,61,0.6284790179641174,0.7619809758264541,0.6284790179641174
0.3,0.92,0.45,15.0,0.01,500,750,150,703,595,108,0.17945636680155913,1.6898359267074432,0.17945636680155913
0.3,0.92,0.45,15.0,0.01,500,750,300,583,504,79,0.40793081579611395,1.9953907843681806,0.40793081579611395
0.3,0.92,0.45,15.0,0.01,500,1500,150,605,515,90,0.24156936642082524,2.0761738042467717,0.24156936642082524
0.3,0.92,0.45,15.0,0.01,500,1500,300,500,431,69,0.37073195305365336,2.1259598647452753,0.37073195305365336
0.3,0.92,0.45,15.0,0.01,500,2500,150,560,481,79,0.7322311728514413,2.488380808959438,0.7322311728514413
0.3,0.92,0.45,15.0,0.01,500,2500,300,458,400,58,0.77206362123477,2.5469273760194926,0.77206362123477
0.3,0.92,0.45,15.0,0.02,100,750,150,875,744,131,0.20986752493823066,-0.3063298767759885,-0.3063298767759885
0.3,0.92,0.45,15.0,0.02,100,750,300,846,718,128,-0.49656495433691406,-0.6833533826970033,-0.6833533826970033
0.3,0.92,0.45,15.0,0.02,100,1500,150,810,683,127,0.4878677774248126,0.25114246967428694,0.25114246967428694
0.3,0.92,0.45,15.0,0.02,100,1500,300,776,651,125,0.41156728950710286,0.06871327462860657,0.06871327462860657
0.3,0.92,0.45,15.0,0.02,100,2500,150,767,643,124,-0.004572050500502092,0.18855326591979452,-0.004572050500502092
0.3,0.92,0.45,15.0,0.02,100,2500,300,728,609,119,-0.6442143655261041,0.29136862774518324,-0.6442143655261041
0.3,0.92,0.45,15.0,0.02,200,750,150,712,605,107,-0.03390654446969752,0.546876234348112,-0.03390654446969752
0.3,0.92,0.45,15.0,0.02,200,750,300,643,540,103,-0.1354579155939511,0.5230786079928023,-0.1354579155939511
0.3,0.92,0.45,15.0,0.02,200,1500,150,650,543,107,0.037442149330452,0.21906993701486024,0.037442149330452
0.3,0.92,0.45,15.0,0.02,200,1500,300,576,479,97,0.10875256034069186,0.5494145769246758,0.10875256034069186
0.3,0.92,0.45,15.0,0.02,200,2500,150,626,523,103,-0.016991215467223143,0.4223324483633466,-0.016991215467223143
0.3,0.92,0.45,15.0,0.02,200,2500,300,562,468,94,-0.24202221677058422,0.5898728030926984,-0.24202221677058422
0.3,0.92,0.45,15.0,0.02,400,750,150,622,526,96,0.224043496133343,0.9909859037820246,0.224043496133343
0.3,0.92,0.45,15.0,0.02,400,750,300,511,437,74,0.4548042727915867,1.4174728618999237,0.4548042727915867
0.3,0.92,0.45,15.0,0.02,400,1500,150,547,465,82,0.7222870292575184,0.9899591918328207,0.7222870292575184
0.3,0.92,0.45,15.0,0.02,400,1500,300,432,370,62,0.7187640341903186,1.3713065787448466,0.7187640341903186
0.3,0.92,0.45,15.0,0.02,400,2500,150,518,440,78,0.6831006719411995,0.8542766049724992,0.6831006719411995
0.3,0.92,0.45,15.0,0.02,400,2500,300,397,339,58,0.8291074245006526,0.9597845954013451,0.8291074245006526
0.3,0.92,0.45,15.0,0.02,500,750,150,646,542,104,0.2678561416561847,1.9303527368334934,0.2678561416561847
0.3,0.92,0.45,15.0,0.02,500,750,300,504,427,77,0.5875979410147638,2.357655380635729,0.5875979410147638
0.3,0.92,0.45,15.0,0.02,500,1500,150,557,469,88,0.4591727416743531,2.2899177038542873,0.4591727416743531
0.3,0.92,0.45,15.0,0.02,500,1500,300,431,367,64,0.5663053143919036,2.3638768172133826,0.5663053143919036
0.3,0.92,0.45,15.0,0.02,500,2500,150,513,437,76,0.7232281223819929,2.35472050512497,0.7232281223819929
0.3,0.92,0.45,15.0,0.02,500,2500,300,395,340,55,0.8495088281856135,1.9017070026866276,0.8495088281856135
0.3,0.92,0.45,15.0,0.03,100,750,150,868,737,131,-0.11014999034164363,-0.3022315786358028,-0.3022315786358028
0.3,0.92,0.45,15.0,0.03,100,750,300,837,709,128,-0.2183358551968356,-0.6725398573879506,-0.6725398573879506
0.3,0.92,0.45,15.0,0.03,100,1500,150,798,671,127,0.411800167381299,0.31552771391345763,0.31552771391345763
0.3,0.92,0.45,15.0,0.03,100,1500,300,764,639,125,0.25092479832741693,0.13223183536544814,0.13223183536544814
0.3,0.92,0.45,15.0,0.03,100,2500,150,754,630,124,0.6110163517678723,0.25791243032186334,0.25791243032186334
0.3,0.92,0.45,15.0,0.03,100,2500,300,715,596,119,-0.2896960608939455,0.3651779963023791,-0.2896960608939455
0.3,0.92,0.45,15.0,0.03,200,750,150,698,592,106,-0.16893273702725445,0.212394851650939,-0.16893273702725445
0.3,0.92,0.45,15.0,0.03,200,750,300,622,520,102,-0.05032249430874194,0.2980415999457055,-0.05032249430874194
0.3,0.92,0.45,15.0,0.03,200,1500,150,633,526,107,0.0011830772686297856,0.1486182553930052,0.0011830772686297856
0.3,0.92,0.45,15.0,0.03,200,1500,300,554,457,97,0.045732142317892265,0.6504674002587448,0.045732142317892265
0.3,0.92,0.45,15.0,0.03,200,2500,150,613,510,103,-0.08803928348558301,0.5018625884309604,-0.08803928348558301
0.3,0.92,0.45,15.0,0.03,200,2500,300,545,451,94,-0.21284674530747288,0.8531149946380809,-0.21284674530747288
0.3,0.92,0.45,15.0,0.03,400,750,150,612,517,95,0.24538517515131947,0.8712882306318743,0.24538517515131947
0.3,0.92,0.45,15.0,0.03,400,750,300,496,423,73,0.4916039361227884,1.6643012934599557,0.4916039361227884
0.3,0.92,0.45,15.0,0.03,400,1500,150,535,453,82,0.6293106518966991,1.2441588904173138,0.6293106518966991
0.3,0.92,0.45,15.0,0.03,400,1500,300,416,354,62,0.6052852964812686,1.719231760534781,0.6052852964812686
0.3,0.92,0.45,15.0,0.03,400,2500,150,508,431,77,0.6134113449905332,0.8726315183395837,0.6134113449905332
0.3,0.92,0.45,15.0,0.03,400,2500,300,385,329,56,0.76230667242805,1.208024781112362,0.76230667242805
0.3,0.92,0.45,15.0,0.03,500,750,150,640,537,103,0.24641855954461273,1.9852613744509378,0.24641855954461273
0.3,0.92,0.45,15.0,0.03,500,750,300,492,415,77,0.5025238993870752,2.4812176271804702,0.5025238993870752
0.3,0.92,0.45,15.0,0.03,500,1500,150,546,458,88,0.43533965270995484,2.4293682498854,0.43533965270995484
0.3,0.92,0.45,15.0,0.03,500,1500,300,417,353,64,0.5064480589809063,2.4790442860991435,0.5064480589809063
0.3,0.92,0.45,15.0,0.03,500,2500,150,504,428,76,0.7087729624047582,2.491914666844196,0.7087729624047582
0.3,0.92,0.45,15.0,0.03,500,2500,300,382,327,55,0.9008584586178312,2.0813398198427575,0.9008584586178312
0.3,0.92,0.45,15.0,0.05,100,750,150,866,736,130,0.41622096622700133,-0.24618685935476597,-0.24618685935476597
0.3,0.92,0.45,15.0,0.05,100,750,300,834,707,127,0.15657384251685055,-0.6249246351535062,-0.6249246351535062
0.3,0.92,0.45,15.0,0.05,100,1500,150,794,668,126,0.05121917819123246,0.37306300450596797,0.05121917819123246
0.3,0.92,0.45,15.0,0.05,100,1500,300,758,634,124,-0.13934810959784275,0.1878626825119053,-0.13934810959784275
0.3,0.92,0.45,15.0,0.05,100,2500,150,754,630,124,0.4607098060223046,0.25791243032186334,0.25791243032186334
0.3,0.92,0.45,15.0,0.05,100,2500,300,713,594,119,0.5761852124050114,0.3651779963023791,0.3651779963023791
0.3,0.92,0.45,15.0,0.05,200,750,150,691,585,106,-0.11010780454195584,0.28197750697531926,-0.11010780454195584
0.3,0.92,0.45,15.0,0.05,200,750,300,613,511,102,-0.15553772415266878,0.3610942008638553,-0.15553772415266878
0.3,0.92,0.45,15.0,0.05,200,1500,150,624,518,106,-0.04357394415350689,0.17333789396520524,-0.04357394415350689
0.3,0.92,0.45,15.0,0.05,200,1500,300,542,446,96,-0.059389332076495334,0.6536848270110058,-0.059389332076495334
0.3,0.92,0.45,15.0,0.05,200,2500,150,606,503,103,-0.14010972159697563,0.35677161834166055,-0.14010972159697563
0.3,0.92,0.45,15.0,0.05,200,2500,300,538,444,94,-0.37115047228998205,0.6907706133621226,-0.37115047228998205
0.3,0.92,0.45,15.0,0.05,400,750,150,608,513,95,0.10710799286341466,0.8712882306318743,0.10710799286341466
0.3,0.92,0.45,15.0,0.05,400,750,300,484,411,73,0.48422954444734345,1.6643012934599557,0.48422954444734345
0.3,0.92,0.45,15.0,0.05,400,1500,150,532,450,82,0.5275228656406231,1.2441588904173138,0.5275228656406231
0.3,0.92,0.45,15.0,0.05,400,1500,300,411,349,62,0.5101472979674735,1.719231760534781,0.5101472979674735
0.3,0.92,0.45,15.0,0.05,400,2500,150,504,427,77,0.6467426495333283,0.8726315183395837,0.6467426495333283
0.3,0.92,0.45,15.0,0.05,400,2500,300,377,321,56,0.9176623196173223,1.1468415958554377,0.9176623196173223
0.3,0.92,0.45,15.0,0.05,500,750,150,631,528,103,0.2998074974711725,1.9852613744509378,0.2998074974711725
0.3,0.92,0.45,15.0,0.05,500,750,300,478,402,76,0.4802297132496415,2.7220277968251563,0.4802297132496415
0.3,0.92,0.45,15.0,0.05,500,1500,150,538,450,88,0.43109721690951786,2.4293682498854,0.43109721690951786
0.3,0.92,0.45,15.0,0.05,500,1500,300,404,340,64,0.4471256145903169,2.4790442860991435,0.4471256145903169
0.3,0.92,0.45,15.0,0.05,500,2500,150,498,422,76,0.8197697268590882,2.491914666844196,0.8197697268590882
0.3,0.92,0.45,15.0,0.05,500,2500,300,374,319,55,0.9464369298942327,2.1388165746317402,0.9464369298942327
0.3,0.92,0.45,20.0,0.01,100,750,150,1426,1218,208,-0.07657516239677428,-1.0392418001137653,-1.0392418001137653
0.3,0.92,0.45,20.0,0.01,100,750,300,1382,1178,204,-0.14527716429306034,-1.0035681826473342,-1.0035681826473342
0.3,0.92,0.45,20.0,0.01,100,1500,150,1314,1119,195,-0.44921049584583067,-0.5324972711923621,-0.5324972711923621
0.3,0.92,0.45,20.0,0.01,100,1500,300,1257,1067,190,-0.12938454096753982,-0.4218937119107555,-0.4218937119107555
0.3,0.92,0.45,20.0,0.01,100,2500,150,1261,1071,190,0.07803566976092424,-0.8158816784754336,-0.8158816784754336
0.3,0.92,0.45,20.0,0.01,100,2500,300,1197,1015,182,-0.3912822058889913,-0.7099386548178657,-0.7099386548178657
0.3,0.92,0.45,20.0,0.01,200,750,150,1101,949,152,0.28072627449583193,0.6264517264452358,0.28072627449583193
0.3,0.92,0.45,20.0,0.01,200,750,300,996,857,139,0.013875545216697031,0.6943166546083744,0.013875545216697031
0.3,0.92,0.45,20.0,0.01,200,1500,150,974,829,145,-0.25460920437179607,0.8456869933120774,-0.25460920437179607
0.3,0.92,0.45,20.0,0.01,200,1500,300,858,730,128,-0.3285279567896025,1.0503874394542287,-0.3285279567896025
0.3,0.92,0.45,20.0,0.01,200,2500,150,947,799,148,-0.1520213775743802,0.478970663942146,-0.1520213775743802
0.3,0.92,0.45,20.0,0.01,200,2500,300,839,706,133,-0.3317332362508358,0.5258512030742174,-0.3317332362508358
0.3,0.92,0.45,20.0,0.01,400,750,150,983,845,138,-0.2947973271808299,0.43775609135224886,-0.2947973271808299
0.3,0.92,0.45,20.0,0.01,400,750,300,807,705,102,0.09151373006508666,0.8427066442408836,0.09151373006508666
0.3,0.92,0.45,20.0,0.01,400,1500,150,841,732,109,0.5643266054796651,0.5765645740671032,0.5643266054796651
0.3,0.92,0.45,20.0,0.01,400,1500,300,660,577,83,0.7555346007500592,0.5835457888054733,0.5835457888054733
0.3,0.92,0.45,20.0,0.01,400,2500,150,801,696,105,0.5716466803908217,0.2617352430260177,0.2617352430260177
0.3,0.92,0.45,20.0,0.01,400,2500,300,620,542,78,0.8308990172818828,0.1257866156049572,0.1257866156049572
0.3,0.92,0.45,20.0,0.01,500,750,150,978,846,132,0.14079333768644484,1.2138442328083325,0.14079333768644484
0.3,0.92,0.45,20.0,0.01,500,750,300,768,669,99,0.33557561953778087,1.4668948353695155,0.33557561953778087
0.3,0.92,0.45,20.0,0.01,500,1500,150,822,708,114,0.422031358500707,2.0061938872742693,0.422031358500707
0.3,0.92,0.45,20.0,0.01,500,1500,300,640,554,86,0.6124312346657242,1.4571120835869982,0.6124312346657242
0.3,0.92,0.45,20.0,0.01,500,2500,150,781,678,103,0.9007340615799834,1.4150007015894164,0.9007340615799834
0.3,0.92,0.45,20.0,0.01,500,2500,300,591,515,76,0.959587126684337,1.5994918423352507,0.959587126684337
0.3,0.92,0.45,20.0,0.02,100,750,150,1314,1113,201,-0.062477278037419634,-1.0246631758752156,-1.0246631758752156
0.3,0.92,0.45,20.0,0.02,100,750,300,1261,1065,196,0.2761568407090012,-1.0552651774780164,-1.0552651774780164
0.3,0.92,0.45,20.0,0.02,100,1500,150,1224,1033,191,-0.49588758757138685,-0.2026392282070033,-0.49588758757138685
0.3,0.92,0.45,20.0,0.02,100,1500,300,1160,974,186,-0.39642339675425403,-0.23985820366931582,-0.39642339675425403
0.3,0.92,0.45,20.0,0.02,100,2500,150,1165,982,183,-0.46414663621138225,-0.6434705263362958,-0.6434705263362958
0.3,0.92,0.45,20.0,0.02,100,2500,300,1092,917,175,0.5589423667173828,-0.7172002644518743,-0.7172002644518743
0.3,0.92,0.45,20.0,0.02,200,750,150,984,842,142,-0.27666694933552527,0.8616954682172423,-0.27666694933552527
0.3,0.92,0.45,20.0,0.02,200,750,300,872,744,128,-0.5491268364966971,0.5095887684269191,-0.5491268364966971
0.3,0.92,0.45,20.0,0.02,200,1500,150,879,738,141,-0.28398702535278947,1.0037278143509727,-0.28398702535278947
0.3,0.92,0.45,20.0,0.02,200,1500,300,759,636,123,-0.36037819371345237,0.8087505293785496,-0.36037819371345237
0.3,0.92,0.45,20.0,0.02,200,2500,150,854,713,141,-0.16525873011353256,1.0035786118633088,-0.16525873011353256
0.3,0.92,0.45,20.0,0.02,200,2500,300,740,615,125,-0.3927788998495857,0.59692016633141,-0.3927788998495857
0.3,0.92,0.45,20.0,0.02,400,750,150,859,728,131,-0.11031914699451155,1.199161636473168,-0.11031914699451155
0.3,0.92,0.45,20.0,0.02,400,750,300,678,584,94,0.24184735063289084,1.607080773952288,0.24184735063289084
0.3,0.92,0.45,20.0,0.02,400,1500,150,735,631,104,0.7267654172387115,1.0869204350633312,0.7267654172387115
0.3,0.92,0.45,20.0,0.02,400,1500,300,549,475,74,0.7680505304850223,1.4590976393868433,0.7680505304850223
0.3,0.92,0.45,20.0,0.02,400,2500,150,702,602,100,0.8324927524782084,0.3751037460475257,0.3751037460475257
0.3,0.92,0.45,20.0,0.02,400,2500,300,513,442,71,0.971878150379905,0.3358129335937468,0.3358129335937468
0.3,0.92,0.45,20.0,0.02,500,750,150,859,731,128,0.39040384258917205,1.0203403094028696,0.39040384258917205
0.3,0.92,0.45,20.0,0.02,500,750,300,637,545,92,0.6581391702245358,1.6685260879092547,0.6581391702245358
0.3,0.92,0.45,20.0,0.02,500,1500,150,728,619,109,0.5039248204724426,2.269387208675157,0.5039248204724426
0.3,0.92,0.45,20.0,0.02,500,1500,300,538,459,79,0.5901000518178865,2.0163494782381632,0.5901000518178865
0.3,0.92,0.45,20.0,0.02,500,2500,150,688,592,96,0.9989049341946439,1.6582493790471258,0.9989049341946439
0.3,0.92,0.45,20.0,0.02,500,2500,300,493,425,68,0.913084261773924,1.2329450187896613,0.913084261773924
0.3,0.92,0.45,20.0,0.03,100,750,150,1299,1100,199,0.4196265955119412,-0.9790962961352998,-0.9790962961352998
0.3,0.92,0.45,20.0,0.03,100,750,300,1239,1045,194,-0.3716957757934197,-1.180690520403266,-1.180690520403266
0.3,0.92,0.45,20.0,0.03,100,1500,150,1211,1020,191,-0.4387280939390195,-0.224656577555711,-0.4387280939390195
0.3,0.92,0.45,20.0,0.03,100,1500,300,1146,960,186,-0.4501028593026736,0.04748580926977994,-0.4501028593026736
0.3,0.92,0.45,20.0,0.03,100,2500,150,1151,968,183,0.5994297657177495,-0.5881122636338257,-0.5881122636338257
0.3,0.92,0.45,20.0,0.03,100,2500,300,1076,901,175,-0.4897779788507286,-0.5124126701296271,-0.5124126701296271
0.3,0.92,0.45,20.0,0.03,200,750,150,955,814,141,-0.6742686183866506,0.6415809518349495,-0.6742686183866506
0.3,0.92,0.45,20.0,0.03,200,750,300,829,702,127,-0.3416014853520755,0.5761872132121508,-0.3416014853520755
0.3,0.92,0.45,20.0,0.03,200,1500,150,857,716,141,-0.28225237452425184,0.8058476099176817,-0.28225237452425184
0.3,0.92,0.45,20.0,0.03,200,1500,300,729,606,123,-0.4044972755801337,0.7805596841265836,-0.4044972755801337
0.3,0.92,0.45,20.0,0.03,200,2500,150,835,694,141,-0.13480132712203893,0.9385747274811841,-0.13480132712203893
0.3,0.92,0.45,20.0,0.03,200,2500,300,714,590,124,-0.24897639906662597,0.7635236983818864,-0.24897639906662597
0.3,0.92,0.45,20.0,0.03,400,750,150,837,707,130,0.058234314602899746,1.2042994856952538,0.058234314602899746
0.3,0.92,0.45,20.0,0.03,400,750,300,646,554,92,0.18741173933973032,1.739506079130451,0.18741173933973032
0.3,0.92,0.45,20.0,0.03,400,1500,150,716,612,104,0.8374837830988294,1.0899490395159195,0.8374837830988294
0.3,0.92,0.45,20.0,0.03,400,1500,300,525,451,74,0.6920158105794573,1.3938805227984266,0.6920158105794573
0.3,0.92,0.45,20.0,0.03,400,2500,150,681,582,99,0.8263608502615054,0.5514054583650078,0.5514054583650078
0.3,0.92,0.45,20.0,0.03,400,2500,300,497,428,69,0.838556663862232,0.45231376320633826,0.45231376320633826
0.3,0.92,0.45,20.0,0.03,500,750,150,836,710,126,0.24889774745546875,1.1801742998123257,0.24889774745546875
0.3,0.92,0.45,20.0,0.03,500,750,300,614,523,91,0.5279801632907702,2.000158307762633,0.5279801632907702
0.3,0.92,0.45,20.0,0.03,500,1500,150,704,596,108,0.6289041786616836,2.721239786823785,0.6289041786616836
0.3,0.92,0.45,20.0,0.03,500,1500,300,511,434,77,0.6930678634824111,2.786109111616716,0.6930678634824111
0.3,0.92,0.45,20.0,0.03,500,2500,150,664,568,96,0.98697203602829,1.9316650677423912,0.98697203602829
0.3,0.92,0.45,20.0,0.03,500,2500,300,471,405,66,0.873468974728784,1.8937303698054546,0.873468974728784
0.3,0.92,0.45,20.0,0.05,100,750,150,1292,1094,198,-0.42503263118867973,-0.9445798381983478,-0.9445798381983478
0.3,0.92,0.45,20.0,0.05,100,750,300,1227,1034,193,-0.3993389405040064,-1.1505770211281572,-1.1505770211281572
0.3,0.92,0.45,20.0,0.05,100,1500,150,1203,1013,190,0.09539567086544727,-0.18405074629888352,-0.18405074629888352
0.3,0.92,0.45,20.0,0.05,100,1500,300,1133,948,185,0.01835609479450883,0.09210981532972413,0.01835609479450883
0.3,0.92,0.45,20.0,0.05,100,2500,150,1143,961,182,-0.30691186876923127,-0.6851199021600723,-0.6851199021600723
0.3,0.92,0.45,20.0,0.05,100,2500,300,1064,890,174,0.48249221513679463,-0.6111014606753162,-0.6111014606753162
0.3,0.92,0.45,20.0,0.05,200,750,150,938,797,141,-0.4197176622806221,0.5911566973924866,-0.4197176622806221
0.3,0.92,0.45,20.0,0.05,200,750,300,811,684,127,-0.07329808019407047,0.45402956798323096,-0.07329808019407047
0.3,0.92,0.45,20.0,0.05,200,1500,150,842,702,140,-0.21259266782594746,0.7429545094411449,-0.21259266782594746
0.3,0.92,0.45,20.0,0.05,200,1500,300,711,589,122,-0.28543403776277615,0.5818711435532162,-0.28543403776277615
0.3,0.92,0.45,20.0,0.05,200,2500,150,819,678,141,-0.044313737515791506,0.8038262103509566,-0.044313737515791506
0.3,0.92,0.45,20.0,0.05,200,2500,300,696,572,124,-0.1144059140296917,0.5261460409623405,-0.1144059140296917
0.3,0.92,0.45,20.0,0.05,400,750,150,823,693,130,0.11002227710407732,0.8547328415448074,0.11002227710407732
0.3,0.92,0.45,20.0,0.05,400,750,300,624,532,92,0.2562459907996582,1.3732169384136108,0.2562459907996582
0.3,0.92,0.45,20.0,0.05,400,1500,150,703,599,104,0.7647357274352866,0.9136220518210866,0.7647357274352866
0.3,0.92,0.45,20.0,0.05,400,1500,300,511,437,74,0.6244768825123969,1.2197976920866769,0.6244768825123969
0.3,0.92,0.45,20.0,0.05,400,2500,150,664,565,99,0.8864677449555899,0.40222613135271146,0.40222613135271146
0.3,0.92,0.45,20.0,0.05,400,2500,300,475,406,69,0.8561314263834583,0.2623935995090843,0.2623935995090843
0.3,0.92,0.45,20.0,0.05,500,750,150,821,695,126,0.4693111200883908,0.9560990898038335,0.4693111200883908
0.3,0.92,0.45,20.0,0.05,500,750,300,587,497,90,0.622478390706914,2.0946280101302204,0.622478390706914
0.3,0.92,0.45,20.0,0.05,500,1500,150,691,583,108,0.812859389455935,2.721239786823785,0.812859389455935
0.3,0.92,0.45,20.0,0.05,500,1500,300,494,417,77,0.7765127393243677,2.786109111616716,0.7765127393243677
0.3,0.92,0.45,20.0,0.05,500,2500,150,657,561,96,1.1262755812320757,1.9316650677423912,1.1262755812320757
0.3,0.92,0.45,20.0,0.05,500,2500,300,458,392,66,0.9637777726072554,1.9443330571575899,0.9637777726072554
0.3,0.92,0.45,25.0,0.01,100,750,150,1671,1414,257,0.39228696423635284,-0.43165944264978495,-0.43165944264978495
0.3,0.92,0.45,25.0,0.01,100,750,300,1614,1363,251,0.3084883273525851,-0.4939606522782997,-0.4939606522782997
0.3,0.92,0.45,25.0,0.01,100,1500,150,1554,1313,241,0.4279341467479114,0.6361380817127869,0.4279341467479114
0.3,0.92,0.45,25.0,0.01,100,1500,300,1481,1247,234,0.22599730409717125,0.7366294055553391,0.22599730409717125
0.3,0.92,0.45,25.0,0.01,100,2500,150,1514,1276,238,0.34984350727950714,0.06929039218425533,0.06929039218425533
0.3,0.92,0.45,25.0,0.01,100,2500,300,1433,1204,229,-0.23630889834470772,0.18254927368268983,-0.23630889834470772
0.3,0.92,0.45,25.0,0.01,200,750,150,1262,1087,175,-0.3590849719277675,1.121779653172209,-0.3590849719277675
0.3,0.92,0.45,25.0,0.01,200,750,300,1131,972,159,-0.3021135292237687,1.004155725596825,-0.3021135292237687
0.3,0.92,0.45,25.0,0.01,200,1500,150,1117,948,169,-0.12679586424076508,1.4495040528667793,-0.12679586424076508
0.3,0.92,0.45,25.0,0.01,200,1500,300,980,828,152,-0.05790136969027578,1.2905336349742926,-0.05790136969027578
0.3,0.92,0.45,25.0,0.01,200,2500,150,1094,928,166,0.08299954873603689,1.35214183728372,0.08299954873603689
0.3,0.92,0.45,25.0,0.01,200,2500,300,946,796,150,0.135662784768508,1.3325952177093332,0.135662784768508
0.3,0.92,0.45,25.0,0.01,400,750,150,1123,968,155,-0.016262867229713426,0.6642449891375731,-0.016262867229713426
0.3,0.92,0.45,25.0,0.01,400,750,300,897,780,117,0.22981474244237687,1.0096011642104927,0.22981474244237687
0.3,0.92,0.45,25.0,0.01,400,1500,150,953,830,123,0.501247817630441,0.7893705361470125,0.501247817630441
0.3,0.92,0.45,25.0,0.01,400,1500,300,731,639,92,0.7778186770610304,0.9651422245828295,0.7778186770610304
0.3,0.92,0.45,25.0,0.01,400,2500,150,914,794,120,0.473457704369664,0.5331402140133495,0.473457704369664
0.3,0.92,0.45,25.0,0.01,400,2500,300,678,594,84,0.7310851207617493,0.3778854136260002,0.3778854136260002
0.3,0.92,0.45,25.0,0.01,500,750,150,1135,975,160,0.1306198641210188,1.4164402513007854,0.1306198641210188
0.3,0.92,0.45,25.0,0.01,500,750,300,858,739,119,0.41990277553017075,1.5427952573053312,0.41990277553017075
0.3,0.92,0.45,25.0,0.01,500,1500,150,936,803,133,0.34159074278607404,2.5502794764234964,0.34159074278607404
0.3,0.92,0.45,25.0,0.01,500,1500,300,710,611,99,0.5388261092365348,2.100561212783511,0.5388261092365348
0.3,0.92,0.45,25.0,0.01,500,2500,150,895,776,119,0.8434475347358623,1.8549099251387209,0.8434475347358623
0.3,0.92,0.45,25.0,0.01,500,2500,300,651,568,83,0.9174103865101251,1.8130589023060295,0.9174103865101251
0.3,0.92,0.45,25.0,0.02,100,750,150,1529,1285,244,0.428002630104687,-0.32079423157771214,-0.32079423157771214
0.3,0.92,0.45,25.0,0.02,100,750,300,1457,1220,237,-0.04589899280243558,-0.44668605240021864,-0.44668605240021864
0.3,0.92,0.45,25.0,0.02,100,1500,150,1430,1196,234,0.4607075157250882,1.0286640845321091,0.4607075157250882
0.3,0.92,0.45,25.0,0.02,100,1500,300,1346,1119,227,0.35674450063884644,0.9698852746508826,0.35674450063884644
0.3,0.92,0.45,25.0,0.02,100,2500,150,1379,1152,227,-0.1166204299039403,0.24509921492379316,-0.1166204299039403
0.3,0.92,0.45,25.0,0.02,100,2500,300,1282,1064,218,-0.38232707753477113,0.17947951833776302,-0.38232707753477113
0.3,0.92,0.45,25.0,0.02,200,750,150,1106,942,164,-0.2510538785475227,1.4557722122540564,-0.2510538785475227
0.3,0.92,0.45,25.0,0.02,200,750,300,970,824,146,-0.3467565033553309,1.1236333938648426,-0.3467565033553309
0.3,0.92,0.45,25.0,0.02,200,1500,150,989,827,162,-0.17874638360678072,2.019747199284265,-0.17874638360678072
0.3,0.92,0.45,25.0,0.02,200,1500,300,849,705,144,-0.06944425092173843,1.684617684178097,-0.06944425092173843
0.3,0.92,0.45,25.0,0.02,200,2500,150,975,814,161,0.04514118127115321,2.2346882168282067,0.04514118127115321
0.3,0.92,0.45,25.0,0.02,200,2500,300,826,682,144,0.17094629407685016,2.0663383530290194,0.17094629407685016
0.3,0.92,0.45,25.0,0.02,400,750,150,977,829,148,0.12270563811225668,0.8056033108573959,0.12270563811225668
0.3,0.92,0.45,25.0,0.02,400,750,300,746,634,112,0.24848485507386778,1.3150883155714954,0.24848485507386778
0.3,0.92,0.45,25.0,0.02,400,1500,150,845,727,118,0.5932782820618844,0.35563569143236246,0.35563569143236246
0.3,0.92,0.45,25.0,0.02,400,1500,300,611,527,84,0.7762203410902492,0.9585936397416567,0.7762203410902492
0.3,0.92,0.45,25.0,0.02,400,2500,150,806,693,113,0.5837654775805795,0.42634648456506014,0.42634648456506014
0.3,0.92,0.45,25.0,0.02,400,2500,300,567,489,78,0.8463588857347336,0.6225351651402931,0.6225351651402931
0.3,0.92,0.45,25.0,0.02,500,750,150,976,830,146,0.3102929000050364,1.2980679341662247,0.3102929000050364
0.3,0.92,0.45,25.0,0.02,500,750,300,706,601,105,0.6151704205523113,1.7361273581091068,0.6151704205523113
0.3,0.92,0.45,25.0,0.02,500,1500,150,819,695,124,0.427935443683844,2.6079579763882745,0.427935443683844
0.3,0.92,0.45,25.0,0.02,500,1500,300,585,498,87,0.7968248569271833,2.4168681114593635,0.7968248569271833
0.3,0.92,0.45,25.0,0.02,500,2500,150,785,672,113,0.8541151064229735,2.1068480045899034,0.8541151064229735
0.3,0.92,0.45,25.0,0.02,500,2500,300,539,463,76,1.0220342374295308,2.3441845132466073,1.0220342374295308
0.3,0.92,0.45,25.0,0.03,100,750,150,1508,1266,242,0.6120278081796485,-0.25775718041725243,-0.25775718041725243
0.3,0.92,0.45,25.0,0.03,100,750,300,1426,1191,235,-0.5314318950998365,-0.5411902694680178,-0.5411902694680178
0.3,0.92,0.45,25.0,0.03,100,1500,150,1409,1175,234,-0.6643329101947285,1.0373958351428438,-0.6643329101947285
0.3,0.92,0.45,25.0,0.03,100,1500,300,1318,1091,227,-0.7031989765686805,1.2818242089380394,-0.7031989765686805
0.3,0.92,0.45,25.0,0.03,100,2500,150,1359,1132,227,-0.3855549285166181,0.4572899265337298,-0.3855549285166181
0.3,0.92,0.45,25.0,0.03,100,2500,300,1252,1035,217,-0.32839323873968007,0.45735285027031886,-0.32839323873968007
0.3,0.92,0.45,25.0,0.03,200,750,150,1073,910,163,-0.3216296040368487,1.3951555908150892,-0.3216296040368487
0.3,0.92,0.45,25.0,0.03,200,750,300,922,777,145,-0.27225534501093007,1.01770342026059,-0.27225534501093007
0.3,0.92,0.45,25.0,0.03,200,1500,150,965,803,162,-0.103893200670985,1.806229497079089,-0.103893200670985
0.3,0.92,0.45,25.0,0.03,200,1500,300,819,675,144,-0.02216746826062014,1.3345064784745329,-0.02216746826062014
0.3,0.92,0.45,25.0,0.03,200,2500,150,955,794,161,0.08357512380985907,2.111449873794827,0.08357512380985907
0.3,0.92,0.45,25.0,0.03,200,2500,300,799,656,143,0.24986831315927355,1.8306898751142078,0.24986831315927355
0.3,0.92,0.45,25.0,0.03,400,750,150,942,796,146,0.20060922601738818,0.7449068275604357,0.20060922601738818
0.3,0.92,0.45,25.0,0.03,400,750,300,705,596,109,0.2141781736790683,1.5202112094724416,0.2141781736790683
0.3,0.92,0.45,25.0,0.03,400,1500,150,814,696,118,0.6719013591378459,0.7334318789095203,0.6719013591378459
0.3,0.92,0.45,25.0,0.03,400,1500,300,578,494,84,0.7088449873555212,1.1966415549728755,0.7088449873555212
0.3,0.92,0.45,25.0,0.03,400,2500,150,777,665,112,0.6604845897258732,0.6567927744193973,0.6567927744193973
0.3,0.92,0.45,25.0,0.03,400,2500,300,542,465,77,0.7619868063524854,0.7283112154406947,0.7283112154406947
0.3,0.92,0.45,25.0,0.03,500,750,150,945,800,145,0.17522700886286185,1.5328454278606387,0.17522700886286185
0.3,0.92,0.45,25.0,0.03,500,750,300,673,570,103,0.5467010676319114,1.9072537631516984,0.5467010676319114
0.3,0.92,0.45,25.0,0.03,500,1500,150,788,665,123,0.5639263377927859,2.8326992206298724,0.5639263377927859
0.3,0.92,0.45,25.0,0.03,500,1500,300,551,466,85,0.8184256229027013,3.0061920424737214,0.8184256229027013
0.3,0.92,0.45,25.0,0.03,500,2500,150,755,642,113,0.8729843900199602,2.1728154117298337,0.8729843900199602
0.3,0.92,0.45,25.0,0.03,500,2500,300,511,436,75,0.9593098164471001,2.4651419365644323,0.9593098164471001
0.3,0.92,0.45,25.0,0.05,100,750,150,1495,1254,241,-0.5410643171777556,-0.21191469952052636,-0.5410643171777556
0.3,0.92,0.45,25.0,0.05,100,750,300,1409,1175,234,0.40067954052714605,-0.49815622827339273,-0.49815622827339273
0.3,0.92,0.45,25.0,0.05,100,1500,150,1396,1163,233,0.40207694195910104,1.087621786300797,0.40207694195910104
0.3,0.92,0.45,25.0,0.05,100,1500,300,1302,1076,226,0.014320866703027275,1.3334808661571642,0.014320866703027275
0.3,0.92,0.45,25.0,0.05,100,2500,150,1346,1120,226,-0.4420554665558059,0.4760984521676966,-0.4420554665558059
0.3,0.92,0.45,25.0,0.05,100,2500,300,1235,1019,216,0.13400192143389922,0.2713666878482086,0.13400192143389922
0.3,0.92,0.45,25.0,0.05,200,750,150,1049,886,163,-0.25036143945987954,1.320550075115081,-0.25036143945987954
0.3,0.92,0.45,25.0,0.05,200,750,300,897,752,145,-0.07636867053186021,0.8722713779180971,-0.07636867053186021
0.3,0.92,0.45,25.0,0.05,200,1500,150,948,787,161,0.023091829177866365,1.6748273599279697,0.023091829177866365
0.3,0.92,0.45,25.0,0.05,200,1500,300,799,656,143,0.11238781677795531,1.3915369346372732,0.11238781677795531
0.3,0.92,0.45,25.0,0.05,200,2500,150,937,776,161,0.15512213523013801,1.9168692656406707,0.15512213523013801
0.3,0.92,0.45,25.0,0.05,200,2500,300,780,637,143,0.32303824574709117,1.8384318054271194,0.32303824574709117
0.3,0.92,0.45,25.0,0.05,400,750,150,922,776,146,0.25256932140110144,0.8381798068706443,0.25256932140110144
0.3,0.92,0.45,25.0,0.05,400,750,300,673,564,109,0.37558922913627185,1.6532882006188796,0.37558922913627185
0.3,0.92,0.45,25.0,0.05,400,1500,150,794,676,118,0.661271815030253,0.9544414345338249,0.661271815030253
0.3,0.92,0.45,25.0,0.05,400,1500,300,554,470,84,0.7393426099774583,1.5299354862861727,0.7393426099774583
0.3,0.92,0.45,25.0,0.05,400,2500,150,753,641,112,0.7354463312399022,0.5043858673668576,0.5043858673668576
0.3,0.92,0.45,25.0,0.05,400,2500,300,512,435,77,0.8314445104237073,0.5625511056298176,0.5625511056298176
0.3,0.92,0.45,25.0,0.05,500,750,150,924,779,145,0.46189288096179304,1.3343284232453534,0.46189288096179304
0.3,0.92,0.45,25.0,0.05,500,750,300,643,541,102,0.6212447089897452,2.167960677880777,0.6212447089897452
0.3,0.92,0.45,25.0,0.05,500,1500,150,772,649,123,0.7800032480407145,2.8326992206298724,0.7800032480407145
0.3,0.92,0.45,25.0,0.05,500,1500,300,529,444,85,0.8397262423680255,3.0061920424737214,0.8397262423680255
0.3,0.92,0.45,25.0,0.05,500,2500,150,743,631,112,0.9886305719625583,2.2852832059874064,0.9886305719625583
0.3,0.92,0.45,25.0,0.05,500,2500,300,493,418,75,0.9814942825301864,2.4951081355737803,0.9814942825301864
0.3,0.92,0.45,30.0,0.01,100,750,150,1822,1558,264,-0.394832424264627,-0.03215512141996886,-0.394832424264627
0.3,0.92,0.45,30.0,0.01,100,750,300,1748,1490,258,-0.5396193251051975,0.015561120602717193,-0.5396193251051975
0.3,0.92,0.45,30.0,0.01,100,1500,150,1694,1446,248,-0.20058424298561592,0.2558701786839333,-0.20058424298561592
0.3,0.92,0.45,30.0,0.01,100,1500,300,1600,1359,241,-0.09859007920657813,0.4660201253191129,-0.09859007920657813
0.3,0.92,0.45,30.0,0.01,100,2500,150,1662,1408,254,0.1958720432145151,-0.15885626058177854,-0.15885626058177854
0.3,0.92,0.45,30.0,0.01,100,2500,300,1557,1312,245,-0.4749271265472317,-0.05283789045612194,-0.4749271265472317
0.3,0.92,0.45,30.0,0.01,200,750,150,1378,1193,185,0.1833367779503409,1.1436764291549666,0.1833367779503409
0.3,0.92,0.45,30.0,0.01,200,750,300,1223,1058,165,0.5459264961533207,0.9266181921805601,0.5459264961533207
0.3,0.92,0.45,30.0,0.01,200,1500,150,1223,1045,178,-0.3878697227217194,1.2970904302969057,-0.3878697227217194
0.3,0.92,0.45,30.0,0.01,200,1500,300,1071,914,157,-0.2430243902755956,1.0320440050751798,-0.2430243902755956
0.3,0.92,0.45,30.0,0.01,200,2500,150,1186,1010,176,-0.18102173365021995,0.9305709996313878,-0.18102173365021995
0.3,0.92,0.45,30.0,0.01,200,2500,300,1020,861,159,0.021799095868117374,0.7399389892649919,0.021799095868117374
0.3,0.92,0.45,30.0,0.01,400,750,150,1241,1073,168,-0.1557022897909,1.1796848787141312,-0.1557022897909
0.3,0.92,0.45,30.0,0.01,400,750,300,979,855,124,0.1347030723547768,1.2101989040166052,0.1347030723547768
0.3,0.92,0.45,30.0,0.01,400,1500,150,1039,909,130,0.3998507566805206,1.0719650623087258,0.3998507566805206
0.3,0.92,0.45,30.0,0.01,400,1500,300,794,698,96,0.6822382850322933,1.0135500232612036,0.6822382850322933
0.3,0.92,0.45,30.0,0.01,400,2500,150,1004,872,132,0.4328025375468561,0.12755482777773833,0.12755482777773833
0.3,0.92,0.45,30.0,0.01,400,2500,300,751,657,94,0.6142252112732263,-0.17419668717231748,-0.17419668717231748
0.3,0.92,0.45,30.0,0.01,500,750,150,1228,1066,162,-0.007933126951554478,2.0367720001610885,-0.007933126951554478
0.3,0.92,0.45,30.0,0.01,500,750,300,907,789,118,0.45917401600780133,1.751361785529065,0.45917401600780133
0.3,0.92,0.45,30.0,0.01,500,1500,150,1013,872,141,0.43924113439958,2.4725323314504037,0.43924113439958
0.3,0.92,0.45,30.0,0.01,500,1500,300,762,659,103,0.6684455847807141,1.976443548918752,0.6684455847807141
0.3,0.92,0.45,30.0,0.01,500,2500,150,952,824,128,0.8753679983938626,1.6823372479695178,0.8753679983938626
0.3,0.92,0.45,30.0,0.01,500,2500,300,682,594,88,1.0947289733519536,1.5053031432003068,1.0947289733519536
0.3,0.92,0.45,30.0,0.02,100,750,150,1642,1391,251,-0.37353967558213935,0.10027274022329992,-0.37353967558213935
0.3,0.92,0.45,30.0,0.02,100,750,300,1553,1309,244,0.2053684138965905,0.08669962794594051,0.08669962794594051
0.3,0.92,0.45,30.0,0.02,100,1500,150,1530,1289,241,-0.4148805125466889,0.6159440384052877,-0.4148805125466889
0.3,0.92,0.45,30.0,0.02,100,1500,300,1430,1196,234,-0.4792233809395441,0.6686087570297249,-0.4792233809395441
0.3,0.92,0.45,30.0,0.02,100,2500,150,1491,1251,240,-0.6649175803154611,0.18560697404874743,-0.6649175803154611
0.3,0.92,0.45,30.0,0.02,100,2500,300,1376,1145,231,-0.15877808247100145,0.03617494807362185,-0.15877808247100145
0.3,0.92,0.45,30.0,0.02,200,750,150,1188,1017,171,-0.21186248597887505,1.8012112332025672,-0.21186248597887505
0.3,0.92,0.45,30.0,0.02,200,750,300,1020,870,150,-0.29496412111416365,1.488548133047478,-0.29496412111416365
0.3,0.92,0.45,30.0,0.02,200,1500,150,1064,896,168,-0.31922365286329735,1.8218352808436502,-0.31922365286329735
0.3,0.92,0.45,30.0,0.02,200,1500,300,906,759,147,-0.12036834557989223,1.1218979000621612,-0.12036834557989223
0.3,0.92,0.45,30.0,0.02,200,2500,150,1031,864,167,-0.03150585649672081,1.8753317868498864,-0.03150585649672081
0.3,0.92,0.45,30.0,0.02,200,2500,300,867,718,149,0.21181027943953437,1.3514272501390983,0.21181027943953437
0.3,0.92,0.45,30.0,0.02,400,750,150,1057,899,158,0.012355272627557763,0.9105471089645888,0.012355272627557763
0.3,0.92,0.45,30.0,0.02,400,750,300,790,675,115,0.19801649671592325,1.266206528144511,0.19801649671592325
0.3,0.92,0.45,30.0,0.02,400,1500,150,908,781,127,0.5262514121213011,0.6575958790820595,0.5262514121213011
0.3,0.92,0.45,30.0,0.02,400,1500,300,653,565,88,0.6882874119844021,1.1227933672914778,0.6882874119844021
0.3,0.92,0.45,30.0,0.02,400,2500,150,866,742,124,0.4787882301511007,0.12729181492613076,0.12729181492613076
0.3,0.92,0.45,30.0,0.02,400,2500,300,609,525,84,0.6355494042226455,0.4963918340371156,0.4963918340371156
0.3,0.92,0.45,30.0,0.02,500,750,150,1038,886,152,0.1724277564696956,1.8159724502097057,0.1724277564696956
0.3,0.92,0.45,30.0,0.02,500,750,300,737,630,107,0.6177341471481659,1.9822091862729672,0.6177341471481659
0.3,0.92,0.45,30.0,0.02,500,1500,150,873,740,133,0.5296515765856269,2.3545927945588523,0.5296515765856269
0.3,0.92,0.45,30.0,0.02,500,1500,300,616,525,91,0.7722772299426746,2.2850397032296264,0.7722772299426746
0.3,0.92,0.45,30.0,0.02,500,2500,150,828,710,118,0.7493797931624328,2.000522825434424,0.7493797931624328
0.3,0.92,0.45,30.0,0.02,500,2500,300,562,482,80,0.9931396833124558,2.1611102681592156,0.9931396833124558
0.3,0.92,0.45,30.0,0.03,100,750,150,1611,1362,249,-0.47696762368054524,0.14105322706473186,-0.47696762368054524
0.3,0.92,0.45,30.0,0.03,100,750,300,1513,1271,242,-0.1544730996865494,-0.04443149448461235,-0.1544730996865494
0.3,0.92,0.45,30.0,0.03,100,1500,150,1499,1259,240,0.02380072377535593,0.5382277564972326,0.02380072377535593
0.3,0.92,0.45,30.0,0.03,100,1500,300,1389,1156,233,-0.33124866027780675,0.888457097767842,-0.33124866027780675
0.3,0.92,0.45,30.0,0.03,100,2500,150,1460,1220,240,0.5032772703565722,0.377024164024004,0.377024164024004
0.3,0.92,0.45,30.0,0.03,100,2500,300,1332,1102,230,-0.24201581339776906,0.31695781562890113,-0.24201581339776906
0.3,0.92,0.45,30.0,0.03,200,750,150,1141,971,170,-0.2519637550553,1.7058773989929867,-0.2519637550553
0.3,0.92,0.45,30.0,0.03,200,750,300,962,813,149,-0.31428266547192313,1.3304089796337855,-0.31428266547192313
0.3,0.92,0.45,30.0,0.03,200,1500,150,1029,861,168,-0.34390344024095865,1.6310998905946468,-0.34390344024095865
0.3,0.92,0.45,30.0,0.03,200,1500,300,865,718,147,-0.13806717720599368,1.1991707033070336,-0.13806717720599368
0.3,0.92,0.45,30.0,0.03,200,2500,150,1002,835,167,-0.10281082115424389,1.7790618954783841,-0.10281082115424389
0.3,0.92,0.45,30.0,0.03,200,2500,300,832,684,148,0.2452713799100214,1.5534296095476352,0.2452713799100214
0.3,0.92,0.45,30.0,0.03,400,750,150,1006,850,156,0.0840016439067536,1.0067439880748343,0.0840016439067536
0.3,0.92,0.45,30.0,0.03,400,750,300,735,623,112,0.1613339161677203,1.491828106187358,0.1613339161677203
0.3,0.92,0.45,30.0,0.03,400,1500,150,862,737,125,0.4956510064600797,0.9477626658589832,0.4956510064600797
0.3,0.92,0.45,30.0,0.03,400,1500,300,602,516,86,0.7440071140485957,1.259895906157151,0.7440071140485957
0.3,0.92,0.45,30.0,0.03,400,2500,150,827,705,122,0.46106839000139815,0.6258105726321012,0.46106839000139815
0.3,0.92,0.45,30.0,0.03,400,2500,300,571,489,82,0.6162583146683378,1.1683546508506177,0.6162583146683378
0.3,0.92,0.45,30.0,0.03,500,750,150,997,846,151,0.11562003547901324,1.9532030568168153,0.11562003547901324
0.3,0.92,0.45,30.0,0.03,500,750,300,697,592,105,0.49516670105311905,2.1004914471366107,0.49516670105311905
0.3,0.92,0.45,30.0,0.03,500,1500,150,842,710,132,0.39054571619958806,2.647990229218823,0.39054571619958806
0.3,0.92,0.45,30.0,0.03,500,1500,300,582,493,89,0.7020604132342623,2.8531836228880683,0.7020604132342623
0.3,0.92,0.45,30.0,0.03,500,2500,150,789,672,117,0.6650855504523703,2.215293192744216,0.6650855504523703
0.3,0.92,0.45,30.0,0.03,500,2500,300,528,450,78,0.9729496028941372,2.2945619745245756,0.9729496028941372
0.3,0.92,0.45,30.0,0.05,100,750,150,1596,1348,248,0.3155043646990076,0.19133390654184884,0.19133390654184884
0.3,0.92,0.45,30.0,0.05,100,750,300,1492,1251,241,-0.12739090671052045,0.005461836541830995,-0.12739090671052045
0.3,0.92,0.45,30.0,0.05,100,1500,150,1485,1246,239,0.737144320555546,0.5641572676527956,0.5641572676527956
0.3,0.92,0.45,30.0,0.05,100,1500,300,1367,1135,232,-0.06507911274391025,0.9162464716550959,-0.06507911274391025
0.3,0.92,0.45,30.0,0.05,100,2500,150,1445,1206,239,-0.7032517559687518,0.39552524973732833,-0.7032517559687518
0.3,0.92,0.45,30.0,0.05,100,2500,300,1314,1085,229,0.5178514059744194,0.1866654162280834,0.1866654162280834
0.3,0.92,0.45,30.0,0.05,200,750,150,1115,945,170,-0.21942717675383996,1.6192547856914532,-0.21942717675383996
0.3,0.92,0.45,30.0,0.05,200,750,300,932,783,149,-0.15965854270448906,1.1951206021382514,-0.15965854270448906
0.3,0.92,0.45,30.0,0.05,200,1500,150,1005,838,167,-0.15674817712480163,1.5127747590543745,-0.15674817712480163
0.3,0.92,0.45,30.0,0.05,200,1500,300,838,692,146,-0.012722867005254728,1.27140534346375,-0.012722867005254728
0.3,0.92,0.45,30.0,0.05,200,2500,150,981,814,167,0.0026424367923157913,1.5983497614295195,0.0026424367923157913
0.3,0.92,0.45,30.0,0.05,200,2500,300,809,661,148,0.25938583661599174,1.5757731321755237,0.25938583661599174
0.3,0.92,0.45,30.0,0.05,400,750,150,985,829,156,0.10355688074365,0.9410348801057724,0.10355688074365
0.3,0.92,0.45,30.0,0.05,400,750,300,702,590,112,0.3508308596339685,1.396685929915443,0.3508308596339685
0.3,0.92,0.45,30.0,0.05,400,1500,150,840,715,125,0.498793321764009,1.1815210207654407,0.498793321764009
0.3,0.92,0.45,30.0,0.05,400,1500,300,577,491,86,0.7224994690821561,1.6031695532667118,0.7224994690821561
0.3,0.92,0.45,30.0,0.05,400,2500,150,799,677,122,0.5683302960966717,0.48202076590582493,0.48202076590582493
0.3,0.92,0.45,30.0,0.05,400,2500,300,539,457,82,0.6925643401541794,1.0413843348189786,0.6925643401541794
0.3,0.92,0.45,30.0,0.05,500,750,150,968,817,151,0.4153184483242203,1.7986598641312819,0.4153184483242203
0.3,0.92,0.45,30.0,0.05,500,750,300,659,555,104,0.609144527664068,2.3367098566673925,0.609144527664068
0.3,0.92,0.45,30.0,0.05,500,1500,150,823,691,132,0.6557100158160301,2.647990229218823,0.6557100158160301
0.3,0.92,0.45,30.0,0.05,500,1500,300,555,466,89,0.834207463051954,2.8531836228880683,0.834207463051954
0.3,0.92,0.45,30.0,0.05,500,2500,150,774,657,117,0.857458142068444,2.215293192744216,0.857458142068444
0.3,0.92,0.45,30.0,0.05,500,2500,300,509,431,78,1.007997580040462,2.3247925039643125,1.007997580040462
0.3,0.92,0.45,35.0,0.01,100,750,150,1928,1651,277,0.31494607881086656,0.3412651650894484,0.31494607881086656
0.3,0.92,0.45,35.0,0.01,100,750,300,1845,1577,268,-0.3778981125418453,0.32081344823019353,-0.3778981125418453
0.3,0.92,0.45,35.0,0.01,100,1500,150,1780,1525,255,-0.6831360830717519,0.26712986400285815,-0.6831360830717519
0.3,0.92,0.45,35.0,0.01,100,1500,300,1687,1439,248,0.046290273565367704,0.4450816978960638,0.046290273565367704
0.3,0.92,0.45,35.0,0.01,100,2500,150,1730,1468,262,-0.48421017619117346,-0.13298119318569232,-0.48421017619117346
0.3,0.92,0.45,35.0,0.01,100,2500,300,1624,1370,254,-0.3460159667444545,-0.15880917376166706,-0.3460159667444545
0.3,0.92,0.45,35.0,0.01,200,750,150,1443,1252,191,-0.027315946017730797,1.270609857262121,-0.027315946017730797
0.3,0.92,0.45,35.0,0.01,200,750,300,1270,1106,164,-0.19011824493650373,1.1284913488351642,-0.19011824493650373
0.3,0.92,0.45,35.0,0.01,200,1500,150,1306,1116,190,-0.1992329399863764,1.1071625439466246,-0.1992329399863764
0.3,0.92,0.45,35.0,0.01,200,1500,300,1138,975,163,-0.030889261964124864,0.8068091062352706,-0.030889261964124864
0.3,0.92,0.45,35.0,0.01,200,2500,150,1251,1070,181,-0.08826463024923571,0.9771340031668737,-0.08826463024923571
0.3,0.92,0.45,35.0,0.01,200,2500,300,1071,910,161,0.012653784261159531,0.7180038345586676,0.012653784261159531
0.3,0.92,0.45,35.0,0.01,400,750,150,1312,1136,176,-0.10657065612486849,1.0991271227225705,-0.10657065612486849
0.3,0.92,0.45,35.0,0.01,400,750,300,1020,892,128,0.2085185923387804,1.0805344631400353,0.2085185923387804
0.3,0.92,0.45,35.0,0.01,400,1500,150,1108,966,142,0.4903925978310054,1.0602169652576874,0.4903925978310054
0.3,0.92,0.45,35.0,0.01,400,1500,300,838,735,103,0.8386550421538586,0.8656165835406616,0.8386550421538586
0.3,0.92,0.45,35.0,0.01,400,2500,150,1065,926,139,0.5406889965615937,0.0785275010133358,0.0785275010133358
0.3,0.92,0.45,35.0,0.01,400,2500,300,784,686,98,0.6879398063581592,-0.33818588343605044,-0.33818588343605044
0.3,0.92,0.45,35.0,0.01,500,750,150,1295,1127,168,-0.057167627087727345,1.8928126149743052,-0.057167627087727345
0.3,0.92,0.45,35.0,0.01,500,750,300,950,827,123,0.4066665161872551,1.695516669254888,0.4066665161872551
0.3,0.92,0.45,35.0,0.01,500,1500,150,1070,924,146,0.4784348079973324,2.473124513664866,0.4784348079973324
0.3,0.92,0.45,35.0,0.01,500,1500,300,787,681,106,0.7276044401805531,1.9672097282494805,0.7276044401805531
0.3,0.92,0.45,35.0,0.01,500,2500,150,1005,870,135,0.7808278458444924,1.7641722226009382,0.7808278458444924
0.3,0.92,0.45,35.0,0.01,500,2500,300,716,623,93,1.0186941121678903,1.4213910986915375,1.0186941121678903
0.3,0.92,0.45,35.0,0.02,100,750,150,1720,1457,263,0.26054084082381734,0.3403542836872199,0.26054084082381734
0.3,0.92,0.45,35.0,0.02,100,750,300,1617,1363,254,0.19430246435540494,0.232585501943731,0.19430246435540494
0.3,0.92,0.45,35.0,0.02,100,1500,150,1591,1345,246,0.21660590402209176,0.7360916892408776,0.21660590402209176
0.3,0.92,0.45,35.0,0.02,100,1500,300,1485,1246,239,0.5269678686490532,0.7627432392550108,0.5269678686490532
0.3,0.92,0.45,35.0,0.02,100,2500,150,1534,1287,247,-0.4170157414413792,0.2800512368946066,-0.4170157414413792
0.3,0.92,0.45,35.0,0.02,100,2500,300,1418,1180,238,-0.27421679661464743,0.038240594501349826,-0.27421679661464743
0.3,0.92,0.45,35.0,0.02,200,750,150,1239,1063,176,-0.014230518431694462,1.7339253407188615,-0.014230518431694462
0.3,0.92,0.45,35.0,0.02,200,750,300,1049,898,151,0.22058914984127906,1.3193933573059518,0.22058914984127906
0.3,0.92,0.45,35.0,0.02,200,1500,150,1120,944,176,-0.24058437783625222,1.5942629197249272,-0.24058437783625222
0.3,0.92,0.45,35.0,0.02,200,1500,300,945,794,151,0.022826952785590614,0.6522409502365017,0.022826952785590614
0.3,0.92,0.45,35.0,0.02,200,2500,150,1084,912,172,-0.11789872223365057,1.8720909464449955,-0.11789872223365057
0.3,0.92,0.45,35.0,0.02,200,2500,300,906,755,151,0.2240912372303952,1.342633258548537,0.2240912372303952
0.3,0.92,0.45,35.0,0.02,400,750,150,1103,941,162,-0.014284605199651045,0.7015782861451056,-0.014284605199651045
0.3,0.92,0.45,35.0,0.02,400,750,300,814,697,117,0.27252571851292395,1.1205624840138106,0.27252571851292395
0.3,0.92,0.45,35.0,0.02,400,1500,150,950,813,137,0.6274144883481376,0.6031178181309342,0.6031178181309342
0.3,0.92,0.45,35.0,0.02,400,1500,300,672,580,92,0.8446589782491387,1.0298093401169577,0.8446589782491387
0.3,0.92,0.45,35.0,0.02,400,2500,150,909,781,128,0.503667749764147,0.04757930063676885,0.04757930063676885
0.3,0.92,0.45,35.0,0.02,400,2500,300,631,544,87,0.6523762758279981,0.305660404009579,0.305660404009579
0.3,0.92,0.45,35.0,0.02,500,750,150,1079,924,155,0.19327875884692017,1.8235566594039156,0.19327875884692017
0.3,0.92,0.45,35.0,0.02,500,750,300,762,653,109,0.6175951060122156,1.9861488924535224,0.6175951060122156
0.3,0.92,0.45,35.0,0.02,500,1500,150,914,778,136,0.5088995360255211,2.310341609028129,0.5088995360255211
0.3,0.92,0.45,35.0,0.02,500,1500,300,636,543,93,0.7478791870558774,2.1438314844231403,0.7478791870558774
0.3,0.92,0.45,35.0,0.02,500,2500,150,861,738,123,0.7435601824134487,2.0404730384769674,0.7435601824134487
0.3,0.92,0.45,35.0,0.02,500,2500,300,585,500,85,0.933493402800094,2.0132842157677002,0.933493402800094
0.3,0.92,0.45,35.0,0.03,100,750,150,1681,1421,260,0.43182399651869724,0.3157595006992918,0.3157595006992918
0.3,0.92,0.45,35.0,0.03,100,750,300,1569,1319,250,-0.04497176206067703,0.04224553696844948,-0.04497176206067703
0.3,0.92,0.45,35.0,0.03,100,1500,150,1558,1313,245,-0.1983665442684684,0.6459046727300563,-0.1983665442684684
0.3,0.92,0.45,35.0,0.03,100,1500,300,1442,1204,238,-0.16347958431340176,0.9600445403104049,-0.16347958431340176
0.3,0.92,0.45,35.0,0.03,100,2500,150,1496,1250,246,0.7459189940381864,0.477327305394354,0.477327305394354
0.3,0.92,0.45,35.0,0.03,100,2500,300,1369,1133,236,-0.1873219565987693,0.32079962306060006,-0.1873219565987693
0.3,0.92,0.45,35.0,0.03,200,750,150,1193,1018,175,-0.25206910085030354,1.6167859957138748,-0.25206910085030354
0.3,0.92,0.45,35.0,0.03,200,750,300,990,840,150,-0.2507081684574213,1.2071122822841456,-0.2507081684574213
0.3,0.92,0.45,35.0,0.03,200,1500,150,1086,910,176,-0.25306248586235747,1.4361105581868379,-0.25306248586235747
0.3,0.92,0.45,35.0,0.03,200,1500,300,902,751,151,0.07315565089684148,0.9866005572965656,0.07315565089684148
0.3,0.92,0.45,35.0,0.03,200,2500,150,1048,877,171,0.05221453466815601,1.7362188295637564,0.05221453466815601
0.3,0.92,0.45,35.0,0.03,200,2500,300,860,711,149,0.3684397410710778,1.1914581754978935,0.3684397410710778
0.3,0.92,0.45,35.0,0.03,400,750,150,1047,888,159,-0.022373626827397613,0.7870093684050784,-0.022373626827397613
0.3,0.92,0.45,35.0,0.03,400,750,300,754,641,113,0.21064909389178504,1.3331160445164423,0.21064909389178504
0.3,0.92,0.45,35.0,0.03,400,1500,150,894,760,134,0.6035976336767113,0.8835436050853221,0.6035976336767113
0.3,0.92,0.45,35.0,0.03,400,1500,300,621,532,89,0.8163479095685907,1.1348852735283,0.8163479095685907
0.3,0.92,0.45,35.0,0.03,400,2500,150,858,732,126,0.48529427485116955,0.5291073074787925,0.48529427485116955
0.3,0.92,0.45,35.0,0.03,400,2500,300,589,504,85,0.683270767755918,1.0317577233466764,0.683270767755918
0.3,0.92,0.45,35.0,0.03,500,750,150,1034,880,154,0.08729302593794838,1.734380614420396,0.08729302593794838
0.3,0.92,0.45,35.0,0.03,500,750,300,716,609,107,0.3691343227290657,1.9152741096124632,0.3691343227290657
0.3,0.92,0.45,35.0,0.03,500,1500,150,876,741,135,0.37316042068957356,2.6079122485831365,0.37316042068957356
0.3,0.92,0.45,35.0,0.03,500,1500,300,595,504,91,0.6850460600016511,2.6951412137988995,0.6850460600016511
0.3,0.92,0.45,35.0,0.03,500,2500,150,816,694,122,0.6501524815215068,2.2554992260695172,0.6501524815215068
0.3,0.92,0.45,35.0,0.03,500,2500,300,549,466,83,0.9917580115187343,2.138045205962653,0.9917580115187343
0.3,0.92,0.45,35.0,0.05,100,750,150,1664,1405,259,-0.4454033319230504,0.3642824488488473,-0.4454033319230504
0.3,0.92,0.45,35.0,0.05,100,750,300,1545,1296,249,0.5026406899000865,0.08997855036781252,0.08997855036781252
0.3,0.92,0.45,35.0,0.05,100,1500,150,1542,1298,244,-0.13922952611672118,0.6709415698725724,-0.13922952611672118
0.3,0.92,0.45,35.0,0.05,100,1500,300,1421,1184,237,0.32324903589456555,0.9864523706400061,0.32324903589456555
0.3,0.92,0.45,35.0,0.05,100,2500,150,1481,1236,245,-0.22677804753542238,0.4948127454027358,-0.22677804753542238
0.3,0.92,0.45,35.0,0.05,100,2500,300,1350,1115,235,0.2326495871119055,0.197368468358096,0.197368468358096
0.3,0.92,0.45,35.0,0.05,200,750,150,1166,991,175,-0.17161809819683185,1.5382916791926895,-0.17161809819683185
0.3,0.92,0.45,35.0,0.05,200,750,300,958,808,150,-0.10655214330210212,1.0815151411969186,-0.10655214330210212
0.3,0.92,0.45,35.0,0.05,200,1500,150,1057,882,175,-0.17147615656020265,1.332296106920646,-0.17147615656020265
0.3,0.92,0.45,35.0,0.05,200,1500,300,870,720,150,0.12186102512461136,0.9061709859043938,0.12186102512461136
0.3,0.92,0.45,35.0,0.05,200,2500,150,1027,856,171,0.05890752926558275,1.5556072532433973,0.05890752926558275
0.3,0.92,0.45,35.0,0.05,200,2500,300,836,687,149,0.3071818092923544,1.2205056089193558,0.3071818092923544
0.3,0.92,0.45,35.0,0.05,400,750,150,1015,856,159,-0.0014368445825121803,0.9099061037985147,-0.0014368445825121803
0.3,0.92,0.45,35.0,0.05,400,750,300,717,604,113,0.35220474735122553,1.190561279123747,0.35220474735122553
0.3,0.92,0.45,35.0,0.05,400,1500,150,872,738,134,0.6306786811640515,1.1099361565533583,0.6306786811640515
0.3,0.92,0.45,35.0,0.05,400,1500,300,594,505,89,0.8062556294016519,1.458112641076415,0.8062556294016519
0.3,0.92,0.45,35.0,0.05,400,2500,150,824,698,126,0.5294450242042396,0.3931065804143601,0.3931065804143601
0.3,0.92,0.45,35.0,0.05,400,2500,300,555,470,85,0.6939897459987958,0.910902696022339,0.6939897459987958
0.3,0.92,0.45,35.0,0.05,500,750,150,1000,846,154,0.40408078906185574,1.5818722707020751,0.40408078906185574
0.3,0.92,0.45,35.0,0.05,500,750,300,676,570,106,0.6272383324027148,2.1423237873893037,0.6272383324027148
0.3,0.92,0.45,35.0,0.05,500,1500,150,847,712,135,0.7016180335233622,2.6079122485831365,0.7016180335233622
0.3,0.92,0.45,35.0,0.05,500,1500,300,564,473,91,0.925337863181998,2.6951412137988995,0.925337863181998
0.3,0.92,0.45,35.0,0.05,500,2500,150,800,678,122,0.8544239115580017,2.2554992260695172,0.8544239115580017
0.3,0.92,0.45,35.0,0.05,500,2500,300,524,441,83,1.1093013534458465,2.16804234220777,1.1093013534458465
0.3,0.92,0.5,15.0,0.01,100,750,150,912,780,132,0.48905218713372417,-0.5845157217033418,-0.5845157217033418
0.3,0.92,0.5,15.0,0.01,100,750,300,883,753,130,0.4582307934166299,-0.819036920254995,-0.819036920254995
0.3,0.92,0.5,15.0,0.01,100,1500,150,844,718,126,0.4215456676671159,-0.6583042407748804,-0.6583042407748804
0.3,0.92,0.5,15.0,0.01,100,1500,300,809,686,123,0.05186744716496712,-0.8248383571359998,-0.8248383571359998
0.3,0.92,0.5,15.0,0.01,100,2500,150,798,673,125,0.41668101642008515,-0.6064550159403572,-0.6064550159403572
0.3,0.92,0.5,15.0,0.01,100,2500,300,764,644,120,-0.7588653399236479,-0.3566330863311582,-0.7588653399236479
0.3,0.92,0.5,15.0,0.01,200,750,150,764,654,110,-0.06614564305718051,1.0251008082331292,-0.06614564305718051
0.3,0.92,0.5,15.0,0.01,200,750,300,697,591,106,-0.02530665521213121,1.0116657824939035,-0.02530665521213121
0.3,0.92,0.5,15.0,0.01,200,1500,150,694,584,110,0.20477507160151479,0.7228246569744977,0.20477507160151479
0.3,0.92,0.5,15.0,0.01,200,1500,300,624,522,102,0.263072290767734,1.1676197186232284,0.263072290767734
0.3,0.92,0.5,15.0,0.01,200,2500,150,677,573,104,0.07244631774542838,0.8060189050524003,0.07244631774542838
0.3,0.92,0.5,15.0,0.01,200,2500,300,608,512,96,0.04846778777312621,1.0938047560873465,0.04846778777312621
0.3,0.92,0.5,15.0,0.01,400,750,150,676,577,99,0.0853251296536108,0.5740665294311804,0.0853251296536108
0.3,0.92,0.5,15.0,0.01,400,750,300,580,502,78,0.3489550094289609,1.1665012315401995,0.3489550094289609
0.3,0.92,0.5,15.0,0.01,400,1500,150,593,507,86,0.4658793280141064,0.9600962649895937,0.4658793280141064
0.3,0.92,0.5,15.0,0.01,400,1500,300,495,428,67,0.6387511218326595,1.5917063159834677,0.6387511218326595
0.3,0.92,0.5,15.0,0.01,400,2500,150,568,488,80,0.3663798461946352,0.5437887177389898,0.3663798461946352
0.3,0.92,0.5,15.0,0.01,400,2500,300,470,409,61,0.6432399727417716,0.9073159243153106,0.6432399727417716
0.3,0.92,0.5,15.0,0.01,500,750,150,703,595,108,0.2326405669979238,1.68425336174294,0.2326405669979238
0.3,0.92,0.5,15.0,0.01,500,750,300,582,504,78,0.5002296119206573,2.059385079817528,0.5002296119206573
0.3,0.92,0.5,15.0,0.01,500,1500,150,605,515,90,0.29507862335448787,2.0866843794405097,0.29507862335448787
0.3,0.92,0.5,15.0,0.01,500,1500,300,498,429,69,0.4463562907744907,2.131742308178484,0.4463562907744907
0.3,0.92,0.5,15.0,0.01,500,2500,150,560,481,79,0.7028389364703227,2.494220480742247,0.7028389364703227
0.3,0.92,0.5,15.0,0.01,500,2500,300,457,399,58,0.6995649074267639,2.5889646229544856,0.6995649074267639
0.3,0.92,0.5,15.0,0.02,100,750,150,865,736,129,-0.30796999878900994,-0.31931992940542264,-0.31931992940542264
0.3,0.92,0.5,15.0,0.02,100,750,300,832,706,126,0.3781063063251581,-0.6013828597695485,-0.6013828597695485
0.3,0.92,0.5,15.0,0.02,100,1500,150,803,678,125,-0.4334002769960993,-0.09649562635892722,-0.4334002769960993
0.3,0.92,0.5,15.0,0.02,100,1500,300,764,643,121,0.43525996171404485,-0.26773192011508357,-0.26773192011508357
0.3,0.92,0.5,15.0,0.02,100,2500,150,754,632,122,-0.40759222583133453,-0.3462480436385108,-0.40759222583133453
0.3,0.92,0.5,15.0,0.02,100,2500,300,712,597,115,-0.7613269614148184,-0.1132972557238413,-0.7613269614148184
0.3,0.92,0.5,15.0,0.02,200,750,150,709,602,107,0.015816725993977033,0.622761539647571,0.015816725993977033
0.3,0.92,0.5,15.0,0.02,200,750,300,637,535,102,-0.0811079178465672,0.5544267639464886,-0.0811079178465672
0.3,0.92,0.5,15.0,0.02,200,1500,150,649,542,107,0.0680904714749031,0.25679258912156244,0.0680904714749031
0.3,0.92,0.5,15.0,0.02,200,1500,300,574,476,98,0.06543840393063813,0.6006632844956852,0.06543840393063813
0.3,0.92,0.5,15.0,0.02,200,2500,150,626,523,103,0.053272271172987724,0.359592676130794,0.053272271172987724
0.3,0.92,0.5,15.0,0.02,200,2500,300,558,464,94,-0.16979778454344607,0.47432470110216723,-0.16979778454344607
0.3,0.92,0.5,15.0,0.02,400,750,150,622,526,96,0.23485831732664256,1.1560291792453437,0.23485831732664256
0.3,0.92,0.5,15.0,0.02,400,750,300,510,436,74,0.4821288889219679,1.7104041049960328,0.4821288889219679
0.3,0.92,0.5,15.0,0.02,400,1500,150,548,466,82,0.6488131994811169,1.0754315423245813,0.6488131994811169
0.3,0.92,0.5,15.0,0.02,400,1500,300,431,369,62,0.738562184705042,1.4679809250761116,0.738562184705042
0.3,0.92,0.5,15.0,0.02,400,2500,150,519,441,78,0.6940311422249352,0.8967497477418541,0.6940311422249352
0.3,0.92,0.5,15.0,0.02,400,2500,300,397,340,57,0.8899586503832788,1.0179081663006877,0.8899586503832788
0.3,0.92,0.5,15.0,0.02,500,750,150,646,542,104,0.32115575005979724,1.8866900145370251,0.32115575005979724
0.3,0.92,0.5,15.0,0.02,500,750,300,504,428,76,0.6727961024565338,2.3726505364724355,0.6727961024565338
0.3,0.92,0.5,15.0,0.02,500,1500,150,557,469,88,0.5144959939501851,2.2786972411527957,0.5144959939501851
0.3,0.92,0.5,15.0,0.02,500,1500,300,429,365,64,0.641467550700353,2.3475882705815314,0.641467550700353
0.3,0.92,0.5,15.0,0.02,500,2500,150,513,437,76,0.6842666014710912,2.3318258854925733,0.6842666014710912
0.3,0.92,0.5,15.0,0.02,500,2500,300,394,339,55,0.7469596455115822,1.9659671690313367,0.7469596455115822
0.3,0.92,0.5,15.0,0.03,100,750,150,858,729,129,-0.44114466833378224,-0.3159715470159468,-0.44114466833378224
0.3,0.92,0.5,15.0,0.03,100,750,300,823,697,126,-0.31736004188660355,-0.5929471008662575,-0.5929471008662575
0.3,0.92,0.5,15.0,0.03,100,1500,150,792,667,125,-0.4827694322446348,-0.028336344534607354,-0.4827694322446348
0.3,0.92,0.5,15.0,0.03,100,1500,300,753,632,121,0.40658366635713383,-0.19950747592521986,-0.19950747592521986
0.3,0.92,0.5,15.0,0.03,100,2500,150,743,621,122,-0.08929796001314699,-0.28881032302031945,-0.28881032302031945
0.3,0.92,0.5,15.0,0.03,100,2500,300,702,587,115,-0.4114520049654763,-0.0955252228138929,-0.4114520049654763
0.3,0.92,0.5,15.0,0.03,200,750,150,695,589,106,-0.13449120839755602,0.3896555672685324,-0.13449120839755602
0.3,0.92,0.5,15.0,0.03,200,750,300,616,515,101,-0.06492188322851464,0.4314500077203246,-0.06492188322851464
0.3,0.92,0.5,15.0,0.03,200,1500,150,632,525,107,-0.029916713824832308,0.017945453851205117,-0.029916713824832308
0.3,0.92,0.5,15.0,0.03,200,1500,300,551,453,98,-0.01793753096613808,0.33950216364128705,-0.01793753096613808
0.3,0.92,0.5,15.0,0.03,200,2500,150,613,510,103,-0.009656172241858633,0.33827387092018474,-0.009656172241858633
0.3,0.92,0.5,15.0,0.03,200,2500,300,541,447,94,-0.1537304782156334,0.4494332051508946,-0.1537304782156334
0.3,0.92,0.5,15.0,0.03,400,750,150,612,517,95,0.24172705225436558,1.0380162219815317,0.24172705225436558
0.3,0.92,0.5,15.0,0.03,400,750,300,495,422,73,0.5146258158272975,1.9843589941506694,0.5146258158272975
0.3,0.92,0.5,15.0,0.03,400,1500,150,536,454,82,0.5683633357540792,1.332559811212323,0.5683633357540792
0.3,0.92,0.5,15.0,0.03,400,1500,300,415,353,62,0.6044445774522377,1.9020508806798693,0.6044445774522377
0.3,0.92,0.5,15.0,0.03,400,2500,150,509,432,77,0.6303337396105777,0.9115644740601536,0.6303337396105777
0.3,0.92,0.5,15.0,0.03,400,2500,300,384,328,56,0.8566306090301372,1.181232852312295,0.8566306090301372
0.3,0.92,0.5,15.0,0.03,500,750,150,640,537,103,0.2950155166635422,1.9306561007638001,0.2950155166635422
0.3,0.92,0.5,15.0,0.03,500,750,300,491,415,76,0.6295352141366598,2.4904277865250504,0.6295352141366598
0.3,0.92,0.5,15.0,0.03,500,1500,150,546,458,88,0.5275589500138668,2.5128282439430234,0.5275589500138668
0.3,0.92,0.5,15.0,0.03,500,1500,300,415,351,64,0.6045672407032391,2.528318905020637,0.6045672407032391
0.3,0.92,0.5,15.0,0.03,500,2500,150,504,428,76,0.6751987157937924,2.5238819666318952,0.6751987157937924
0.3,0.92,0.5,15.0,0.03,500,2500,300,381,326,55,0.8061479828308135,2.1732196204423158,0.8061479828308135
0.3,0.92,0.5,15.0,0.05,100,750,150,856,728,128,0.43590968606610186,-0.26094463309878596,-0.26094463309878596
0.3,0.92,0.5,15.0,0.05,100,750,300,820,695,125,-0.16256340114862608,-0.5428612015733489,-0.5428612015733489
0.3,0.92,0.5,15.0,0.05,100,1500,150,788,664,124,0.3598858362635807,0.022938815924940775,0.022938815924940775
0.3,0.92,0.5,15.0,0.05,100,1500,300,747,627,120,0.07949980608126225,-0.1497013986169139,-0.1497013986169139
0.3,0.92,0.5,15.0,0.05,100,2500,150,741,619,122,-0.8385602518389997,-0.28881032302031945,-0.8385602518389997
0.3,0.92,0.5,15.0,0.05,100,2500,300,697,582,115,-0.33362399277489524,-0.0955252228138929,-0.33362399277489524
0.3,0.92,0.5,15.0,0.05,200,750,150,688,582,106,-0.08379976388142533,0.39503268171123296,-0.08379976388142533
0.3,0.92,0.5,15.0,0.05,200,750,300,608,507,101,-0.15436207151349057,0.4352028622120769,-0.15436207151349057
0.3,0.92,0.5,15.0,0.05,200,1500,150,623,517,106,-0.06540081784975851,0.09203048464164078,-0.06540081784975851
0.3,0.92,0.5,15.0,0.05,200,1500,300,538,441,97,-0.12617987668822325,0.41278430337352834,-0.12617987668822325
0.3,0.92,0.5,15.0,0.05,200,2500,150,606,503,103,-0.06703438139930569,0.1902459393050587,-0.06703438139930569
0.3,0.92,0.5,15.0,0.05,200,2500,300,534,440,94,-0.3239591624234137,0.2886843496466937,-0.3239591624234137
0.3,0.92,0.5,15.0,0.05,400,750,150,608,513,95,0.10131890723546562,1.0380162219815317,0.10131890723546562
0.3,0.92,0.5,15.0,0.05,400,750,300,483,410,73,0.49782608240161125,1.9843589941506694,0.49782608240161125
0.3,0.92,0.5,15.0,0.05,400,1500,150,533,451,82,0.48634966563041926,1.332559811212323,0.48634966563041926
0.3,0.92,0.5,15.0,0.05,400,1500,300,411,349,62,0.5083016896492898,1.9020508806798693,0.5083016896492898
0.3,0.92,0.5,15.0,0.05,400,2500,150,505,428,77,0.6317877252802742,0.9115644740601536,0.6317877252802742
0.3,0.92,0.5,15.0,0.05,400,2500,300,376,320,56,0.9833803076623125,1.181232852312295,0.9833803076623125
0.3,0.92,0.5,15.0,0.05,500,750,150,631,528,103,0.3600648539618706,1.9306561007638001,0.3600648539618706
0.3,0.92,0.5,15.0,0.05,500,750,300,477,402,75,0.5809217908781525,2.757014029231323,0.5809217908781525
0.3,0.92,0.5,15.0,0.05,500,1500,150,538,450,88,0.5040482692566479,2.5128282439430234,0.5040482692566479
0.3,0.92,0.5,15.0,0.05,500,1500,300,402,338,64,0.5916142536542198,2.528318905020637,0.5916142536542198
0.3,0.92,0.5,15.0,0.05,500,2500,150,498,422,76,0.7677764474423545,2.5238819666318952,0.7677764474423545
0.3,0.92,0.5,15.0,0.05,500,2500,300,373,318,55,0.8656922970897588,2.2280151425639514,0.8656922970897588
0.3,0.92,0.5,20.0,0.01,100,750,150,1412,1206,206,0.426637166793331,-0.7782568527280179,-0.7782568527280179
0.3,0.92,0.5,20.0,0.01,100,750,300,1357,1157,200,0.49694510054687374,-0.6513470996856312,-0.6513470996856312
0.3,0.92,0.5,20.0,0.01,100,1500,150,1300,1108,192,-0.1884468305284547,-0.6743236198329099,-0.6743236198329099
0.3,0.92,0.5,20.0,0.01,100,1500,300,1240,1054,186,-0.41860579140561927,-0.7691230760088758,-0.7691230760088758
0.3,0.92,0.5,20.0,0.01,100,2500,150,1247,1059,188,0.21936012619570994,-0.5598249733280192,-0.5598249733280192
0.3,0.92,0.5,20.0,0.01,100,2500,300,1174,997,177,-0.4895149190136124,-0.45442682078249297,-0.4895149190136124
0.3,0.92,0.5,20.0,0.01,200,750,150,1095,944,151,-0.12274891603776744,0.6595931907159227,-0.12274891603776744
0.3,0.92,0.5,20.0,0.01,200,750,300,979,842,137,-0.08342185510316438,0.824942013360415,-0.08342185510316438
0.3,0.92,0.5,20.0,0.01,200,1500,150,974,829,145,-0.24360394518951237,0.8138953777685055,-0.24360394518951237
0.3,0.92,0.5,20.0,0.01,200,1500,300,856,727,129,-0.33609057802106024,1.1066216049863544,-0.33609057802106024
0.3,0.92,0.5,20.0,0.01,200,2500,150,944,796,148,-0.13461184946710864,0.3486079741314804,-0.13461184946710864
0.3,0.92,0.5,20.0,0.01,200,2500,300,831,697,134,-0.21317158650630205,0.42013631581784777,-0.21317158650630205
0.3,0.92,0.5,20.0,0.01,400,750,150,984,846,138,-0.2575351069799629,0.5570939852831407,-0.2575351069799629
0.3,0.92,0.5,20.0,0.01,400,750,300,805,704,101,0.06923349408459248,1.0871331714504282,0.06923349408459248
0.3,0.92,0.5,20.0,0.01,400,1500,150,841,732,109,0.531593678770426,0.6565260939909359,0.531593678770426
0.3,0.92,0.5,20.0,0.01,400,1500,300,659,577,82,0.7315304088782761,0.6411169638524962,0.6411169638524962
0.3,0.92,0.5,20.0,0.01,400,2500,150,800,695,105,0.5781350397334358,0.29846388205771507,0.29846388205771507
0.3,0.92,0.5,20.0,0.01,400,2500,300,618,540,78,0.8383940175205337,0.1863763011568309,0.1863763011568309
0.3,0.92,0.5,20.0,0.01,500,750,150,979,847,132,0.2269416602157007,1.2840288533611108,0.2269416602157007
0.3,0.92,0.5,20.0,0.01,500,750,300,767,670,97,0.42551172460179465,1.580158551911915,0.42551172460179465
0.3,0.92,0.5,20.0,0.01,500,1500,150,822,708,114,0.49920149133630026,2.0361446866874093,0.49920149133630026
0.3,0.92,0.5,20.0,0.01,500,1500,300,640,554,86,0.6796011076084536,1.4195478501452747,0.6796011076084536
0.3,0.92,0.5,20.0,0.01,500,2500,150,781,678,103,0.9076844287878216,1.403279104872198,0.9076844287878216
0.3,0.92,0.5,20.0,0.01,500,2500,300,589,513,76,0.926667366156245,1.5983247261176723,0.926667366156245
0.3,0.92,0.5,20.0,0.02,100,750,150,1298,1099,199,0.15246983366143793,-0.7786500081076506,-0.7786500081076506
0.3,0.92,0.5,20.0,0.02,100,750,300,1234,1042,192,0.11709523326844558,-0.7571317350465764,-0.7571317350465764
0.3,0.92,0.5,20.0,0.02,100,1500,150,1205,1018,187,0.2784824048809993,-0.6206837081718884,-0.6206837081718884
0.3,0.92,0.5,20.0,0.02,100,1500,300,1139,958,181,0.1410904806012654,-0.8028187674237702,-0.8028187674237702
0.3,0.92,0.5,20.0,0.02,100,2500,150,1151,969,182,0.38546422356494225,-0.8214037025715142,-0.8214037025715142
0.3,0.92,0.5,20.0,0.02,100,2500,300,1068,897,171,0.07808081318925031,-0.9108658141920026,-0.9108658141920026
0.3,0.92,0.5,20.0,0.02,200,750,150,977,836,141,-0.5158633597698714,0.9227122524200582,-0.5158633597698714
0.3,0.92,0.5,20.0,0.02,200,750,300,856,731,125,-0.710332451141949,0.688143767899654,-0.710332451141949
0.3,0.92,0.5,20.0,0.02,200,1500,150,878,737,141,-0.24881939539918577,1.0242932274321306,-0.24881939539918577
0.3,0.92,0.5,20.0,0.02,200,1500,300,755,631,124,-0.3513975691451079,0.9294216336045618,-0.3513975691451079
0.3,0.92,0.5,20.0,0.02,200,2500,150,850,709,141,-0.0976767481462566,0.8946382893671635,-0.0976767481462566
0.3,0.92,0.5,20.0,0.02,200,2500,300,730,604,126,-0.2882231983691132,0.5808852658546687,-0.2882231983691132
0.3,0.92,0.5,20.0,0.02,400,750,150,860,729,131,-0.06499223804733804,1.2578414805515865,-0.06499223804733804
0.3,0.92,0.5,20.0,0.02,400,750,300,675,582,93,0.2415674337888163,1.7219127773813627,0.2415674337888163
0.3,0.92,0.5,20.0,0.02,400,1500,150,735,631,104,0.704166104453269,1.199405389907229,0.704166104453269
0.3,0.92,0.5,20.0,0.02,400,1500,300,548,475,73,0.7469387401930841,1.5195357400984288,0.7469387401930841
0.3,0.92,0.5,20.0,0.02,400,2500,150,701,601,100,0.8394119882884485,0.42366923737672524,0.42366923737672524
0.3,0.92,0.5,20.0,0.02,400,2500,300,512,442,70,0.9910691917684397,0.36262400330765454,0.36262400330765454
0.3,0.92,0.5,20.0,0.02,500,750,150,860,732,128,0.48372188630647434,1.0690049971456925,0.48372188630647434
0.3,0.92,0.5,20.0,0.02,500,750,300,636,546,90,0.7463364042013864,1.6377920620896746,0.7463364042013864
0.3,0.92,0.5,20.0,0.02,500,1500,150,728,619,109,0.5941310990340153,2.3132788353470177,0.5941310990340153
0.3,0.92,0.5,20.0,0.02,500,1500,300,536,457,79,0.656332498350149,1.962940184724694,0.656332498350149
0.3,0.92,0.5,20.0,0.02,500,2500,150,688,592,96,0.9613349447947435,1.6541814694471755,0.9613349447947435
0.3,0.92,0.5,20.0,0.02,500,2500,300,490,422,68,0.8705251073221577,1.2916437007099617,0.8705251073221577
0.3,0.92,0.5,20.0,0.03,100,750,150,1282,1085,197,0.1194870661803306,-0.7400834127075594,-0.7400834127075594
0.3,0.92,0.5,20.0,0.03,100,750,300,1211,1021,190,-0.46977336783538115,-0.8925747540442996,-0.8925747540442996
0.3,0.92,0.5,20.0,0.03,100,1500,150,1192,1005,187,0.05781700785848482,-0.6500502309963314,-0.6500502309963314
0.3,0.92,0.5,20.0,0.03,100,1500,300,1125,944,181,-0.48226927206455894,-0.6553348708859508,-0.6553348708859508
0.3,0.92,0.5,20.0,0.03,100,2500,150,1136,954,182,0.20013236537725154,-0.7698671587282021,-0.7698671587282021
0.3,0.92,0.5,20.0,0.03,100,2500,300,1051,880,171,-0.38998168773280173,-0.7004693975252956,-0.7004693975252956
0.3,0.92,0.5,20.0,0.03,200,750,150,949,809,140,-0.07232447773373257,0.6288152755442319,-0.07232447773373257
0.3,0.92,0.5,20.0,0.03,200,750,300,813,689,124,0.35403681754463867,0.47211781531757285,0.35403681754463867
0.3,0.92,0.5,20.0,0.03,200,1500,150,856,715,141,-0.30176691263083516,0.6402780352023315,-0.30176691263083516
0.3,0.92,0.5,20.0,0.03,200,1500,300,725,601,124,-0.3852332475358172,0.5456973488362662,-0.3852332475358172
0.3,0.92,0.5,20.0,0.03,200,2500,150,831,690,141,-0.07985295357300408,0.7329496919965569,-0.07985295357300408
0.3,0.92,0.5,20.0,0.03,200,2500,300,705,579,126,-0.17931583019023156,0.39649019209590003,-0.17931583019023156
0.3,0.92,0.5,20.0,0.03,400,750,150,838,708,130,0.039631413552870864,1.2878027185147063,0.039631413552870864
0.3,0.92,0.5,20.0,0.03,400,750,300,643,552,91,0.22647085556958887,1.8517960669479339,0.22647085556958887
0.3,0.92,0.5,20.0,0.03,400,1500,150,716,612,104,0.7809150833250939,1.1894463184174489,0.7809150833250939
0.3,0.92,0.5,20.0,0.03,400,1500,300,524,451,73,0.664732434803343,1.4833712562802166,0.664732434803343
0.3,0.92,0.5,20.0,0.03,400,2500,150,680,581,99,0.8136956474439709,0.5937273674192219,0.5937273674192219
0.3,0.92,0.5,20.0,0.03,400,2500,300,495,426,69,0.8329338938430972,0.45488691483269267,0.45488691483269267
0.3,0.92,0.5,20.0,0.03,500,750,150,837,711,126,0.33041641527474874,1.2166082485371186,0.33041641527474874
0.3,0.92,0.5,20.0,0.03,500,750,300,612,523,89,0.5977515012961357,1.9692615117556214,0.5977515012961357
0.3,0.92,0.5,20.0,0.03,500,1500,150,704,596,108,0.6785526915550512,2.8310649345462697,0.6785526915550512
0.3,0.92,0.5,20.0,0.03,500,1500,300,509,432,77,0.774653438402915,2.7859973324181375,0.774653438402915
0.3,0.92,0.5,20.0,0.03,500,2500,150,664,568,96,0.9535680497693316,1.9507110987013347,0.9535680497693316
0.3,0.92,0.5,20.0,0.03,500,2500,300,468,402,66,0.8267393053537293,1.9891999534494662,0.8267393053537293
0.3,0.92,0.5,20.0,0.05,100,750,150,1275,1079,196,-0.8101169033292394,-0.7007170044906805,-0.8101169033292394
0.3,0.92,0.5,20.0,0.05,100,750,300,1198,1009,189,0.5796737925337604,-0.8552884712725503,-0.8552884712725503
0.3,0.92,0.5,20.0,0.05,100,1500,150,1184,998,186,-0.4172830222752321,-0.6167038846119887,-0.6167038846119887
0.3,0.92,0.5,20.0,0.05,100,1500,300,1113,933,180,0.24474785324260784,-0.6214979646415522,-0.6214979646415522
0.3,0.92,0.5,20.0,0.05,100,2500,150,1129,948,181,-0.11657029109692081,-0.858687098793741,-0.858687098793741
0.3,0.92,0.5,20.0,0.05,100,2500,300,1039,869,170,-0.4595175794742317,-0.7910654681889778,-0.7910654681889778
0.3,0.92,0.5,20.0,0.05,200,750,150,932,792,140,0.06278421045304695,0.6303829302295655,0.06278421045304695
0.3,0.92,0.5,20.0,0.05,200,750,300,798,674,124,-0.4639844982840397,0.4372450767756225,-0.4639844982840397
0.3,0.92,0.5,20.0,0.05,200,1500,150,841,701,140,-0.22769796152179617,0.5901706886977701,-0.22769796152179617
0.3,0.92,0.5,20.0,0.05,200,1500,300,707,584,123,-0.33491467162743155,0.3682156031120436,-0.33491467162743155
0.3,0.92,0.5,20.0,0.05,200,2500,150,815,674,141,0.02594653630829512,0.6044867351260279,0.02594653630829512
0.3,0.92,0.5,20.0,0.05,200,2500,300,687,561,126,-0.06530323747671353,0.15697360925105028,-0.06530323747671353
0.3,0.92,0.5,20.0,0.05,400,750,150,824,694,130,0.09886234719330483,0.932689090713571,0.09886234719330483
0.3,0.92,0.5,20.0,0.05,400,750,300,621,530,91,0.3056676583823709,1.4749746139906412,0.3056676583823709
0.3,0.92,0.5,20.0,0.05,400,1500,150,703,599,104,0.7439268142853679,1.0080319075123252,0.7439268142853679
0.3,0.92,0.5,20.0,0.05,400,1500,300,510,437,73,0.5730934000004448,1.2885826125328164,0.5730934000004448
0.3,0.92,0.5,20.0,0.05,400,2500,150,663,564,99,0.8902738263610416,0.45236415634081534,0.45236415634081534
0.3,0.92,0.5,20.0,0.05,400,2500,300,473,404,69,0.8764934374542276,0.31301847908536246,0.31301847908536246
0.3,0.92,0.5,20.0,0.05,500,750,150,822,696,126,0.5758830999018996,0.9930798259284769,0.5758830999018996
0.3,0.92,0.5,20.0,0.05,500,750,300,585,497,88,0.7230147199029641,2.0732954364779803,0.7230147199029641
0.3,0.92,0.5,20.0,0.05,500,1500,150,691,583,108,0.857906395270711,2.8310649345462697,0.857906395270711
0.3,0.92,0.5,20.0,0.05,500,1500,300,492,415,77,0.887024422008341,2.7859973324181375,0.887024422008341
0.3,0.92,0.5,20.0,0.05,500,2500,150,657,561,96,1.0957657165430317,1.9507110987013347,1.0957657165430317
0.3,0.92,0.5,20.0,0.05,500,2500,300,455,389,66,0.9306367389577828,2.0368179452217814,0.9306367389577828
0.3,0.92,0.5,25.0,0.01,100,750,150,1652,1399,253,-0.5338848162249771,-0.15481355100649277,-0.5338848162249771
0.3,0.92,0.5,25.0,0.01,100,750,300,1579,1333,246,0.10443410669814275,-0.165296178119568,-0.165296178119568
0.3,0.92,0.5,25.0,0.01,100,1500,150,1536,1298,238,0.21847481159831286,0.4339173604144813,0.21847481159831286
0.3,0.92,0.5,25.0,0.01,100,1500,300,1460,1230,230,-0.08777236625001922,0.40730797160432053,-0.08777236625001922
0.3,0.92,0.5,25.0,0.01,100,2500,150,1494,1261,233,0.15387612271059542,0.34703338689576124,0.15387612271059542
0.3,0.92,0.5,25.0,0.01,100,2500,300,1401,1180,221,-0.2972682114778041,0.3949236679564258,-0.2972682114778041
0.3,0.92,0.5,25.0,0.01,200,750,150,1254,1083,171,-0.34253303372297406,1.125682124762235,-0.34253303372297406
0.3,0.92,0.5,25.0,0.01,200,750,300,1108,953,155,-0.2228695400719023,1.1549989868637807,-0.2228695400719023
0.3,0.92,0.5,25.0,0.01,200,1500,150,1116,948,168,-0.09839688477473771,1.4471285164821388,-0.09839688477473771
0.3,0.92,0.5,25.0,0.01,200,1500,300,974,823,151,-0.07083870298341347,1.341460992823245,-0.07083870298341347
0.3,0.92,0.5,25.0,0.01,200,2500,150,1091,925,166,0.009364340351072907,1.2349058633939098,0.009364340351072907
0.3,0.92,0.5,25.0,0.01,200,2500,300,937,786,151,0.16545641111246703,1.2914828859560592,0.16545641111246703
0.3,0.92,0.5,25.0,0.01,400,750,150,1123,968,155,-0.007995514996318278,0.847736120999749,-0.007995514996318278
0.3,0.92,0.5,25.0,0.01,400,750,300,895,779,116,0.18909389622500458,1.2707202077445425,0.18909389622500458
0.3,0.92,0.5,25.0,0.01,400,1500,150,952,829,123,0.4437318330816853,0.981245251831155,0.4437318330816853
0.3,0.92,0.5,25.0,0.01,400,1500,300,731,640,91,0.7442015795870417,1.0752335752002604,0.7442015795870417
0.3,0.92,0.5,25.0,0.01,400,2500,150,913,793,120,0.4797678141464588,0.6578836823603903,0.4797678141464588
0.3,0.92,0.5,25.0,0.01,400,2500,300,677,593,84,0.7268270701398127,0.4185610223535758,0.4185610223535758
0.3,0.92,0.5,25.0,0.01,500,750,150,1136,976,160,0.219184742568866,1.4889434048994523,0.219184742568866
0.3,0.92,0.5,25.0,0.01,500,750,300,854,737,117,0.5433261625355644,1.6362538747931175,0.5433261625355644
0.3,0.92,0.5,25.0,0.01,500,1500,150,935,802,133,0.3584495907569628,2.592701950773439,0.3584495907569628
0.3,0.92,0.5,25.0,0.01,500,1500,300,708,609,99,0.5631527906349509,2.1026470071091876,0.5631527906349509
0.3,0.92,0.5,25.0,0.01,500,2500,150,894,775,119,0.8724646997187004,1.8379439937879898,0.8724646997187004
0.3,0.92,0.5,25.0,0.01,500,2500,300,649,566,83,0.9406591711335273,1.8499171599564619,0.9406591711335273
0.3,0.92,0.5,25.0,0.02,100,750,150,1506,1266,240,0.03621225722865066,-0.08058550319480626,-0.08058550319480626
0.3,0.92,0.5,25.0,0.02,100,750,300,1423,1191,232,0.730212708102536,-0.1782163143125592,-0.1782163143125592
0.3,0.92,0.5,25.0,0.02,100,1500,150,1410,1180,230,-0.3982855077180662,0.5858712299871709,-0.3982855077180662
0.3,0.92,0.5,25.0,0.02,100,1500,300,1322,1101,221,-0.23810459019964733,0.4575287237238117,-0.23810459019964733
0.3,0.92,0.5,25.0,0.02,100,2500,150,1359,1136,223,0.46642829786881923,0.19857946506853588,0.19857946506853588
0.3,0.92,0.5,25.0,0.02,100,2500,300,1248,1037,211,0.5631190471102117,0.04690470745490196,0.04690470745490196
0.3,0.92,0.5,25.0,0.02,200,750,150,1098,938,160,-0.02535033856908812,1.4975777839704194,-0.02535033856908812
0.3,0.92,0.5,25.0,0.02,200,750,300,953,811,142,-0.30446552236999685,1.1171499224288093,-0.30446552236999685
0.3,0.92,0.5,25.0,0.02,200,1500,150,987,826,161,-0.1267940356449061,2.0077673621780234,-0.1267940356449061
0.3,0.92,0.5,25.0,0.02,200,1500,300,844,701,143,-0.04790090004914755,1.5550705280593,-0.04790090004914755
0.3,0.92,0.5,25.0,0.02,200,2500,150,970,809,161,0.002482953406627189,2.0381201247927674,0.002482953406627189
0.3,0.92,0.5,25.0,0.02,200,2500,300,817,672,145,0.22576670054205097,1.8353016234353043,0.22576670054205097
0.3,0.92,0.5,25.0,0.02,400,750,150,978,830,148,0.11841059041965601,0.97138386635362,0.11841059041965601
0.3,0.92,0.5,25.0,0.02,400,750,300,743,632,111,0.24678391173684722,1.549028370591197,0.24678391173684722
0.3,0.92,0.5,25.0,0.02,400,1500,150,844,726,118,0.5579130961749421,0.5984725756029063,0.5579130961749421
0.3,0.92,0.5,25.0,0.02,400,1500,300,611,528,83,0.7320939966179981,1.119821134136163,0.7320939966179981
0.3,0.92,0.5,25.0,0.02,400,2500,150,804,691,113,0.5811013706504017,0.27463592190470437,0.27463592190470437
0.3,0.92,0.5,25.0,0.02,400,2500,300,565,488,77,0.8291100716820614,0.488714270766236,0.488714270766236
0.3,0.92,0.5,25.0,0.02,500,750,150,977,831,146,0.4018780832880233,1.354459068955478,0.4018780832880233
0.3,0.92,0.5,25.0,0.02,500,750,300,702,599,103,0.72402190980439,1.7297147412199525,0.72402190980439
0.3,0.92,0.5,25.0,0.02,500,1500,150,818,694,124,0.45018466715092065,2.5999438242687143,0.45018466715092065
0.3,0.92,0.5,25.0,0.02,500,1500,300,582,495,87,0.8231789969297559,2.3812259501805757,0.8231789969297559
0.3,0.92,0.5,25.0,0.02,500,2500,150,784,671,113,0.840109227589308,2.047809796425998,0.840109227589308
0.3,0.92,0.5,25.0,0.02,500,2500,300,536,460,76,1.0411558176158902,2.4273113739665217,1.0411558176158902
0.3,0.92,0.5,25.0,0.03,100,750,150,1486,1248,238,0.07462187421261811,-0.02195782910614457,-0.02195782910614457
0.3,0.92,0.5,25.0,0.03,100,750,300,1391,1161,230,-0.7796542199860352,-0.27685839610290724,-0.7796542199860352
0.3,0.92,0.5,25.0,0.03,100,1500,150,1389,1159,230,0.5367441121019176,0.5913160726245356,0.5367441121019176
0.3,0.92,0.5,25.0,0.03,100,1500,300,1294,1073,221,-0.3134496860375914,0.6488860115769224,-0.3134496860375914
0.3,0.92,0.5,25.0,0.03,100,2500,150,1339,1116,223,0.2735154377042994,0.39895002087000564,0.2735154377042994
0.3,0.92,0.5,25.0,0.03,100,2500,300,1221,1011,210,-0.3221754103708753,0.3221289193977493,-0.3221754103708753
0.3,0.92,0.5,25.0,0.03,200,750,150,1064,905,159,-0.21495461772836358,1.4273912262712092,-0.21495461772836358
0.3,0.92,0.5,25.0,0.03,200,750,300,904,764,140,-0.23076427107953787,1.021682929107505,-0.23076427107953787
0.3,0.92,0.5,25.0,0.03,200,1500,150,963,802,161,-0.09840726891829646,1.7420261206994243,-0.09840726891829646
0.3,0.92,0.5,25.0,0.03,200,1500,300,815,672,143,-0.02343819765716089,1.202731734759035,-0.02343819765716089
0.3,0.92,0.5,25.0,0.03,200,2500,150,950,789,161,0.027035039958393906,1.944019634847179,0.027035039958393906
0.3,0.92,0.5,25.0,0.03,200,2500,300,792,647,145,0.27232549567722303,1.5696264739670232,0.27232549567722303
0.3,0.92,0.5,25.0,0.03,400,750,150,943,797,146,0.16642400045995878,0.9310963175173416,0.16642400045995878
0.3,0.92,0.5,25.0,0.03,400,750,300,702,594,108,0.24745532393064984,1.7673454985109789,0.24745532393064984
0.3,0.92,0.5,25.0,0.03,400,1500,150,813,695,118,0.6230128340311887,0.9730096258412055,0.6230128340311887
0.3,0.92,0.5,25.0,0.03,400,1500,300,578,495,83,0.6762530015490494,1.3595946505782894,0.6762530015490494
0.3,0.92,0.5,25.0,0.03,400,2500,150,776,664,112,0.6448852600030748,0.5188908743762485,0.5188908743762485
0.3,0.92,0.5,25.0,0.03,400,2500,300,540,464,76,0.735146299968749,0.6470969356189812,0.6470969356189812
0.3,0.92,0.5,25.0,0.03,500,750,150,946,801,145,0.2699213785698665,1.5933026790640523,0.2699213785698665
0.3,0.92,0.5,25.0,0.03,500,750,300,668,567,101,0.6192048983532661,1.8864290616129549,0.6192048983532661
0.3,0.92,0.5,25.0,0.03,500,1500,150,788,665,123,0.6290951659519632,2.882511826514735,0.6290951659519632
0.3,0.92,0.5,25.0,0.03,500,1500,300,547,462,85,0.880131013653449,3.033804712548104,0.880131013653449
0.3,0.92,0.5,25.0,0.03,500,2500,150,754,641,113,0.9077007762479802,2.1133600303234203,0.9077007762479802
0.3,0.92,0.5,25.0,0.03,500,2500,300,508,433,75,0.9761273562845086,2.5493172830163444,0.9761273562845086
0.3,0.92,0.5,25.0,0.05,100,750,150,1473,1236,237,-0.4286273176529829,0.026147375290023877,-0.4286273176529829
0.3,0.92,0.5,25.0,0.05,100,750,300,1374,1145,229,-0.1847873302645653,-0.23017615500090538,-0.23017615500090538
0.3,0.92,0.5,25.0,0.05,100,1500,150,1377,1148,229,-0.3636771681300999,0.6367860075224555,-0.3636771681300999
0.3,0.92,0.5,25.0,0.05,100,1500,300,1279,1059,220,-0.26650881208041044,0.6958693663178209,-0.26650881208041044
0.3,0.92,0.5,25.0,0.05,100,2500,150,1326,1104,222,0.47856983495411476,0.4169005155969728,0.4169005155969728
0.3,0.92,0.5,25.0,0.05,100,2500,300,1202,993,209,-0.12154958892470306,0.14608599612024728,-0.12154958892470306
0.3,0.92,0.5,25.0,0.05,200,750,150,1040,881,159,-0.2535748993485931,1.3490735581835607,-0.2535748993485931
0.3,0.92,0.5,25.0,0.05,200,750,300,882,742,140,-0.03302442639555994,0.9225663528618738,-0.03302442639555994
0.3,0.92,0.5,25.0,0.05,200,1500,150,946,786,160,0.007805684648649938,1.6282742320102175,0.007805684648649938
0.3,0.92,0.5,25.0,0.05,200,1500,300,794,652,142,0.04477783557495621,1.2744238733137376,0.04477783557495621
0.3,0.92,0.5,25.0,0.05,200,2500,150,932,771,161,0.12516709777088117,1.7571244949796916,0.12516709777088117
0.3,0.92,0.5,25.0,0.05,200,2500,300,773,628,145,0.3445420183612344,1.5592373168733886,0.3445420183612344
0.3,0.92,0.5,25.0,0.05,400,750,150,923,777,146,0.2119880069733913,1.0248645473859783,0.2119880069733913
0.3,0.92,0.5,25.0,0.05,400,750,300,670,562,108,0.41013381740700555,1.8980962831504922,0.41013381740700555
0.3,0.92,0.5,25.0,0.05,400,1500,150,793,675,118,0.6437877687943069,1.2035378475775822,0.6437877687943069
0.3,0.92,0.5,25.0,0.05,400,1500,300,554,471,83,0.6905441554625911,1.7057019193674559,0.6905441554625911
0.3,0.92,0.5,25.0,0.05,400,2500,150,752,640,112,0.7302882325788397,0.3796536642877985,0.3796536642877985
0.3,0.92,0.5,25.0,0.05,400,2500,300,509,433,76,0.8186446429828028,0.4919213613736144,0.4919213613736144
0.3,0.92,0.5,25.0,0.05,500,750,150,925,780,145,0.5659385700349981,1.3828276600405989,0.5659385700349981
0.3,0.92,0.5,25.0,0.05,500,750,300,638,538,100,0.7588188396551978,2.1761742923112943,0.7588188396551978
0.3,0.92,0.5,25.0,0.05,500,1500,150,772,649,123,0.8058985177459321,2.882511826514735,0.8058985177459321
0.3,0.92,0.5,25.0,0.05,500,1500,300,526,441,85,0.9333424239234369,3.033804712548104,0.9333424239234369
0.3,0.92,0.5,25.0,0.05,500,2500,150,742,630,112,0.9915595006829426,2.228048978951384,0.9915595006829426
0.3,0.92,0.5,25.0,0.05,500,2500,300,490,415,75,1.003226714418537,2.5772223467002675,1.003226714418537
0.3,0.92,0.5,30.0,0.01,100,750,150,1803,1542,261,-0.43797636516836197,0.1368343063453094,-0.43797636516836197
0.3,0.92,0.5,30.0,0.01,100,750,300,1709,1456,253,-0.3373992644621131,0.25988680594944735,-0.3373992644621131
0.3,0.92,0.5,30.0,0.01,100,1500,150,1679,1434,245,-0.27777099657395915,0.13206462750211148,-0.27777099657395915
0.3,0.92,0.5,30.0,0.01,100,1500,300,1579,1341,238,0.13274347472089795,0.1652656136860007,0.13274347472089795
0.3,0.92,0.5,30.0,0.01,100,2500,150,1644,1394,250,-0.05688763779410832,0.15968868040014553,-0.05688763779410832
0.3,0.92,0.5,30.0,0.01,100,2500,300,1529,1291,238,0.052395877355637735,0.1772701978938215,0.052395877355637735
0.3,0.92,0.5,30.0,0.01,200,750,150,1369,1188,181,-0.22581016026725043,1.1299648151008055,-0.22581016026725043
0.3,0.92,0.5,30.0,0.01,200,750,300,1200,1039,161,-0.188817947669271,1.058731318530636,-0.188817947669271
0.3,0.92,0.5,30.0,0.01,200,1500,150,1220,1044,176,-0.33283785157194246,1.2701369965932303,-0.33283785157194246
0.3,0.92,0.5,30.0,0.01,200,1500,300,1065,909,156,-0.20674828846532983,1.06851868857399,-0.20674828846532983
0.3,0.92,0.5,30.0,0.01,200,2500,150,1184,1008,176,-0.276504723927978,0.8089350308297605,-0.276504723927978
0.3,0.92,0.5,30.0,0.01,200,2500,300,1013,854,159,0.060336935506588675,0.6694336428991462,0.060336935506588675
0.3,0.92,0.5,30.0,0.01,400,750,150,1237,1070,167,-0.13995134787135602,1.4347378720323332,-0.13995134787135602
0.3,0.92,0.5,30.0,0.01,400,750,300,974,852,122,0.09218906630223302,1.4384196546231511,0.09218906630223302
0.3,0.92,0.5,30.0,0.01,400,1500,150,1038,908,130,0.3735933341398844,1.1860782087892818,0.3735933341398844
0.3,0.92,0.5,30.0,0.01,400,1500,300,793,698,95,0.6583375054434591,1.1345550519203635,0.6583375054434591
0.3,0.92,0.5,30.0,0.01,400,2500,150,1003,871,132,0.42795040796782585,0.19357153898903115,0.19357153898903115
0.3,0.92,0.5,30.0,0.01,400,2500,300,750,656,94,0.607106091160162,-0.11351602579112091,-0.11351602579112091
0.3,0.92,0.5,30.0,0.01,500,750,150,1227,1065,162,0.11205549421126838,2.0862590839692556,0.11205549421126838
0.3,0.92,0.5,30.0,0.01,500,750,300,905,788,117,0.5623430223021259,1.8553340827425586,0.5623430223021259
0.3,0.92,0.5,30.0,0.01,500,1500,150,1012,871,141,0.46989223691149057,2.465768261880051,0.46989223691149057
0.3,0.92,0.5,30.0,0.01,500,1500,300,759,656,103,0.7240485803649165,1.9767489393879545,0.7240485803649165
0.3,0.92,0.5,30.0,0.01,500,2500,150,952,824,128,0.8941419984934164,1.6327563594003118,0.8941419984934164
0.3,0.92,0.5,30.0,0.01,500,2500,300,682,594,88,1.1190553765742481,1.5298883621948716,1.1190553765742481
0.3,0.92,0.5,30.0,0.02,100,750,150,1621,1373,248,-0.10144830430468081,0.24609693395584906,-0.10144830430468081
0.3,0.92,0.5,30.0,0.02,100,750,300,1517,1278,239,-0.42244723312299864,0.28554317032879456,-0.42244723312299864
0.3,0.92,0.5,30.0,0.02,100,1500,150,1510,1273,237,-0.06451821365677028,0.2506326768674183,-0.06451821365677028
0.3,0.92,0.5,30.0,0.02,100,1500,300,1405,1176,229,-0.4364357283250894,0.18179323915519224,-0.4364357283250894
0.3,0.92,0.5,30.0,0.02,100,2500,150,1471,1234,237,0.013998031754678078,0.10836401662067702,0.013998031754678078
0.3,0.92,0.5,30.0,0.02,100,2500,300,1341,1116,225,-0.322522805297493,-0.11986114356817666,-0.322522805297493
0.3,0.92,0.5,30.0,0.02,200,750,150,1179,1012,167,-0.20350616111122616,1.715281016737496,-0.20350616111122616
0.3,0.92,0.5,30.0,0.02,200,750,300,1000,854,146,-0.3502236407019537,1.3826310974755993,-0.3502236407019537
0.3,0.92,0.5,30.0,0.02,200,1500,150,1060,894,166,-0.24211186515389846,1.8216964453518434,-0.24211186515389846
0.3,0.92,0.5,30.0,0.02,200,1500,300,898,752,146,-0.10183011613950531,1.250232240989142,-0.10183011613950531
0.3,0.92,0.5,30.0,0.02,200,2500,150,1026,859,167,-0.08460968410544165,1.7700728733477855,-0.08460968410544165
0.3,0.92,0.5,30.0,0.02,200,2500,300,857,708,149,0.2491087866909616,1.3877948681318069,0.2491087866909616
0.3,0.92,0.5,30.0,0.02,400,750,150,1053,896,157,-0.001622135244000705,1.1679003561536676,-0.001622135244000705
0.3,0.92,0.5,30.0,0.02,400,750,300,782,669,113,0.1783137443786221,1.50150780746156,0.1783137443786221
0.3,0.92,0.5,30.0,0.02,400,1500,150,906,779,127,0.49329529488184853,0.8491888724167431,0.49329529488184853
0.3,0.92,0.5,30.0,0.02,400,1500,300,651,564,87,0.6315069333583568,1.2894881055178185,0.6315069333583568
0.3,0.92,0.5,30.0,0.02,400,2500,150,863,740,123,0.46259396761955496,0.10466275565740026,0.10466275565740026
0.3,0.92,0.5,30.0,0.02,400,2500,300,605,522,83,0.6116326438428983,0.495891035943782,0.495891035943782
0.3,0.92,0.5,30.0,0.02,500,750,150,1038,886,152,0.2592907318955338,1.876373998395789,0.2592907318955338
0.3,0.92,0.5,30.0,0.02,500,750,300,734,628,106,0.6853279094647036,1.9583139370580507,0.6853279094647036
0.3,0.92,0.5,30.0,0.02,500,1500,150,872,739,133,0.5735025548070146,2.354695378173781,0.5735025548070146
0.3,0.92,0.5,30.0,0.02,500,1500,300,612,521,91,0.844912444513109,2.2230919688622093,0.844912444513109
0.3,0.92,0.5,30.0,0.02,500,2500,150,828,710,118,0.729633146873505,1.9129022017559125,0.729633146873505
0.3,0.92,0.5,30.0,0.02,500,2500,300,561,481,80,1.0323736802230068,2.1836901758431084,1.0323736802230068
0.3,0.92,0.5,30.0,0.03,100,750,150,1592,1346,246,0.35442921756067064,0.2849651764071107,0.2849651764071107
0.3,0.92,0.5,30.0,0.03,100,750,300,1477,1240,237,-0.13237577122307645,0.1512562564822477,-0.13237577122307645
0.3,0.92,0.5,30.0,0.03,100,1500,150,1478,1242,236,0.23197801388258127,0.17108515157158244,0.17108515157158244
0.3,0.92,0.5,30.0,0.03,100,1500,300,1364,1136,228,-0.2749885465073883,0.2814405964437881,-0.2749885465073883
0.3,0.92,0.5,30.0,0.03,100,2500,150,1441,1204,237,0.25988275481223283,0.3211657422924943,0.25988275481223283
0.3,0.92,0.5,30.0,0.03,100,2500,300,1303,1079,224,-0.24571964819664133,0.1893446222414922,-0.24571964819664133
0.3,0.92,0.5,30.0,0.03,200,750,150,1133,967,166,-0.5183302264187737,1.5890704969339287,-0.5183302264187737
0.3,0.92,0.5,30.0,0.03,200,750,300,944,800,144,-0.32725197505681275,1.2009126159123247,-0.32725197505681275
0.3,0.92,0.5,30.0,0.03,200,1500,150,1025,859,166,-0.3154496533432952,1.5793255909439932,-0.3154496533432952
0.3,0.92,0.5,30.0,0.03,200,1500,300,859,713,146,-0.13221913705965252,1.0037410944787213,-0.13221913705965252
0.3,0.92,0.5,30.0,0.03,200,2500,150,997,830,167,-0.17026868100689968,1.6991387398541173,-0.17026868100689968
0.3,0.92,0.5,30.0,0.03,200,2500,300,824,675,149,0.2504023779948054,1.255797589804253,0.2504023779948054
0.3,0.92,0.5,30.0,0.03,400,750,150,1003,848,155,0.06254135637274714,1.2882584244747761,0.06254135637274714
0.3,0.92,0.5,30.0,0.03,400,750,300,728,618,110,0.1772336870613239,1.7299645567340751,0.1772336870613239
0.3,0.92,0.5,30.0,0.03,400,1500,150,861,736,125,0.47136939753516066,1.1362035467000022,0.47136939753516066
0.3,0.92,0.5,30.0,0.03,400,1500,300,601,516,85,0.686011360095077,1.4278324483310054,0.686011360095077
0.3,0.92,0.5,30.0,0.03,400,2500,150,825,704,121,0.4413281852627275,0.59234936001985,0.4413281852627275
0.3,0.92,0.5,30.0,0.03,400,2500,300,568,487,81,0.5872533581509816,1.1197384511898414,0.5872533581509816
0.3,0.92,0.5,30.0,0.03,500,750,150,997,846,151,0.20547197006449736,2.015514069857238,0.20547197006449736
0.3,0.92,0.5,30.0,0.03,500,750,300,692,588,104,0.5693147573341731,2.0593622342052593,0.5693147573341731
0.3,0.92,0.5,30.0,0.03,500,1500,150,842,710,132,0.43324943426013646,2.7063037450916836,0.43324943426013646
0.3,0.92,0.5,30.0,0.03,500,1500,300,577,488,89,0.7880543013263767,2.837426551310131,0.7880543013263767
0.3,0.92,0.5,30.0,0.03,500,2500,150,789,672,117,0.6885715742158658,2.128705223657494,0.6885715742158658
0.3,0.92,0.5,30.0,0.03,500,2500,300,527,449,78,1.016210223999546,2.3182362279407185,1.016210223999546
0.3,0.92,0.5,30.0,0.05,100,750,150,1577,1332,245,0.6591269479329254,0.33621110878873656,0.33621110878873656
0.3,0.92,0.5,30.0,0.05,100,750,300,1457,1221,236,-0.1087833090329616,0.20339917284398484,-0.1087833090329616
0.3,0.92,0.5,30.0,0.05,100,1500,150,1464,1229,235,-0.3898937990711029,0.2387815049319507,-0.3898937990711029
0.3,0.92,0.5,30.0,0.05,100,1500,300,1345,1118,227,-0.17365101552088777,0.35203205832771567,-0.17365101552088777
0.3,0.92,0.5,30.0,0.05,100,2500,150,1427,1191,236,-0.5462746783142965,0.3388293153597535,-0.5462746783142965
0.3,0.92,0.5,30.0,0.05,100,2500,300,1284,1061,223,-0.16544429559877827,0.06557166175700248,-0.16544429559877827
0.3,0.92,0.5,30.0,0.05,200,750,150,1107,941,166,-0.23805139192810798,1.5080905445058617,-0.23805139192810798
0.3,0.92,0.5,30.0,0.05,200,750,300,915,771,144,-0.13276305199756555,1.124159373785411,-0.13276305199756555
0.3,0.92,0.5,30.0,0.05,200,1500,150,1001,836,165,-0.15187735237723765,1.4760890887445177,-0.15187735237723765
0.3,0.92,0.5,30.0,0.05,200,1500,300,831,686,145,-0.07182277852494454,1.0915715486606805,-0.07182277852494454
0.3,0.92,0.5,30.0,0.05,200,2500,150,976,809,167,-0.03947591651428329,1.521208055074531,-0.03947591651428329
0.3,0.92,0.5,30.0,0.05,200,2500,300,801,652,149,0.2585323411304086,1.262105466277545,0.2585323411304086
0.3,0.92,0.5,30.0,0.05,400,750,150,982,827,155,0.060577876799188905,1.2156539604924055,0.060577876799188905
0.3,0.92,0.5,30.0,0.05,400,750,300,696,586,110,0.36319734161371947,1.6306476980693572,0.36319734161371947
0.3,0.92,0.5,30.0,0.05,400,1500,150,839,714,125,0.5072930665056514,1.3790799073262079,0.5072930665056514
0.3,0.92,0.5,30.0,0.05,400,1500,300,576,491,85,0.6444137269264973,1.7842337413688767,0.6444137269264973
0.3,0.92,0.5,30.0,0.05,400,2500,150,797,676,121,0.5521265908445134,0.45437518528031146,0.45437518528031146
0.3,0.92,0.5,30.0,0.05,400,2500,300,536,455,81,0.6755345201578479,0.9858103614938488,0.6755345201578479
0.3,0.92,0.5,30.0,0.05,500,750,150,968,817,151,0.5301523031724861,1.8505667016602005,0.5301523031724861
0.3,0.92,0.5,30.0,0.05,500,750,300,654,551,103,0.7412365015747902,2.324766581776138,0.7412365015747902
0.3,0.92,0.5,30.0,0.05,500,1500,150,823,691,132,0.6971885268274843,2.7063037450916836,0.6971885268274843
0.3,0.92,0.5,30.0,0.05,500,1500,300,551,462,89,0.9632401428633204,2.837426551310131,0.9632401428633204
0.3,0.92,0.5,30.0,0.05,500,2500,150,774,657,117,0.8518120397079294,2.128705223657494,0.8518120397079294
0.3,0.92,0.5,30.0,0.05,500,2500,300,508,430,78,1.0468427245183642,2.346293587915796,1.0468427245183642
0.3,0.92,0.5,35.0,0.01,100,750,150,1906,1633,273,0.5403726623537486,0.4378926108204388,0.4378926108204388
0.3,0.92,0.5,35.0,0.01,100,750,300,1806,1543,263,-0.43511056569323603,0.48703023472805457,-0.43511056569323603
0.3,0.92,0.5,35.0,0.01,100,1500,150,1762,1510,252,-0.058682466553341854,0.1445408269413095,-0.058682466553341854
0.3,0.92,0.5,35.0,0.01,100,1500,300,1660,1415,245,0.3534150284283875,0.15217124307958194,0.15217124307958194
0.3,0.92,0.5,35.0,0.01,100,2500,150,1713,1456,257,0.46767019953146777,0.08102663621891296,0.08102663621891296
0.3,0.92,0.5,35.0,0.01,100,2500,300,1594,1348,246,-0.37957207628238454,0.09662786653076312,-0.37957207628238454
0.3,0.92,0.5,35.0,0.01,200,750,150,1431,1244,187,0.16739402903674658,1.3156042619173873,0.16739402903674658
0.3,0.92,0.5,35.0,0.01,200,750,300,1250,1090,160,-0.19476669815260766,1.2780195514565584,-0.19476669815260766
0.3,0.92,0.5,35.0,0.01,200,1500,150,1303,1113,190,-0.1478790636906609,1.1937521712758608,-0.1478790636906609
0.3,0.92,0.5,35.0,0.01,200,1500,300,1127,965,162,-0.0007585058125901961,0.9225847685816652,-0.0007585058125901961
0.3,0.92,0.5,35.0,0.01,200,2500,150,1248,1067,181,-0.14746521513308933,0.9149622620235003,-0.14746521513308933
0.3,0.92,0.5,35.0,0.01,200,2500,300,1064,903,161,0.06773137290827587,0.696247551390537,0.06773137290827587
0.3,0.92,0.5,35.0,0.01,400,750,150,1309,1134,175,-0.07366027658974299,1.364345642192238,-0.07366027658974299
0.3,0.92,0.5,35.0,0.01,400,750,300,1014,888,126,0.1409301368241692,1.300698484322799,0.1409301368241692
0.3,0.92,0.5,35.0,0.01,400,1500,150,1107,965,142,0.474130994461078,1.1228429664050072,0.474130994461078
0.3,0.92,0.5,35.0,0.01,400,1500,300,837,735,102,0.7842116606115977,0.9404027821768062,0.7842116606115977
0.3,0.92,0.5,35.0,0.01,400,2500,150,1065,926,139,0.5387199721017812,0.1809408342146442,0.1809408342146442
0.3,0.92,0.5,35.0,0.01,400,2500,300,787,689,98,0.68184931298396,-0.23869386253902855,-0.23869386253902855
0.3,0.92,0.5,35.0,0.01,500,750,150,1294,1126,168,0.0660351355962933,1.9720686757018697,0.0660351355962933
0.3,0.92,0.5,35.0,0.01,500,750,300,947,825,122,0.5509265362761974,1.821481536354427,0.5509265362761974
0.3,0.92,0.5,35.0,0.01,500,1500,150,1069,923,146,0.5287282877239619,2.4934366238137913,0.5287282877239619
0.3,0.92,0.5,35.0,0.01,500,1500,300,784,678,106,0.7781520017358156,1.9549299200656605,0.7781520017358156
0.3,0.92,0.5,35.0,0.01,500,2500,150,1005,870,135,0.8220371202806467,1.6785558415415287,0.8220371202806467
0.3,0.92,0.5,35.0,0.01,500,2500,300,716,623,93,1.048511218222865,1.4255745275326097,1.048511218222865
0.3,0.92,0.5,35.0,0.02,100,750,150,1696,1437,259,-0.26023398203640524,0.39964957470989554,-0.26023398203640524
0.3,0.92,0.5,35.0,0.02,100,750,300,1580,1331,249,0.49172920067481596,0.35581291763883416,0.35581291763883416
0.3,0.92,0.5,35.0,0.02,100,1500,150,1570,1328,242,0.4396006181724834,0.44474635796549417,0.4396006181724834
0.3,0.92,0.5,35.0,0.02,100,1500,300,1457,1224,233,0.6327261948268229,0.3609400862108007,0.3609400862108007
0.3,0.92,0.5,35.0,0.02,100,2500,150,1515,1272,243,0.46506938676200926,0.20160214885422914,0.20160214885422914
0.3,0.92,0.5,35.0,0.02,100,2500,300,1385,1154,231,-0.2575653884667628,-0.01796387912349824,-0.2575653884667628
0.3,0.92,0.5,35.0,0.02,200,750,150,1228,1056,172,0.40696369689186657,1.7279777208967773,0.40696369689186657
0.3,0.92,0.5,35.0,0.02,200,750,300,1030,883,147,-0.1731974972372143,1.2010209199706994,-0.1731974972372143
0.3,0.92,0.5,35.0,0.02,200,1500,150,1118,942,176,-0.17777521224839107,1.6693259334335455,-0.17777521224839107
0.3,0.92,0.5,35.0,0.02,200,1500,300,935,786,149,0.054976004813827375,0.8044338753719973,0.054976004813827375
0.3,0.92,0.5,35.0,0.02,200,2500,150,1079,907,172,-0.14004172638432685,1.805111762013699,-0.14004172638432685
0.3,0.92,0.5,35.0,0.02,200,2500,300,897,746,151,0.22963483635702714,1.1872070060463755,0.22963483635702714
0.3,0.92,0.5,35.0,0.02,400,750,150,1099,938,161,0.0016980220057626913,0.9548114643977704,0.0016980220057626913
0.3,0.92,0.5,35.0,0.02,400,750,300,807,692,115,0.24236317339488753,1.3346836970132214,0.24236317339488753
0.3,0.92,0.5,35.0,0.02,400,1500,150,948,811,137,0.5867371846820125,0.7596423149439246,0.5867371846820125
0.3,0.92,0.5,35.0,0.02,400,1500,300,671,580,91,0.7752871371540743,1.1616444363707121,0.7752871371540743
0.3,0.92,0.5,35.0,0.02,400,2500,150,906,779,127,0.4934573735547,0.003630060088062922,0.003630060088062922
0.3,0.92,0.5,35.0,0.02,400,2500,300,627,541,86,0.6456000528485841,0.3225242223722062,0.3225242223722062
0.3,0.92,0.5,35.0,0.02,500,750,150,1079,924,155,0.2863844876445126,1.8654492555730509,0.2863844876445126
0.3,0.92,0.5,35.0,0.02,500,750,300,758,650,108,0.6559325517767662,1.9797844591041882,0.6559325517767662
0.3,0.92,0.5,35.0,0.02,500,1500,150,913,777,136,0.5588873504584133,2.3705357403114444,0.5588873504584133
0.3,0.92,0.5,35.0,0.02,500,1500,300,632,539,93,0.8053694097948827,1.9628378682833505,0.8053694097948827
0.3,0.92,0.5,35.0,0.02,500,2500,150,861,738,123,0.7401628178526642,1.9476687060476652,0.7401628178526642
0.3,0.92,0.5,35.0,0.02,500,2500,300,584,499,85,0.9739124001165459,1.9838920958120534,0.9739124001165459
0.3,0.92,0.5,35.0,0.03,100,750,150,1660,1404,256,-0.24125043878435962,0.36484507113027953,-0.24125043878435962
0.3,0.92,0.5,35.0,0.03,100,750,300,1532,1287,245,0.5551181624883827,0.1443936316030012,0.1443936316030012
0.3,0.92,0.5,35.0,0.03,100,1500,150,1535,1294,241,0.5235981328654239,0.350778528141695,0.350778528141695
0.3,0.92,0.5,35.0,0.03,100,1500,300,1413,1181,232,-0.23310402541063138,0.4425636957735826,-0.23310402541063138
0.3,0.92,0.5,35.0,0.03,100,2500,150,1477,1235,242,0.4029897862176225,0.4204973060950188,0.4029897862176225
0.3,0.92,0.5,35.0,0.03,100,2500,300,1338,1109,229,-0.23035227213198703,0.2921337661685553,-0.23035227213198703
0.3,0.92,0.5,35.0,0.03,200,750,150,1183,1012,171,-0.23097916545383637,1.580856950177799,-0.23097916545383637
0.3,0.92,0.5,35.0,0.03,200,750,300,972,827,145,-0.27697191361062035,1.065730947324337,-0.27697191361062035
0.3,0.92,0.5,35.0,0.03,200,1500,150,1083,907,176,-0.2771342966263042,1.459654442468067,-0.2771342966263042
0.3,0.92,0.5,35.0,0.03,200,1500,300,894,745,149,0.0811516826509505,0.8592576314097218,0.0811516826509505
0.3,0.92,0.5,35.0,0.03,200,2500,150,1044,873,171,-0.03884310061240747,1.6973853849004998,-0.03884310061240747
0.3,0.92,0.5,35.0,0.03,200,2500,300,852,702,150,0.30725518066542035,1.0027421921754833,0.30725518066542035
0.3,0.92,0.5,35.0,0.03,400,750,150,1044,886,158,-0.031746055662126085,1.0659503259556031,-0.031746055662126085
0.3,0.92,0.5,35.0,0.03,400,750,300,747,636,111,0.19433413642034386,1.550991081644299,0.19433413642034386
0.3,0.92,0.5,35.0,0.03,400,1500,150,893,759,134,0.5837875980036495,1.0442036897447107,0.5837875980036495
0.3,0.92,0.5,35.0,0.03,400,1500,300,620,532,88,0.7248357657987053,1.2765731327732273,0.7248357657987053
0.3,0.92,0.5,35.0,0.03,400,2500,150,856,731,125,0.4675451673510348,0.5010248892343413,0.4675451673510348
0.3,0.92,0.5,35.0,0.03,400,2500,300,586,502,84,0.656269539682236,0.9784103198717985,0.656269539682236
0.3,0.92,0.5,35.0,0.03,500,750,150,1034,880,154,0.19057106262618687,1.7663390163687513,0.19057106262618687
0.3,0.92,0.5,35.0,0.03,500,750,300,712,606,106,0.44583830820235854,1.88607074253769,0.44583830820235854
0.3,0.92,0.5,35.0,0.03,500,1500,150,876,741,135,0.42799648645768723,2.731634090947019,0.42799648645768723
0.3,0.92,0.5,35.0,0.03,500,1500,300,590,499,91,0.7712676705012009,2.4480685787951573,0.7712676705012009
0.3,0.92,0.5,35.0,0.03,500,2500,150,816,694,122,0.6710867249399236,2.1637023807946147,0.6710867249399236
0.3,0.92,0.5,35.0,0.03,500,2500,300,547,464,83,0.9518304399050218,2.108705158058723,0.9518304399050218
0.3,0.92,0.5,35.0,0.05,100,750,150,1643,1388,255,-0.48041337358253355,0.4137470021832558,-0.48041337358253355
0.3,0.92,0.5,35.0,0.05,100,750,300,1509,1265,244,0.2300223965840414,0.19354524667523026,0.19354524667523026
0.3,0.92,0.5,35.0,0.05,100,1500,150,1519,1279,240,0.48243227383127824,0.4181076299682771,0.4181076299682771
0.3,0.92,0.5,35.0,0.05,100,1500,300,1392,1161,231,0.36268514780810385,0.5122686923367187,0.36268514780810385
0.3,0.92,0.5,35.0,0.05,100,2500,150,1462,1221,241,-0.4266292514404567,0.437375421224273,-0.4266292514404567
0.3,0.92,0.5,35.0,0.05,100,2500,300,1318,1090,228,-0.17799093194870388,0.17298866746181935,-0.17799093194870388
0.3,0.92,0.5,35.0,0.05,200,750,150,1157,986,171,-0.2172756207561195,1.5034310528461474,-0.2172756207561195
0.3,0.92,0.5,35.0,0.05,200,750,300,941,796,145,-0.09495975490412568,0.9967535810616354,-0.09495975490412568
0.3,0.92,0.5,35.0,0.05,200,1500,150,1054,879,175,-0.20176951091126397,1.3644299630890109,-0.20176951091126397
0.3,0.92,0.5,35.0,0.05,200,1500,300,862,714,148,0.08995500953845886,0.7916420460892976,0.08995500953845886
0.3,0.92,0.5,35.0,0.05,200,2500,150,1023,852,171,-0.026104943805368635,1.5181244769409161,-0.026104943805368635
0.3,0.92,0.5,35.0,0.05,200,2500,300,828,678,150,0.2894354943386817,1.0146309781578173,0.2894354943386817
0.3,0.92,0.5,35.0,0.05,400,750,150,1012,854,158,-0.012495304678044375,1.1941858726309733,-0.012495304678044375
0.3,0.92,0.5,35.0,0.05,400,750,300,710,599,111,0.3320523639685675,1.4030736061192441,0.3320523639685675
0.3,0.92,0.5,35.0,0.05,400,1500,150,871,737,134,0.6218763815959318,1.2771329651343757,0.6218763815959318
0.3,0.92,0.5,35.0,0.05,400,1500,300,593,505,88,0.7120033199968407,1.6102289382292319,0.7120033199968407
0.3,0.92,0.5,35.0,0.05,400,2500,150,822,697,125,0.5146760853477593,0.370431840329671,0.370431840329671
0.3,0.92,0.5,35.0,0.05,400,2500,300,552,468,84,0.6672077443713677,0.8519522349444739,0.6672077443713677
0.3,0.92,0.5,35.0,0.05,500,750,150,1000,846,154,0.5070498453454334,1.6052919964515944,0.5070498453454334
0.3,0.92,0.5,35.0,0.05,500,750,300,671,566,105,0.7379187747191275,2.1426432917266696,0.7379187747191275
0.3,0.92,0.5,35.0,0.05,500,1500,150,847,712,135,0.7686706650316604,2.731634090947019,0.7686706650316604
0.3,0.92,0.5,35.0,0.05,500,1500,300,560,469,91,1.0613708414774001,2.5404887287278006,1.0613708414774001
0.3,0.92,0.5,35.0,0.05,500,2500,150,800,678,122,0.8637537282082036,2.1637023807946147,0.8637537282082036
0.3,0.92,0.5,35.0,0.05,500,2500,300,523,440,83,1.0652352457990792,2.13622950151493,1.0652352457990792
0.05,0.92,0.55,15.0,0.01,100,750,150,471,401,70,-1.0774927014993227,-1.5046229901776618,-1.5046229901776618
0.05,0.92,0.55,15.0,0.01,100,750,300,465,396,69,-1.1917153117218136,-1.5473007761264566,-1.5473007761264566
0.05,0.92,0.55,15.0,0.01,100,1500,150,417,350,67,-1.0716534913586644,-1.0792844790921639,-1.0792844790921639
0.05,0.92,0.55,15.0,0.01,100,1500,300,410,344,66,-0.8964584991950127,-1.042710391821253,-1.042710391821253
0.05,0.92,0.55,15.0,0.01,100,2500,150,388,327,61,-0.9721465853334501,-0.7374576197194903,-0.9721465853334501
0.05,0.92,0.55,15.0,0.01,100,2500,300,380,320,60,-0.7661862802284681,-0.6648957306786519,-0.7661862802284681
0.05,0.92,0.55,15.0,0.01,200,750,150,436,373,63,-0.10582706847252027,0.12547340092012285,-0.10582706847252027
0.05,0.92,0.55,15.0,0.01,200,750,300,415,353,62,-0.12041097276075839,-0.26860476499029057,-0.26860476499029057
0.05,0.92,0.55,15.0,0.01,200,1500,150,360,302,58,0.2773798658666203,0.5487181815979123,0.2773798658666203
0.05,0.92,0.55,15.0,0.01,200,1500,300,343,287,56,0.14405758592864218,1.0520279066936078,0.14405758592864218
0.05,0.92,0.55,15.0,0.01,200,2500,150,325,272,53,0.3294191196544828,0.7818373232609236,0.3294191196544828
0.05,0.92,0.55,15.0,0.01,200,2500,300,308,257,51,0.3529566454671669,1.5155817375219693,0.3529566454671669
0.05,0.92,0.55,15.0,0.01,400,750,150,446,383,63,0.008553586179417995,1.2935684884808925,0.008553586179417995
0.05,0.92,0.55,15.0,0.01,400,750,300,398,344,54,0.20067655878301452,1.8916027540983542,0.20067655878301452
0.05,0.92,0.55,15.0,0.01,400,1500,150,331,284,47,0.5684651096293518,2.25409071185325,0.5684651096293518
0.05,0.92,0.55,15.0,0.01,400,1500,300,293,254,39,0.6347636689732412,2.942372169310016,0.6347636689732412
0.05,0.92,0.55,15.0,0.01,400,2500,150,272,238,34,0.5166910336433695,2.014242973866492,0.5166910336433695
0.05,0.92,0.55,15.0,0.01,400,2500,300,242,211,31,0.7262276157693989,1.754101381909289,0.7262276157693989
0.05,0.92,0.55,15.0,0.01,500,750,150,481,419,62,0.009221962357713949,2.069328447066114,0.009221962357713949
0.05,0.92,0.55,15.0,0.01,500,750,300,419,367,52,0.21219248822724013,2.1779445223613405,0.21219248822724013
0.05,0.92,0.55,15.0,0.01,500,1500,150,349,304,45,0.45825262570784303,2.3344711634361146,0.45825262570784303
0.05,0.92,0.55,15.0,0.01,500,1500,300,302,262,40,0.3481650969846556,2.4256650336336216,0.3481650969846556
0.05,0.92,0.55,15.0,0.01,500,2500,150,291,256,35,0.8661738280213379,2.212478556736006,0.8661738280213379
0.05,0.92,0.55,15.0,0.01,500,2500,300,251,221,30,0.794133501509029,2.135951806012447,0.794133501509029
0.05,0.92,0.55,15.0,0.02,100,750,150,448,381,67,-1.0815030742209397,-1.0390573707413104,-1.0815030742209397
0.05,0.92,0.55,15.0,0.02,100,750,300,441,375,66,-0.8909324969623569,-0.9462875888702981,-0.9462875888702981
0.05,0.92,0.55,15.0,0.02,100,1500,150,396,330,66,-1.077537439913543,-0.24539216361795466,-1.077537439913543
0.05,0.92,0.55,15.0,0.02,100,1500,300,389,324,65,-0.9472954223804483,-0.09686054260491105,-0.9472954223804483
0.05,0.92,0.55,15.0,0.02,100,2500,150,365,307,58,-1.0761660995106461,-0.2771159391102789,-1.0761660995106461
0.05,0.92,0.55,15.0,0.02,100,2500,300,355,298,57,-0.9031482351306689,-0.04954698007865887,-0.9031482351306689
0.05,0.92,0.55,15.0,0.02,200,750,150,403,342,61,-0.17221313314996406,-0.23262450562002684,-0.23262450562002684
0.05,0.92,0.55,15.0,0.02,200,750,300,381,321,60,-0.2695579619179674,-0.6138790584573691,-0.6138790584573691
0.05,0.92,0.55,15.0,0.02,200,1500,150,336,280,56,0.08498174471270929,0.10322171819058,0.08498174471270929
0.05,0.92,0.55,15.0,0.02,200,1500,300,316,262,54,-0.04496976914164115,0.7311996523426034,-0.04496976914164115
0.05,0.92,0.55,15.0,0.02,200,2500,150,304,251,53,0.16984195519716663,0.279053232233149,0.16984195519716663
0.05,0.92,0.55,15.0,0.02,200,2500,300,286,235,51,0.026931096653877235,1.0860789928169827,0.026931096653877235
0.05,0.92,0.55,15.0,0.02,400,750,150,403,341,62,0.17565582996584977,1.2121523352048442,0.17565582996584977
0.05,0.92,0.55,15.0,0.02,400,750,300,351,298,53,0.4741154028960881,2.0320770221714066,0.4741154028960881
0.05,0.92,0.55,15.0,0.02,400,1500,150,301,255,46,0.6736041609901245,2.079288281024388,0.6736041609901245
0.05,0.92,0.55,15.0,0.02,400,1500,300,263,224,39,0.778678131022873,2.481407940157147,0.778678131022873
0.05,0.92,0.55,15.0,0.02,400,2500,150,246,212,34,0.739761148614188,1.6791493585457147,0.739761148614188
0.05,0.92,0.55,15.0,0.02,400,2500,300,211,180,31,0.9086549303939466,1.5383017396200043,0.9086549303939466
0.05,0.92,0.55,15.0,0.02,500,750,150,437,377,60,-0.028120261182414254,2.048997916378713,-0.028120261182414254
0.05,0.92,0.55,15.0,0.02,500,750,300,367,317,50,0.3580700961399999,2.5553863480164174,0.3580700961399999
0.05,0.92,0.55,15.0,0.02,500,1500,150,317,273,44,0.541424451590357,2.3783300697592145,0.541424451590357
0.05,0.92,0.55,15.0,0.02,500,1500,300,265,226,39,0.5093059522156204,2.56549563778357,0.5093059522156204
0.05,0.92,0.55,15.0,0.02,500,2500,150,263,229,34,0.8677744693423041,1.9781941557645244,0.8677744693423041
0.05,0.92,0.55,15.0,0.02,500,2500,300,222,193,29,0.7914745545560266,1.6540464328769473,0.7914745545560266
0.05,0.92,0.55,15.0,0.03,100,750,150,445,378,67,-1.030585372571576,-1.0001933984013751,-1.030585372571576
0.05,0.92,0.55,15.0,0.03,100,750,300,438,372,66,-0.998050842666049,-0.9071941587429261,-0.998050842666049
0.05,0.92,0.55,15.0,0.03,100,1500,150,391,325,66,-0.9866343046757686,-0.15135914677137324,-0.9866343046757686
0.05,0.92,0.55,15.0,0.03,100,1500,300,384,319,65,-0.9031816833373297,0.001343964085643048,-0.9031816833373297
0.05,0.92,0.55,15.0,0.03,100,2500,150,361,303,58,-0.9689208140283342,-0.25782981036082997,-0.9689208140283342
0.05,0.92,0.55,15.0,0.03,100,2500,300,351,294,57,-0.8066967192299811,-0.02900125744703715,-0.8066967192299811
0.05,0.92,0.55,15.0,0.03,200,750,150,391,331,60,-0.32166581248637166,-0.5193602446199075,-0.5193602446199075
0.05,0.92,0.55,15.0,0.03,200,750,300,367,308,59,-0.32247709853812995,-0.7515397560208497,-0.7515397560208497
0.05,0.92,0.55,15.0,0.03,200,1500,150,323,267,56,0.036943573021409444,-0.2474948189812918,-0.2474948189812918
0.05,0.92,0.55,15.0,0.03,200,1500,300,300,246,54,-0.06770038744325582,0.3729445589886426,-0.06770038744325582
0.05,0.92,0.55,15.0,0.03,200,2500,150,296,243,53,0.13640113839820184,0.18497211720378431,0.13640113839820184
0.05,0.92,0.55,15.0,0.03,200,2500,300,277,226,51,-0.014854299398528403,0.9792404992283091,-0.014854299398528403
0.05,0.92,0.55,15.0,0.03,400,750,150,396,335,61,0.18774761436366202,1.0634209288453516,0.18774761436366202
0.05,0.92,0.55,15.0,0.03,400,750,300,341,289,52,0.5754105617588033,2.429535517759615,0.5754105617588033
0.05,0.92,0.55,15.0,0.03,400,1500,150,294,248,46,0.623977449810895,2.1527752797096267,0.623977449810895
0.05,0.92,0.55,15.0,0.03,400,1500,300,251,212,39,0.7165296451135189,2.8115852371228005,0.7165296451135189
0.05,0.92,0.55,15.0,0.03,400,2500,150,242,208,34,0.6380527526169294,1.8457854429612321,0.6380527526169294
0.05,0.92,0.55,15.0,0.03,400,2500,300,202,171,31,0.894829684364071,1.9301450384727055,0.894829684364071
0.05,0.92,0.55,15.0,0.03,500,750,150,431,371,60,0.026375750852719725,2.0716253093059667,0.026375750852719725
0.05,0.92,0.55,15.0,0.03,500,750,300,358,308,50,0.30162680538257564,2.576870416208577,0.30162680538257564
0.05,0.92,0.55,15.0,0.03,500,1500,150,311,267,44,0.4962076975101809,2.5931691718828924,0.4962076975101809
0.05,0.92,0.55,15.0,0.03,500,1500,300,257,218,39,0.3667585539287523,2.709062260240511,0.3667585539287523
0.05,0.92,0.55,15.0,0.03,500,2500,150,260,226,34,0.8389075379636244,2.1650097666115706,0.8389075379636244
0.05,0.92,0.55,15.0,0.03,500,2500,300,216,187,29,0.7289939102508249,1.9291701401417913,0.7289939102508249
0.05,0.92,0.55,15.0,0.05,100,750,150,443,377,66,-0.9546048280905594,-0.9657756067311,-0.9657756067311
0.05,0.92,0.55,15.0,0.05,100,750,300,436,371,65,-0.9120167558458914,-0.869111762536897,-0.9120167558458914
0.05,0.92,0.55,15.0,0.05,100,1500,150,387,322,65,-0.9599017166771945,-0.09244201808198957,-0.9599017166771945
0.05,0.92,0.55,15.0,0.05,100,1500,300,379,315,64,-0.8723693244250602,0.06524731489244606,-0.8723693244250602
0.05,0.92,0.55,15.0,0.05,100,2500,150,360,302,58,-0.9889843251737575,-0.25782981036082997,-0.9889843251737575
0.05,0.92,0.55,15.0,0.05,100,2500,300,349,292,57,-0.8684535279073592,-0.02900125744703715,-0.8684535279073592
0.05,0.92,0.55,15.0,0.05,200,750,150,385,325,60,-0.25107248186137576,-0.49421793636176425,-0.49421793636176425
0.05,0.92,0.55,15.0,0.05,200,750,300,360,301,59,-0.3685029413012844,-0.717604820574452,-0.717604820574452
0.05,0.92,0.55,15.0,0.05,200,1500,150,316,261,55,0.04155917293237436,-0.1534364623401985,-0.1534364623401985
0.05,0.92,0.55,15.0,0.05,200,1500,300,291,238,53,-0.0941531348527353,0.4384456877323468,-0.0941531348527353
0.05,0.92,0.55,15.0,0.05,200,2500,150,291,238,53,0.04864625319523115,0.0330683488206584,0.0330683488206584
0.05,0.92,0.55,15.0,0.05,200,2500,300,271,220,51,-0.17291564948101582,0.7938037307453281,-0.17291564948101582
0.05,0.92,0.55,15.0,0.05,400,750,150,392,331,61,0.024204406590938976,1.0634209288453516,0.024204406590938976
0.05,0.92,0.55,15.0,0.05,400,750,300,335,283,52,0.47887195721075165,2.429535517759615,0.47887195721075165
0.05,0.92,0.55,15.0,0.05,400,1500,150,292,246,46,0.6380698362483915,2.1527752797096267,0.6380698362483915
0.05,0.92,0.55,15.0,0.05,400,1500,300,250,211,39,0.7006934563438648,2.8115852371228005,0.7006934563438648
0.05,0.92,0.55,15.0,0.05,400,2500,150,238,204,34,0.5177089404128674,1.8457854429612321,0.5177089404128674
0.05,0.92,0.55,15.0,0.05,400,2500,300,198,167,31,0.8224104082664868,1.9301450384727055,0.8224104082664868
0.05,0.92,0.55,15.0,0.05,500,750,150,422,362,60,0.06083926199087274,2.0716253093059667,0.06083926199087274
0.05,0.92,0.55,15.0,0.05,500,750,300,349,299,50,0.24371457286778356,2.576870416208577,0.24371457286778356
0.05,0.92,0.55,15.0,0.05,500,1500,150,304,260,44,0.3140529186341354,2.5931691718828924,0.3140529186341354
0.05,0.92,0.55,15.0,0.05,500,1500,300,248,209,39,0.30950320166361134,2.709062260240511,0.30950320166361134
0.05,0.92,0.55,15.0,0.05,500,2500,150,254,220,34,0.8488623088753009,2.1650097666115706,0.8488623088753009
0.05,0.92,0.55,15.0,0.05,500,2500,300,209,180,29,0.8344663474075927,1.9910606718823354,0.8344663474075927
0.05,0.92,0.55,20.0,0.01,100,750,150,771,651,120,-0.6506205651820995,-1.1286124638029666,-1.1286124638029666
0.05,0.92,0.55,20.0,0.01,100,750,300,757,639,118,-0.6754174048895449,-0.7123551678886123,-0.7123551678886123
0.05,0.92,0.55,20.0,0.01,100,1500,150,681,573,108,-0.5406152178696717,-0.16367849953650157,-0.5406152178696717
0.05,0.92,0.55,20.0,0.01,100,1500,300,668,561,107,-0.44988432024425473,-0.04996359954332929,-0.44988432024425473
0.05,0.92,0.55,20.0,0.01,100,2500,150,647,538,109,-0.21094991664275684,-0.4163910803648966,-0.4163910803648966
0.05,0.92,0.55,20.0,0.01,100,2500,300,627,519,108,-0.09973885983257434,-0.27276303211146674,-0.27276303211146674
0.05,0.92,0.55,20.0,0.01,200,750,150,640,552,88,-0.35244273910572443,-0.046214418186112466,-0.35244273910572443
0.05,0.92,0.55,20.0,0.01,200,750,300,610,525,85,-0.40020500694439076,-0.6811934328967089,-0.6811934328967089
0.05,0.92,0.55,20.0,0.01,200,1500,150,518,444,74,0.0862615881126687,-0.08235190748144607,-0.08235190748144607
0.05,0.92,0.55,20.0,0.01,200,1500,300,488,418,70,-0.1945663721227965,0.4380699464345246,-0.1945663721227965
0.05,0.92,0.55,20.0,0.01,200,2500,150,472,401,71,0.2782698035617231,0.11013564929534206,0.11013564929534206
0.05,0.92,0.55,20.0,0.01,200,2500,300,439,371,68,0.2704507186595238,0.6884359969772751,0.2704507186595238
0.05,0.92,0.55,20.0,0.01,400,750,150,669,577,92,-0.24975311682145687,0.7062325119053111,-0.24975311682145687
0.05,0.92,0.55,20.0,0.01,400,750,300,588,512,76,-0.08278551863213522,1.0157566887940597,-0.08278551863213522
0.05,0.92,0.55,20.0,0.01,400,1500,150,483,420,63,0.5087325755604316,1.7316253398970982,0.5087325755604316
0.05,0.92,0.55,20.0,0.01,400,1500,300,412,359,53,0.5280262205617519,2.4126077005612845,0.5280262205617519
0.05,0.92,0.55,20.0,0.01,400,2500,150,408,355,53,0.3827856401878705,0.7399595279317105,0.3827856401878705
0.05,0.92,0.55,20.0,0.01,400,2500,300,341,297,44,0.585484513872148,1.0904303745112458,0.585484513872148
0.05,0.92,0.55,20.0,0.01,500,750,150,687,600,87,0.1552040909470089,1.4855346708501609,0.1552040909470089
0.05,0.92,0.55,20.0,0.01,500,750,300,570,502,68,0.30321196603291883,1.6162766838869982,0.30321196603291883
0.05,0.92,0.55,20.0,0.01,500,1500,150,490,422,68,0.3437913688571835,2.315493272850018,0.3437913688571835
0.05,0.92,0.55,20.0,0.01,500,1500,300,394,341,53,0.46646206120380007,2.2492543860694587,0.46646206120380007
0.05,0.92,0.55,20.0,0.01,500,2500,150,411,360,51,0.851069189049983,1.6323613647104236,0.851069189049983
0.05,0.92,0.55,20.0,0.01,500,2500,300,332,292,40,0.9238291910348887,1.7769042727242057,0.9238291910348887
0.05,0.92,0.55,20.0,0.02,100,750,150,706,593,113,-0.6134972110811081,-1.045638296680587,-1.045638296680587
0.05,0.92,0.55,20.0,0.02,100,750,300,687,576,111,-0.22623629352807373,-0.5597410628460462,-0.5597410628460462
0.05,0.92,0.55,20.0,0.02,100,1500,150,629,525,104,-0.7421381584918495,-0.020865333433310398,-0.7421381584918495
0.05,0.92,0.55,20.0,0.02,100,1500,300,613,510,103,-0.7438823617235292,0.07542317804009653,-0.7438823617235292
0.05,0.92,0.55,20.0,0.02,100,2500,150,597,494,103,-0.4463618557729626,-0.7143791387454256,-0.7143791387454256
0.05,0.92,0.55,20.0,0.02,100,2500,300,573,471,102,-0.3232022983314997,-0.5257873374191855,-0.5257873374191855
0.05,0.92,0.55,20.0,0.02,200,750,150,570,488,82,-0.39356102115164554,0.22838449842425992,-0.39356102115164554
0.05,0.92,0.55,20.0,0.02,200,750,300,539,460,79,-0.391836872812704,-0.4704838906364525,-0.4704838906364525
0.05,0.92,0.55,20.0,0.02,200,1500,150,464,393,71,4.625179997701582e-07,0.3711360583898765,4.625179997701582e-07
0.05,0.92,0.55,20.0,0.02,200,1500,300,433,366,67,-0.16654470797745113,0.6587791006127388,-0.16654470797745113
0.05,0.92,0.55,20.0,0.02,200,2500,150,424,357,67,0.15453069941741576,0.8433957887714202,0.15453069941741576
0.05,0.92,0.55,20.0,0.02,200,2500,300,389,325,64,-0.011134759562004656,1.2628008565067192,-0.011134759562004656
0.05,0.92,0.55,20.0,0.02,400,750,150,580,492,88,-0.071807987354755,1.3236897288965537,-0.071807987354755
0.05,0.92,0.55,20.0,0.02,400,750,300,491,419,72,0.13151500245273862,1.8899243495945488,0.13151500245273862
0.05,0.92,0.55,20.0,0.02,400,1500,150,419,358,61,0.6875117201704566,2.394299911462291,0.6875117201704566
0.05,0.92,0.55,20.0,0.02,400,1500,300,351,299,52,0.6812033478874574,3.122697069726594,0.6812033478874574
0.05,0.92,0.55,20.0,0.02,400,2500,150,347,297,50,0.6322435300437161,0.859556861826837,0.6322435300437161
0.05,0.92,0.55,20.0,0.02,400,2500,300,282,240,42,0.8329651368495669,1.6300994154935018,0.8329651368495669
0.05,0.92,0.55,20.0,0.02,500,750,150,596,514,82,0.3632608859935979,1.6335720274220984,0.3632608859935979
0.05,0.92,0.55,20.0,0.02,500,750,300,476,413,63,0.6009900500220136,2.1303853936499753,0.6009900500220136
0.05,0.92,0.55,20.0,0.02,500,1500,150,428,364,64,0.4390888763621436,2.399283242547388,0.4390888763621436
0.05,0.92,0.55,20.0,0.02,500,1500,300,338,288,50,0.32388634347949213,2.561221450584881,0.32388634347949213
0.05,0.92,0.55,20.0,0.02,500,2500,150,361,313,48,0.8481250642615588,1.5736486179371976,0.8481250642615588
0.05,0.92,0.55,20.0,0.02,500,2500,300,282,244,38,0.8168630720102665,1.0499763658407666,0.8168630720102665
0.05,0.92,0.55,20.0,0.03,100,750,150,692,581,111,-0.6461180779136335,-1.0022366565016823,-1.0022366565016823
0.05,0.92,0.55,20.0,0.03,100,750,300,673,564,109,-0.6683581090525028,-0.7183007416549295,-0.7183007416549295
0.05,0.92,0.55,20.0,0.03,100,1500,150,623,519,104,-0.610005406269148,-0.052984269335049954,-0.610005406269148
0.05,0.92,0.55,20.0,0.03,100,1500,300,607,504,103,-0.4776301549485259,0.07632322266874594,-0.4776301549485259
0.05,0.92,0.55,20.0,0.03,100,2500,150,593,490,103,-0.31345442407596413,-0.7868112229175481,-0.7868112229175481
0.05,0.92,0.55,20.0,0.03,100,2500,300,567,465,102,-0.15984027620374824,-0.6007208918287633,-0.6007208918287633
0.05,0.92,0.55,20.0,0.03,200,750,150,553,472,81,-0.42942943576954223,-0.15878871857919044,-0.42942943576954223
0.05,0.92,0.55,20.0,0.03,200,750,300,518,440,78,-0.4251541090352102,-0.7584273277750903,-0.7584273277750903
0.05,0.92,0.55,20.0,0.03,200,1500,150,447,376,71,-0.13545213020392524,-0.23885483944934358,-0.23885483944934358
0.05,0.92,0.55,20.0,0.03,200,1500,300,412,345,67,-0.26579260993232295,0.11711877953184688,-0.26579260993232295
0.05,0.92,0.55,20.0,0.03,200,2500,150,411,344,67,0.029784552446239572,0.48749833258006764,0.029784552446239572
0.05,0.92,0.55,20.0,0.03,200,2500,300,374,310,64,-0.023283159089905244,0.9441057466948115,-0.023283159089905244
0.05,0.92,0.55,20.0,0.03,400,750,150,566,479,87,0.10412277633851255,1.3434470815557165,0.10412277633851255
0.05,0.92,0.55,20.0,0.03,400,750,300,468,398,70,0.31544897322257576,1.8869356895024905,0.31544897322257576
0.05,0.92,0.55,20.0,0.03,400,1500,150,407,346,61,0.7191506185338195,2.0384187071564583,0.7191506185338195
0.05,0.92,0.55,20.0,0.03,400,1500,300,336,284,52,0.7336349910453575,2.6026351332469893,0.7336349910453575
0.05,0.92,0.55,20.0,0.03,400,2500,150,335,286,49,0.5595017101030189,0.8966625067264634,0.5595017101030189
0.05,0.92,0.55,20.0,0.03,400,2500,300,269,228,41,0.8277936727386327,1.4379211510322545,0.8277936727386327
0.05,0.92,0.55,20.0,0.03,500,750,150,580,499,81,0.28407304386476184,1.7247995548086963,0.28407304386476184
0.05,0.92,0.55,20.0,0.03,500,750,300,453,391,62,0.4532852749872098,2.349200185022308,0.4532852749872098
0.05,0.92,0.55,20.0,0.03,500,1500,150,412,349,63,0.5716262985756958,2.9375784726704888,0.5716262985756958
0.05,0.92,0.55,20.0,0.03,500,1500,300,319,270,49,0.43115123642975933,3.1950374112835562,0.43115123642975933
0.05,0.92,0.55,20.0,0.03,500,2500,150,347,299,48,0.8901350964893882,2.0121477376834838,0.8901350964893882
0.05,0.92,0.55,20.0,0.03,500,2500,300,267,230,37,0.7659553484811401,2.0302698703031012,0.7659553484811401
0.05,0.92,0.55,20.0,0.05,100,750,150,687,577,110,-0.5973300561084341,-0.9656590923266071,-0.9656590923266071
0.05,0.92,0.55,20.0,0.05,100,750,300,666,558,108,-0.5437163991097148,-0.6732773364385949,-0.6732773364385949
0.05,0.92,0.55,20.0,0.05,100,1500,150,617,514,103,-0.6079013764416467,-0.00261526951208585,-0.6079013764416467
0.05,0.92,0.55,20.0,0.05,100,1500,300,598,496,102,-0.5389726598863189,0.12793891177928282,-0.5389726598863189
0.05,0.92,0.55,20.0,0.05,100,2500,150,586,484,102,0.07968335592523967,-0.8833333814163078,-0.8833333814163078
0.05,0.92,0.55,20.0,0.05,100,2500,300,558,457,101,-0.2035166869665275,-0.7031901297610262,-0.7031901297610262
0.05,0.92,0.55,20.0,0.05,200,750,150,543,462,81,-0.3333007956560792,-0.14714877482423835,-0.3333007956560792
0.05,0.92,0.55,20.0,0.05,200,750,300,507,429,78,-0.28218813630490286,-0.7452290288089141,-0.7452290288089141
0.05,0.92,0.55,20.0,0.05,200,1500,150,435,365,70,-0.002107558076506154,-0.24687344458338525,-0.24687344458338525
0.05,0.92,0.55,20.0,0.05,200,1500,300,398,332,66,-0.18801986863247716,-0.041634387492854516,-0.18801986863247716
0.05,0.92,0.55,20.0,0.05,200,2500,150,400,333,67,0.1666611130130149,0.3209211548246706,0.1666611130130149
0.05,0.92,0.55,20.0,0.05,200,2500,300,361,297,64,0.06569831989774622,0.6165444198117124,0.06569831989774622
0.05,0.92,0.55,20.0,0.05,400,750,150,556,469,87,-0.00483868348170962,0.955288490050629,-0.00483868348170962
0.05,0.92,0.55,20.0,0.05,400,750,300,455,385,70,0.16727889782730623,1.495399132592359,0.16727889782730623
0.05,0.92,0.55,20.0,0.05,400,1500,150,397,336,61,0.62000342422689,1.7787325348649152,0.62000342422689
0.05,0.92,0.55,20.0,0.05,400,1500,300,328,276,52,0.6730377161941108,2.3613307561347407,0.6730377161941108
0.05,0.92,0.55,20.0,0.05,400,2500,150,320,271,49,0.5155135491360656,0.7111682255561771,0.5155135491360656
0.05,0.92,0.55,20.0,0.05,400,2500,300,255,214,41,0.818548600969782,1.202535295778059,0.818548600969782
0.05,0.92,0.55,20.0,0.05,500,750,150,567,486,81,0.4001875261177802,1.4289910337114322,0.4001875261177802
0.05,0.92,0.55,20.0,0.05,500,750,300,436,374,62,0.48726897355252313,2.226149772918046,0.48726897355252313
0.05,0.92,0.55,20.0,0.05,500,1500,150,401,338,63,0.5983489986121419,2.9375784726704888,0.5983489986121419
0.05,0.92,0.55,20.0,0.05,500,1500,300,309,260,49,0.4627083206333542,3.1950374112835562,0.4627083206333542
0.05,0.92,0.55,20.0,0.05,500,2500,150,340,292,48,0.98324442242868,2.0121477376834838,0.98324442242868
0.05,0.92,0.55,20.0,0.05,500,2500,300,258,221,37,0.8522887202162092,2.088360435683866,0.8522887202162092
0.05,0.92,0.55,25.0,0.01,100,750,150,920,774,146,0.1231566798068518,-0.4048285752443059,-0.4048285752443059
0.05,0.92,0.55,25.0,0.01,100,750,300,903,760,143,0.008499525474571055,-0.06463651184222666,-0.06463651184222666
0.05,0.92,0.55,25.0,0.01,100,1500,150,818,688,130,-0.5427290021011414,0.3959582529678936,-0.5427290021011414
0.05,0.92,0.55,25.0,0.01,100,1500,300,800,673,127,-0.44188281948788355,0.5471227868095958,-0.44188281948788355
0.05,0.92,0.55,25.0,0.01,100,2500,150,783,649,134,-0.48558900721331494,0.2551446368357629,-0.48558900721331494
0.05,0.92,0.55,25.0,0.01,100,2500,300,759,628,131,-0.37383592867092846,0.4588146242554003,-0.37383592867092846
0.05,0.92,0.55,25.0,0.01,200,750,150,751,646,105,-0.1522386730333922,0.49603884524957165,-0.1522386730333922
0.05,0.92,0.55,25.0,0.01,200,750,300,710,610,100,-0.16512857182875915,0.155532546606889,-0.16512857182875915
0.05,0.92,0.55,25.0,0.01,200,1500,150,612,522,90,0.0525748465578652,0.9295085341848432,0.0525748465578652
0.05,0.92,0.55,25.0,0.01,200,1500,300,576,489,87,-0.2073144775346402,0.8859270045260469,-0.2073144775346402
0.05,0.92,0.55,25.0,0.01,200,2500,150,557,472,85,0.17076313603577165,1.3754470925295261,0.17076313603577165
0.05,0.92,0.55,25.0,0.01,200,2500,300,510,431,79,0.10374968475126466,1.406135777296476,0.10374968475126466
0.05,0.92,0.55,25.0,0.01,400,750,150,769,665,104,-0.11181699658407908,0.8630166400998924,-0.11181699658407908
0.05,0.92,0.55,25.0,0.01,400,750,300,662,576,86,0.09475966763538599,1.1786256380701672,0.09475966763538599
0.05,0.92,0.55,25.0,0.01,400,1500,150,564,490,74,0.39960007012732623,2.0892276040985243,0.39960007012732623
0.05,0.92,0.55,25.0,0.01,400,1500,300,467,407,60,0.5428369341247783,2.466319653672186,0.5428369341247783
0.05,0.92,0.55,25.0,0.01,400,2500,150,465,405,60,0.2619515306072085,0.9993660504735484,0.2619515306072085
0.05,0.92,0.55,25.0,0.01,400,2500,300,378,330,48,0.4974157143773368,1.1627739956882268,0.4974157143773368
0.05,0.92,0.55,25.0,0.01,500,750,150,806,697,109,0.3236508670368276,1.6551633875987282,0.3236508670368276
0.05,0.92,0.55,25.0,0.01,500,750,300,648,564,84,0.5230730379290318,1.635317871174724,0.5230730379290318
0.05,0.92,0.55,25.0,0.01,500,1500,150,556,481,75,0.20517878427088948,2.705903383281175,0.20517878427088948
0.05,0.92,0.55,25.0,0.01,500,1500,300,447,387,60,0.2662957700289914,2.338463444071667,0.2662957700289914
0.05,0.92,0.55,25.0,0.01,500,2500,150,473,411,62,0.7156607204035954,1.6850982218174668,0.7156607204035954
0.05,0.92,0.55,25.0,0.01,500,2500,300,370,324,46,0.7413654279108796,2.0625788387463877,0.7413654279108796
0.05,0.92,0.55,25.0,0.02,100,750,150,838,702,136,0.2117624005283717,-0.32462646905939957,-0.32462646905939957
0.05,0.92,0.55,25.0,0.02,100,750,300,812,679,133,0.23244212949899964,0.05460843726874752,0.05460843726874752
0.05,0.92,0.55,25.0,0.02,100,1500,150,754,629,125,-0.08403837515487893,0.5750931929692789,-0.08403837515487893
0.05,0.92,0.55,25.0,0.02,100,1500,300,730,608,122,-0.6313527130468314,0.695370163929641,-0.6313527130468314
0.05,0.92,0.55,25.0,0.02,100,2500,150,713,587,126,-0.4055891697794366,0.10445808278212791,-0.4055891697794366
0.05,0.92,0.55,25.0,0.02,100,2500,300,682,559,123,-0.3669847661900002,0.29911384660120544,-0.3669847661900002
0.05,0.92,0.55,25.0,0.02,200,750,150,656,559,97,-0.2513794407908732,0.7675891274485762,-0.2513794407908732
0.05,0.92,0.55,25.0,0.02,200,750,300,614,521,93,-0.16768613505513338,0.1705928522979645,-0.16768613505513338
0.05,0.92,0.55,25.0,0.02,200,1500,150,537,452,85,-0.06504260273161931,1.4507616552312055,-0.06504260273161931
0.05,0.92,0.55,25.0,0.02,200,1500,300,501,418,83,-0.1543140451721615,1.2641404512309424,-0.1543140451721615
0.05,0.92,0.55,25.0,0.02,200,2500,150,495,412,83,-0.0028609180071309205,2.112877188363488,-0.0028609180071309205
0.05,0.92,0.55,25.0,0.02,200,2500,300,445,368,77,0.06921713117371475,2.152527814375866,0.06921713117371475
0.05,0.92,0.55,25.0,0.02,400,750,150,663,565,98,0.034564810974487215,1.0060682936281424,0.034564810974487215
0.05,0.92,0.55,25.0,0.02,400,750,300,549,468,81,0.20588870621441874,1.5193095652292499,0.20588870621441874
0.05,0.92,0.55,25.0,0.02,400,1500,150,486,414,72,0.6460370353070072,1.7051759576485268,0.6460370353070072
0.05,0.92,0.55,25.0,0.02,400,1500,300,394,336,58,0.5784041450203197,2.5546242063957325,0.5784041450203197
0.05,0.92,0.55,25.0,0.02,400,2500,150,395,339,56,0.41310969442047263,0.9398124289743154,0.41310969442047263
0.05,0.92,0.55,25.0,0.02,400,2500,300,309,264,45,0.6210947368686476,1.9112634630837486,0.6210947368686476
0.05,0.92,0.55,25.0,0.02,500,750,150,679,582,97,0.4080194892400855,1.7716348131658861,0.4080194892400855
0.05,0.92,0.55,25.0,0.02,500,750,300,525,453,72,0.7447899552192756,2.2556722397705635,0.7447899552192756
0.05,0.92,0.55,25.0,0.02,500,1500,150,476,406,70,0.34659751877655576,2.7241968181903737,0.34659751877655576
0.05,0.92,0.55,25.0,0.02,500,1500,300,370,315,55,0.4174501335539614,2.9321694545379255,0.4174501335539614
0.05,0.92,0.55,25.0,0.02,500,2500,150,403,345,58,0.6706518812997418,1.9952070492275407,0.6706518812997418
0.05,0.92,0.55,25.0,0.02,500,2500,300,307,263,44,0.7702308865064288,2.377651641735087,0.7702308865064288
0.05,0.92,0.55,25.0,0.03,100,750,150,824,690,134,0.48234531896284427,-0.25662634626212877,-0.25662634626212877
0.05,0.92,0.55,25.0,0.03,100,750,300,793,662,131,-0.5658902986019454,-0.06012996876337299,-0.5658902986019454
0.05,0.92,0.55,25.0,0.03,100,1500,150,742,617,125,-0.15239449794704854,0.6918162946401317,-0.15239449794704854
0.05,0.92,0.55,25.0,0.03,100,1500,300,715,593,122,-0.5590484280715885,0.8438114279463723,-0.5590484280715885
0.05,0.92,0.55,25.0,0.03,100,2500,150,703,577,126,-0.3492644770943664,0.23280473171740268,-0.3492644770943664
0.05,0.92,0.55,25.0,0.03,100,2500,300,666,543,123,-0.2866677917501976,0.3116607504207736,-0.2866677917501976
0.05,0.92,0.55,25.0,0.03,200,750,150,634,538,96,-0.2520602151043899,0.6965192794280451,-0.2520602151043899
0.05,0.92,0.55,25.0,0.03,200,750,300,589,497,92,-0.16840623242513444,-0.0005044233020780138,-0.16840623242513444
0.05,0.92,0.55,25.0,0.03,200,1500,150,519,434,85,-0.143165262163583,1.054420591755745,-0.143165262163583
0.05,0.92,0.55,25.0,0.03,200,1500,300,479,396,83,-0.16947375516003907,0.8113575798826658,-0.16947375516003907
0.05,0.92,0.55,25.0,0.03,200,2500,150,480,397,83,0.025498403805153943,1.977018314187817,0.025498403805153943
0.05,0.92,0.55,25.0,0.03,200,2500,300,427,350,77,0.09983590595778279,1.8091811460886371,0.09983590595778279
0.05,0.92,0.55,25.0,0.03,400,750,150,643,546,97,0.11513497857180052,1.2084310838409478,0.11513497857180052
0.05,0.92,0.55,25.0,0.03,400,750,300,517,438,79,0.3020317216993304,1.8716032316919957,0.3020317216993304
0.05,0.92,0.55,25.0,0.03,400,1500,150,464,392,72,0.728201187514937,1.9579752484238306,0.728201187514937
0.05,0.92,0.55,25.0,0.03,400,1500,300,369,311,58,0.6977835129338907,2.6092952482769545,0.6977835129338907
0.05,0.92,0.55,25.0,0.03,400,2500,150,378,323,55,0.5932303151573621,1.0779614602749452,0.5932303151573621
0.05,0.92,0.55,25.0,0.03,400,2500,300,290,246,44,0.7081949631721433,1.7107004699199562,0.7081949631721433
0.05,0.92,0.55,25.0,0.03,500,750,150,660,564,96,0.3158176107458863,2.079584333247471,0.3158176107458863
0.05,0.92,0.55,25.0,0.03,500,750,300,500,430,70,0.5720009145404532,2.4907548752872364,0.5720009145404532
0.05,0.92,0.55,25.0,0.03,500,1500,150,457,388,69,0.5126824511997422,3.027346353535318,0.5126824511997422
0.05,0.92,0.55,25.0,0.03,500,1500,300,347,293,54,0.47740181460597353,3.3333978831686877,0.47740181460597353
0.05,0.92,0.55,25.0,0.03,500,2500,150,386,328,58,0.6988781950345425,2.077347053608697,0.6988781950345425
0.05,0.92,0.55,25.0,0.03,500,2500,300,289,246,43,0.7449651610808242,2.537392787425163,0.7449651610808242
0.05,0.92,0.55,25.0,0.05,100,750,150,815,682,133,-0.3247174721672465,-0.2040355999942538,-0.3247174721672465
0.05,0.92,0.55,25.0,0.05,100,750,300,782,652,130,0.28804320069227946,-0.004191335035770885,-0.004191335035770885
0.05,0.92,0.55,25.0,0.05,100,1500,150,733,609,124,-0.0919677822324674,0.7470329812028023,-0.0919677822324674
0.05,0.92,0.55,25.0,0.05,100,1500,300,703,582,121,-0.5197462264413877,0.8990587587741823,-0.5197462264413877
0.05,0.92,0.55,25.0,0.05,100,2500,150,691,566,125,0.016224973861937615,0.2523642112300499,0.016224973861937615
0.05,0.92,0.55,25.0,0.05,100,2500,300,652,530,122,-0.10664200384509233,0.11620262725940739,-0.10664200384509233
0.05,0.92,0.55,25.0,0.05,200,750,150,621,525,96,-0.24589017060786053,0.6457763576046364,-0.24589017060786053
0.05,0.92,0.55,25.0,0.05,200,750,300,576,484,92,-0.13937388754237715,-0.04441718383034501,-0.13937388754237715
0.05,0.92,0.55,25.0,0.05,200,1500,150,505,421,84,0.03514370777147244,0.9437833714168925,0.03514370777147244
0.05,0.92,0.55,25.0,0.05,200,1500,300,464,382,82,-0.045570021988947364,0.9664869985886474,-0.045570021988947364
0.05,0.92,0.55,25.0,0.05,200,2500,150,468,385,83,0.11992557957450188,1.7230484492821878,0.11992557957450188
0.05,0.92,0.55,25.0,0.05,200,2500,300,414,337,77,0.16692307547730462,1.7960011377131693,0.16692307547730462
0.05,0.92,0.55,25.0,0.05,400,750,150,628,531,97,0.07752597376572434,1.313799162090735,0.07752597376572434
0.05,0.92,0.55,25.0,0.05,400,750,300,495,416,79,0.3913075880299925,2.0064764908711603,0.3913075880299925
0.05,0.92,0.55,25.0,0.05,400,1500,150,451,379,72,0.6995551638373718,2.2792885705130654,0.6995551638373718
0.05,0.92,0.55,25.0,0.05,400,1500,300,353,295,58,0.6548282755264766,3.0258932152303166,0.6548282755264766
0.05,0.92,0.55,25.0,0.05,400,2500,150,360,305,55,0.5951583268635926,0.864165260062299,0.5951583268635926
0.05,0.92,0.55,25.0,0.05,400,2500,300,270,226,44,0.7186929340425702,1.431414486328792,0.7186929340425702
0.05,0.92,0.55,25.0,0.05,500,750,150,642,546,96,0.4934325596138253,1.7750578653792008,0.4934325596138253
0.05,0.92,0.55,25.0,0.05,500,750,300,473,403,70,0.6758294489256125,2.3424924290834066,0.6758294489256125
0.05,0.92,0.55,25.0,0.05,500,1500,150,446,377,69,0.5148957237300261,3.027346353535318,0.5148957237300261
0.05,0.92,0.55,25.0,0.05,500,1500,300,331,277,54,0.5159806313060002,3.3333978831686877,0.5159806313060002
0.05,0.92,0.55,25.0,0.05,500,2500,150,374,317,57,0.7937335929241296,2.2114817211332083,0.7937335929241296
0.05,0.92,0.55,25.0,0.05,500,2500,300,275,232,43,0.8140668320116111,2.566600577033415,0.8140668320116111
0.05,0.92,0.55,30.0,0.01,100,750,150,1027,874,153,-0.25490114728290736,-0.10163936179615074,-0.25490114728290736
0.05,0.92,0.55,30.0,0.01,100,750,300,1004,854,150,0.36746248935954456,0.32773026204829503,0.32773026204829503
0.05,0.92,0.55,30.0,0.01,100,1500,150,903,769,134,-0.4784720946607332,0.11331257812470175,-0.4784720946607332
0.05,0.92,0.55,30.0,0.01,100,1500,300,880,749,131,-0.37066548937115706,0.38445088068033056,-0.37066548937115706
0.05,0.92,0.55,30.0,0.01,100,2500,150,887,743,144,-0.3321792912054411,0.26690538494001603,-0.3321792912054411
0.05,0.92,0.55,30.0,0.01,100,2500,300,859,718,141,-0.22719062537400647,0.5448957136485733,-0.22719062537400647
0.05,0.92,0.55,30.0,0.01,200,750,150,828,718,110,-0.10648779076154415,0.5132423638785221,-0.10648779076154415
0.05,0.92,0.55,30.0,0.01,200,750,300,781,677,104,-0.007387718983487554,0.0420751557096705,-0.007387718983487554
0.05,0.92,0.55,30.0,0.01,200,1500,150,674,579,95,-0.20728207890065478,0.6850299070325004,-0.20728207890065478
0.05,0.92,0.55,30.0,0.01,200,1500,300,634,543,91,-0.2160531489575443,0.874727222646957,-0.2160531489575443
0.05,0.92,0.55,30.0,0.01,200,2500,150,621,530,91,-0.09639772656952754,1.070238284103177,-0.09639772656952754
0.05,0.92,0.55,30.0,0.01,200,2500,300,566,481,85,-0.08415480666710115,1.2209923297289984,-0.08415480666710115
0.05,0.92,0.55,30.0,0.01,400,750,150,845,734,111,-0.22385426880214312,1.3714591272263352,-0.22385426880214312
0.05,0.92,0.55,30.0,0.01,400,750,300,723,632,91,-0.006186578833692014,1.718697023439616,-0.006186578833692014
0.05,0.92,0.55,30.0,0.01,400,1500,150,615,536,79,0.5017922471892443,2.218506577501167,0.5017922471892443
0.05,0.92,0.55,30.0,0.01,400,1500,300,503,441,62,0.6350733242313105,2.5806965399293644,0.6350733242313105
0.05,0.92,0.55,30.0,0.01,400,2500,150,514,449,65,0.2903851535070145,0.6424566271999514,0.2903851535070145
0.05,0.92,0.55,30.0,0.01,400,2500,300,416,364,52,0.4507642845258277,0.9183383629799563,0.4507642845258277
0.05,0.92,0.55,30.0,0.01,500,750,150,856,746,110,0.18975253687539928,1.798926862028935,0.18975253687539928
0.05,0.92,0.55,30.0,0.01,500,750,300,674,592,82,0.5832170358479161,1.585730752218801,0.5832170358479161
0.05,0.92,0.55,30.0,0.01,500,1500,150,601,518,83,0.3802454312120635,2.5430394450205847,0.3802454312120635
0.05,0.92,0.55,30.0,0.01,500,1500,300,473,409,64,0.5016166742345517,2.216109720319097,0.5016166742345517
0.05,0.92,0.55,30.0,0.01,500,2500,150,507,441,66,0.7495146951682554,1.6818581152488514,0.7495146951682554
0.05,0.92,0.55,30.0,0.01,500,2500,300,393,343,50,0.8974545062493016,1.8738297979324616,0.8974545062493016
0.05,0.92,0.55,30.0,0.02,100,750,150,923,780,143,-0.4497313941727432,0.040314048768459905,-0.4497313941727432
0.05,0.92,0.55,30.0,0.02,100,750,300,890,750,140,-0.28196670924563294,0.5030832576158367,-0.28196670924563294
0.05,0.92,0.55,30.0,0.02,100,1500,150,815,688,127,0.03526205812648707,0.2294649962000356,0.03526205812648707
0.05,0.92,0.55,30.0,0.02,100,1500,300,788,664,124,-0.47991506606784784,0.4702075310797109,-0.47991506606784784
0.05,0.92,0.55,30.0,0.02,100,2500,150,793,659,134,-0.25682941913165075,0.1415880024144631,-0.25682941913165075
0.05,0.92,0.55,30.0,0.02,100,2500,300,759,628,131,-0.10579149271674158,0.3250865843823204,-0.10579149271674158
0.05,0.92,0.55,30.0,0.02,200,750,150,706,607,99,-0.17735347390682027,1.034000649497797,-0.17735347390682027
0.05,0.92,0.55,30.0,0.02,200,750,300,652,558,94,-0.13188270203045532,0.5430018320853957,-0.13188270203045532
0.05,0.92,0.55,30.0,0.02,200,1500,150,576,489,87,-0.27849422274500957,1.4600632924004464,-0.27849422274500957
0.05,0.92,0.55,30.0,0.02,200,1500,300,537,453,84,-0.2810102566744325,1.1110514021262194,-0.2810102566744325
0.05,0.92,0.55,30.0,0.02,200,2500,150,532,446,86,-0.1759776763486173,2.1609875149988493,-0.1759776763486173
0.05,0.92,0.55,30.0,0.02,200,2500,300,477,397,80,-0.019072813223367808,1.9514262548391454,-0.019072813223367808
0.05,0.92,0.55,30.0,0.02,400,750,150,712,609,103,-0.086094495334677,1.234856470246889,-0.086094495334677
0.05,0.92,0.55,30.0,0.02,400,750,300,583,500,83,0.04018828944054722,1.3689580662131233,0.04018828944054722
0.05,0.92,0.55,30.0,0.02,400,1500,150,529,453,76,0.6183613306946882,1.644871976441738,0.6183613306946882
0.05,0.92,0.55,30.0,0.02,400,1500,300,422,363,59,0.6464211951751545,2.529041112344425,0.6464211951751545
0.05,0.92,0.55,30.0,0.02,400,2500,150,427,368,59,0.2942858316764515,0.5680229136706604,0.2942858316764515
0.05,0.92,0.55,30.0,0.02,400,2500,300,332,285,47,0.5028168781502794,1.613167341402218,0.5028168781502794
0.05,0.92,0.55,30.0,0.02,500,750,150,719,618,101,0.22906723965194287,1.8538946738718607,0.22906723965194287
0.05,0.92,0.55,30.0,0.02,500,750,300,545,472,73,0.7333338205825882,2.2224957284384064,0.7333338205825882
0.05,0.92,0.55,30.0,0.02,500,1500,150,515,437,78,0.34923886033575147,2.577328079791767,0.34923886033575147
0.05,0.92,0.55,30.0,0.02,500,1500,300,390,331,59,0.44500228084951027,2.764771633384191,0.44500228084951027
0.05,0.92,0.55,30.0,0.02,500,2500,150,432,371,61,0.5721521036683965,2.0149285623706854,0.5721521036683965
0.05,0.92,0.55,30.0,0.02,500,2500,300,324,277,47,0.754327416195953,2.2428360570223815,0.754327416195953
0.05,0.92,0.55,30.0,0.03,100,750,150,904,763,141,-0.12986498263551016,0.10999792557145338,-0.12986498263551016
0.05,0.92,0.55,30.0,0.03,100,750,300,868,730,138,0.1008510837866529,0.37431633394815866,0.1008510837866529
0.05,0.92,0.55,30.0,0.03,100,1500,150,796,669,127,-0.3899833042340479,0.24111794173791132,-0.3899833042340479
0.05,0.92,0.55,30.0,0.03,100,1500,300,765,641,124,-0.3988668168665239,0.512464073461239,-0.3988668168665239
0.05,0.92,0.55,30.0,0.03,100,2500,150,774,640,134,-0.1625929242548544,0.3205834185113928,-0.1625929242548544
0.05,0.92,0.55,30.0,0.03,100,2500,300,735,604,131,-0.007197775770154941,0.4126678710684744,-0.007197775770154941
0.05,0.92,0.55,30.0,0.03,200,750,150,677,579,98,0.2982701989367351,0.8734025507938394,0.2982701989367351
0.05,0.92,0.55,30.0,0.03,200,750,300,619,526,93,-0.07397056345199386,0.24525312293594906,-0.07397056345199386
0.05,0.92,0.55,30.0,0.03,200,1500,150,548,461,87,-0.35581892625111117,1.0756550702350722,-0.35581892625111117
0.05,0.92,0.55,30.0,0.03,200,1500,300,504,420,84,-0.3305482532713965,0.7632772191139106,-0.3305482532713965
0.05,0.92,0.55,30.0,0.03,200,2500,150,512,426,86,-0.19544614427749663,2.0642670897122484,-0.19544614427749663
0.05,0.92,0.55,30.0,0.03,200,2500,300,455,375,80,0.000553987923911178,1.750205999723691,0.000553987923911178
0.05,0.92,0.55,30.0,0.03,400,750,150,678,577,101,0.023871831384785373,1.391002995510877,0.023871831384785373
0.05,0.92,0.55,30.0,0.03,400,750,300,540,460,80,0.1296327644984104,1.7061961372447452,0.1296327644984104
0.05,0.92,0.55,30.0,0.03,400,1500,150,497,422,75,0.5751140497017336,1.9752216887388367,0.5751140497017336
0.05,0.92,0.55,30.0,0.03,400,1500,300,388,330,58,0.6720519347783214,2.6534901449861343,0.6720519347783214
0.05,0.92,0.55,30.0,0.03,400,2500,150,405,347,58,0.28892045026857444,1.1931045323900522,0.28892045026857444
0.05,0.92,0.55,30.0,0.03,400,2500,300,308,262,46,0.49383359491961454,1.8315574967850756,0.49383359491961454
0.05,0.92,0.55,30.0,0.03,500,750,150,690,590,100,0.26131542932116314,2.0410139003461385,0.26131542932116314
0.05,0.92,0.55,30.0,0.03,500,750,300,516,445,71,0.5953621357038354,2.392144183257988,0.5953621357038354
0.05,0.92,0.55,30.0,0.03,500,1500,150,492,415,77,0.3019237032807753,2.964746450980837,0.3019237032807753
0.05,0.92,0.55,30.0,0.03,500,1500,300,367,309,58,0.465891573470119,3.113649272856989,0.465891573470119
0.05,0.92,0.55,30.0,0.03,500,2500,150,407,347,60,0.4478683418028992,2.2785982419783957,0.4478683418028992
0.05,0.92,0.55,30.0,0.03,500,2500,300,302,256,46,0.7238761204168356,2.412570440932127,0.7238761204168356
0.05,0.92,0.55,30.0,0.05,100,750,150,895,755,140,0.37257368311239425,0.16804583741602977,0.16804583741602977
0.05,0.92,0.55,30.0,0.05,100,750,300,856,719,137,0.04728214221533264,0.43536299035190157,0.04728214221533264
0.05,0.92,0.55,30.0,0.05,100,1500,150,786,660,126,-0.3440072086087502,0.35973777928639195,-0.3440072086087502
0.05,0.92,0.55,30.0,0.05,100,1500,300,752,629,123,-0.3142303376733142,0.6319462360510149,-0.3142303376733142
0.05,0.92,0.55,30.0,0.05,100,2500,150,762,629,133,-0.03436015313809249,0.34083277364580405,-0.03436015313809249
0.05,0.92,0.55,30.0,0.05,100,2500,300,720,590,130,-0.02545287699523688,0.30532334139716316,-0.02545287699523688
0.05,0.92,0.55,30.0,0.05,200,750,150,659,561,98,-0.19176842627007143,0.8182447898658989,-0.19176842627007143
0.05,0.92,0.55,30.0,0.05,200,750,300,600,507,93,-0.0746233925364237,0.2199057683502902,-0.0746233925364237
0.05,0.92,0.55,30.0,0.05,200,1500,150,529,443,86,-0.2031371430194462,0.9610748195462557,-0.2031371430194462
0.05,0.92,0.55,30.0,0.05,200,1500,300,484,401,83,-0.21032777496086155,0.9270155279225712,-0.21032777496086155
0.05,0.92,0.55,30.0,0.05,200,2500,150,497,411,86,-0.10452531140688741,1.795899213858069,-0.10452531140688741
0.05,0.92,0.55,30.0,0.05,200,2500,300,438,358,80,0.058530382561273395,1.747714814355946,0.058530382561273395
0.05,0.92,0.55,30.0,0.05,400,750,150,662,561,101,-0.026617531676410847,1.3013327098911878,-0.026617531676410847
0.05,0.92,0.55,30.0,0.05,400,750,300,516,436,80,0.2494562306277244,1.5920443596841154,0.2494562306277244
0.05,0.92,0.55,30.0,0.05,400,1500,150,481,406,75,0.6705984295885407,2.299154065147042,0.6705984295885407
0.05,0.92,0.55,30.0,0.05,400,1500,300,372,314,58,0.6761937584561554,3.085967241599808,0.6761937584561554
0.05,0.92,0.55,30.0,0.05,400,2500,150,387,329,58,0.4562395814770018,0.979943531500534,0.4562395814770018
0.05,0.92,0.55,30.0,0.05,400,2500,300,289,243,46,0.6100102920167096,1.6563949564890792,0.6100102920167096
0.05,0.92,0.55,30.0,0.05,500,750,150,668,568,100,0.44700475077928187,1.7280412556813822,0.44700475077928187
0.05,0.92,0.55,30.0,0.05,500,750,300,485,414,71,0.7225555145440223,2.2401403585525768,0.7225555145440223
0.05,0.92,0.55,30.0,0.05,500,1500,150,479,402,77,0.5031463361359862,2.964746450980837,0.5031463361359862
0.05,0.92,0.55,30.0,0.05,500,1500,300,349,291,58,0.630480189007308,3.113649272856989,0.630480189007308
0.05,0.92,0.55,30.0,0.05,500,2500,150,397,337,60,0.6493924296017994,2.2785982419783957,0.6493924296017994
0.05,0.92,0.55,30.0,0.05,500,2500,300,286,240,46,0.8926510682406406,2.4427877331542613,0.8926510682406406
0.05,0.92,0.55,35.0,0.01,100,750,150,1092,934,158,-0.6858514788587445,0.2680753189154049,-0.6858514788587445
0.05,0.92,0.55,35.0,0.01,100,750,300,1065,910,155,-0.3629081543196015,0.639870450982128,-0.3629081543196015
0.05,0.92,0.55,35.0,0.01,100,1500,150,960,819,141,-0.4546500971088433,0.37366700184929896,-0.4546500971088433
0.05,0.92,0.55,35.0,0.01,100,1500,300,935,797,138,-0.4501725027244461,0.6447031564742141,-0.4501725027244461
0.05,0.92,0.55,35.0,0.01,100,2500,150,940,787,153,-0.36221314308813757,0.6878876639277477,-0.36221314308813757
0.05,0.92,0.55,35.0,0.01,100,2500,300,909,760,149,-0.23908085197687123,0.8014801810350174,-0.23908085197687123
0.05,0.92,0.55,35.0,0.01,200,750,150,871,761,110,-0.13179831911635256,0.8971226985601896,-0.13179831911635256
0.05,0.92,0.55,35.0,0.01,200,750,300,813,709,104,-0.05871850792607486,0.48322756479708023,-0.05871850792607486
0.05,0.92,0.55,35.0,0.01,200,1500,150,720,620,100,-0.06728358138727954,0.5275608591761688,-0.06728358138727954
0.05,0.92,0.55,35.0,0.01,200,1500,300,676,582,94,-0.0414108121457747,0.6915953835811355,-0.0414108121457747
0.05,0.92,0.55,35.0,0.01,200,2500,150,652,562,90,-0.10495303473816121,1.269380956334113,-0.10495303473816121
0.05,0.92,0.55,35.0,0.01,200,2500,300,597,513,84,-0.02032560663637131,1.287355715935897,-0.02032560663637131
0.05,0.92,0.55,35.0,0.01,400,750,150,901,784,117,-0.09125221553657284,1.1954782823116126,-0.09125221553657284
0.05,0.92,0.55,35.0,0.01,400,750,300,761,668,93,0.06754177002609946,1.716441954365,0.06754177002609946
0.05,0.92,0.55,35.0,0.01,400,1500,150,651,569,82,0.6314139935588776,2.348837149015295,0.6314139935588776
0.05,0.92,0.55,35.0,0.01,400,1500,300,529,466,63,0.7954573305519097,2.5919704275488242,0.7954573305519097
0.05,0.92,0.55,35.0,0.01,400,2500,150,545,476,69,0.3667374709142107,0.7926914635778762,0.3667374709142107
0.05,0.92,0.55,35.0,0.01,400,2500,300,435,382,53,0.5336471435721878,0.9655629211451112,0.5336471435721878
0.05,0.92,0.55,35.0,0.01,500,750,150,908,791,117,0.08873330922620172,1.620355654690922,0.08873330922620172
0.05,0.92,0.55,35.0,0.01,500,750,300,701,614,87,0.5502638617779833,1.5780695821466293,0.5502638617779833
0.05,0.92,0.55,35.0,0.01,500,1500,150,640,553,87,0.2950898346341924,2.561469257305088,0.2950898346341924
0.05,0.92,0.55,35.0,0.01,500,1500,300,494,427,67,0.4691673012369766,2.1352076924083696,0.4691673012369766
0.05,0.92,0.55,35.0,0.01,500,2500,150,542,472,70,0.5425471186049555,1.7297794992520852,0.5425471186049555
0.05,0.92,0.55,35.0,0.01,500,2500,300,411,359,52,0.7007570570053461,1.719191810248791,0.7007570570053461
0.05,0.92,0.55,35.0,0.02,100,750,150,973,826,147,0.47271980633847244,0.34290787383684657,0.34290787383684657
0.05,0.92,0.55,35.0,0.02,100,750,300,937,793,144,0.31813060755827877,0.7446635616718958,0.31813060755827877
0.05,0.92,0.55,35.0,0.02,100,1500,150,856,724,132,0.6098518999639285,0.2818369149379546,0.2818369149379546
0.05,0.92,0.55,35.0,0.02,100,1500,300,827,698,129,-0.4595567552416984,0.5318733081717423,-0.4595567552416984
0.05,0.92,0.55,35.0,0.02,100,2500,150,825,685,140,-0.20583015029819873,0.4185357373184912,-0.20583015029819873
0.05,0.92,0.55,35.0,0.02,100,2500,300,787,651,136,-0.0721870908375279,0.476717654188009,-0.0721870908375279
0.05,0.92,0.55,35.0,0.02,200,750,150,744,645,99,0.17639900948779547,1.3181285185801959,0.17639900948779547
0.05,0.92,0.55,35.0,0.02,200,750,300,684,589,95,0.1226016543039854,0.6849800776830055,0.1226016543039854
0.05,0.92,0.55,35.0,0.02,200,1500,150,611,519,92,-0.23589970547647013,1.3279844841902804,-0.23589970547647013
0.05,0.92,0.55,35.0,0.02,200,1500,300,568,481,87,-0.08266167499076148,1.0055597074744993,-0.08266167499076148
0.05,0.92,0.55,35.0,0.02,200,2500,150,557,471,86,-0.18779846611668832,2.463721650146979,-0.18779846611668832
0.05,0.92,0.55,35.0,0.02,200,2500,300,501,421,80,0.01265936116502307,2.104022788023035,0.01265936116502307
0.05,0.92,0.55,35.0,0.02,400,750,150,744,636,108,-0.05534438458675865,1.2267679086599066,-0.05534438458675865
0.05,0.92,0.55,35.0,0.02,400,750,300,600,515,85,0.1738445350880646,1.4174623021263093,0.1738445350880646
0.05,0.92,0.55,35.0,0.02,400,1500,150,555,476,79,0.6600811856847901,1.78923287649852,0.6600811856847901
0.05,0.92,0.55,35.0,0.02,400,1500,300,440,380,60,0.767203487712742,2.589390027867115,0.767203487712742
0.05,0.92,0.55,35.0,0.02,400,2500,150,450,389,61,0.27234792412468595,0.9041560349537243,0.27234792412468595
0.05,0.92,0.55,35.0,0.02,400,2500,300,345,298,47,0.5386901665716616,1.6789839789490224,0.5386901665716616
0.05,0.92,0.55,35.0,0.02,500,750,150,755,651,104,0.1685192389626061,1.939228720535911,0.1685192389626061
0.05,0.92,0.55,35.0,0.02,500,750,300,564,489,75,0.6610649030566145,2.328706812914743,0.6610649030566145
0.05,0.92,0.55,35.0,0.02,500,1500,150,539,459,80,0.2873515021379393,2.593383511630849,0.2873515021379393
0.05,0.92,0.55,35.0,0.02,500,1500,300,404,344,60,0.436321146587498,2.726143962699111,0.436321146587498
0.05,0.92,0.55,35.0,0.02,500,2500,150,448,385,63,0.5432497073257149,2.2044393904553825,0.5432497073257149
0.05,0.92,0.55,35.0,0.02,500,2500,300,333,285,48,0.6356670625823823,2.1347772278761576,0.6356670625823823
0.05,0.92,0.55,35.0,0.03,100,750,150,945,800,145,-0.32617661618717825,0.41487324936955705,-0.32617661618717825
0.05,0.92,0.55,35.0,0.03,100,750,300,907,765,142,-0.49066509239833916,0.6242782614780673,-0.49066509239833916
0.05,0.92,0.55,35.0,0.03,100,1500,150,833,701,132,-0.3263124348574696,0.2930756902952699,-0.3263124348574696
0.05,0.92,0.55,35.0,0.03,100,1500,300,800,671,129,-0.3836524142813285,0.5729308818245455,-0.3836524142813285
0.05,0.92,0.55,35.0,0.03,100,2500,150,801,661,140,-0.1289369893014859,0.5928635729465318,-0.1289369893014859
0.05,0.92,0.55,35.0,0.03,100,2500,300,760,624,136,-0.041710330471177816,0.5626414767403282,-0.041710330471177816
0.05,0.92,0.55,35.0,0.03,200,750,150,708,610,98,-0.16691876383220786,1.10956825779958,-0.16691876383220786
0.05,0.92,0.55,35.0,0.03,200,750,300,643,549,94,-0.13620195837265023,0.3782852116655215,-0.13620195837265023
0.05,0.92,0.55,35.0,0.03,200,1500,150,580,488,92,-0.2980351029729249,0.9522378344593814,-0.2980351029729249
0.05,0.92,0.55,35.0,0.03,200,1500,300,531,444,87,-0.11107343791502577,0.9510240214691285,-0.11107343791502577
0.05,0.92,0.55,35.0,0.03,200,2500,150,531,445,86,-0.16346030092472055,2.3272795269664486,-0.16346030092472055
0.05,0.92,0.55,35.0,0.03,200,2500,300,473,393,80,0.04251620261942304,1.8728327073624427,0.04251620261942304
0.05,0.92,0.55,35.0,0.03,400,750,150,705,600,105,-0.0012326847298429957,1.3339729298044631,-0.0012326847298429957
0.05,0.92,0.55,35.0,0.03,400,750,300,553,472,81,0.2187733266705792,1.711744103738496,0.2187733266705792
0.05,0.92,0.55,35.0,0.03,400,1500,150,519,442,77,0.7293392400950829,2.155734280339721,0.7293392400950829
0.05,0.92,0.55,35.0,0.03,400,1500,300,402,344,58,0.8318193046525185,2.7295457742167066,0.8318193046525185
0.05,0.92,0.55,35.0,0.03,400,2500,150,422,362,60,0.27095930504753774,1.483127136874299,0.27095930504753774
0.05,0.92,0.55,35.0,0.03,400,2500,300,319,273,46,0.569220588116605,1.861940710470999,0.569220588116605
0.05,0.92,0.55,35.0,0.03,500,750,150,725,622,103,0.17878201793859047,1.873984534423371,0.17878201793859047
0.05,0.92,0.55,35.0,0.03,500,750,300,532,459,73,0.5161756987615806,2.245547172435419,0.5161756987615806
0.05,0.92,0.55,35.0,0.03,500,1500,150,515,436,79,0.17565929397943492,3.0073891829929766,0.17565929397943492
0.05,0.92,0.55,35.0,0.03,500,1500,300,379,320,59,0.40799478253601235,3.089087329326863,0.40799478253601235
0.05,0.92,0.55,35.0,0.03,500,2500,150,425,363,62,0.39008172152600623,2.474816558592364,0.39008172152600623
0.05,0.92,0.55,35.0,0.03,500,2500,300,309,262,47,0.6074158936726487,2.3099971088196694,0.6074158936726487
0.05,0.92,0.55,35.0,0.05,100,750,150,934,790,144,0.2981303378812113,0.4753972500053645,0.2981303378812113
0.05,0.92,0.55,35.0,0.05,100,750,300,892,751,141,0.10803797883268049,0.6865948962893265,0.10803797883268049
0.05,0.92,0.55,35.0,0.05,100,1500,150,821,690,131,-0.2003946300804716,0.4068787333980976,-0.2003946300804716
0.05,0.92,0.55,35.0,0.05,100,1500,300,785,657,128,-0.35008513412114906,0.688236626208886,-0.35008513412114906
0.05,0.92,0.55,35.0,0.05,100,2500,150,788,649,139,-0.002924760009594707,0.6129010886936801,-0.002924760009594707
0.05,0.92,0.55,35.0,0.05,100,2500,300,746,611,135,0.0011976197601643779,0.45816407741369264,0.0011976197601643779
0.05,0.92,0.55,35.0,0.05,200,750,150,689,591,98,-0.1721371671375828,1.0415192896755527,-0.1721371671375828
0.05,0.92,0.55,35.0,0.05,200,750,300,622,528,94,-0.06930875108853222,0.34627617360269475,-0.06930875108853222
0.05,0.92,0.55,35.0,0.05,200,1500,150,557,466,91,-0.23681066553563007,0.8482709776110137,-0.23681066553563007
0.05,0.92,0.55,35.0,0.05,200,1500,300,508,422,86,-0.11348195838645884,0.8569647290456158,-0.11348195838645884
0.05,0.92,0.55,35.0,0.05,200,2500,150,516,430,86,-0.18476484350806022,2.0319957434608775,-0.18476484350806022
0.05,0.92,0.55,35.0,0.05,200,2500,300,455,375,80,0.023911198997957094,1.8656508283181297,0.023911198997957094
0.05,0.92,0.55,35.0,0.05,400,750,150,687,582,105,-0.07681653202301067,1.490873934578044,-0.07681653202301067
0.05,0.92,0.55,35.0,0.05,400,750,300,529,448,81,0.29636269313150454,1.524894340278421,0.29636269313150454
0.05,0.92,0.55,35.0,0.05,400,1500,150,502,425,77,0.7176603510611508,2.482113670469672,0.7176603510611508
0.05,0.92,0.55,35.0,0.05,400,1500,300,386,328,58,0.7983154370623677,3.1681236700295554,0.7983154370623677
0.05,0.92,0.55,35.0,0.05,400,2500,150,400,340,60,0.3357820292550688,1.2585377337786159,0.3357820292550688
0.05,0.92,0.55,35.0,0.05,400,2500,300,298,252,46,0.5775808226193325,1.6855736110873996,0.5775808226193325
0.05,0.92,0.55,35.0,0.05,500,750,150,698,595,103,0.39501606971887504,1.5791993862717106,0.39501606971887504
0.05,0.92,0.55,35.0,0.05,500,750,300,501,428,73,0.7599525803108328,2.0823328333422,0.7599525803108328
0.05,0.92,0.55,35.0,0.05,500,1500,150,493,414,79,0.5572740094944018,3.0073891829929766,0.5572740094944018
0.05,0.92,0.55,35.0,0.05,500,1500,300,357,298,59,0.7292924819641096,3.089087329326863,0.7292924819641096
0.05,0.92,0.55,35.0,0.05,500,2500,150,409,347,62,0.666832282048608,2.474816558592364,0.666832282048608
0.05,0.92,0.55,35.0,0.05,500,2500,300,292,245,47,0.9042775711561601,2.340312439329052,0.9042775711561601
