low_q,high_q,mid_q,adx_threshold,atr_stop_multiple,beta_window,pct_lookback,max_hold_bars,n_trades,n_is,n_oos,is_sharpe,oos_sharpe,min_sharpe
0.01,0.7,0.4,15.0,6.0,100,750,150,763,647,116,-0.17260828751812196,-0.2177093243284498,-0.2177093243284498
0.01,0.7,0.4,15.0,6.0,100,750,300,733,620,113,0.09236608192473199,-0.25611366161656246,-0.25611366161656246
0.01,0.7,0.4,15.0,6.0,100,1500,150,723,615,108,-0.3519605415381244,0.47668339526696063,-0.3519605415381244
0.01,0.7,0.4,15.0,6.0,100,1500,300,692,587,105,-0.054996854719498514,0.24910287998689154,-0.054996854719498514
0.01,0.7,0.4,15.0,6.0,100,2500,150,694,582,112,-0.3113552831473892,0.039936828687390916,-0.3113552831473892
0.01,0.7,0.4,15.0,6.0,100,2500,300,657,548,109,-0.027830424066257145,-0.5389977789892897,-0.5389977789892897
0.01,0.7,0.4,15.0,6.0,200,750,150,658,555,103,-0.1742419297158731,-0.837254057081086,-0.837254057081086
0.01,0.7,0.4,15.0,6.0,200,750,300,605,507,98,0.0913374924268713,-0.1200283153207818,-0.1200283153207818
0.01,0.7,0.4,15.0,6.0,200,1500,150,608,512,96,-0.47209072800734664,0.06027557444856196,-0.47209072800734664
0.01,0.7,0.4,15.0,6.0,200,1500,300,549,462,87,0.09186917186357392,0.003589806314518988,0.003589806314518988
0.01,0.7,0.4,15.0,6.0,200,2500,150,595,500,95,-0.6177784037748374,-0.2627147062802649,-0.6177784037748374
0.01,0.7,0.4,15.0,6.0,200,2500,300,536,448,88,-0.09771713927839713,-0.11468486133522361,-0.11468486133522361
0.01,0.7,0.4,15.0,6.0,400,750,150,634,530,104,-0.1546151751134881,-0.8837776839323968,-0.8837776839323968
0.01,0.7,0.4,15.0,6.0,400,750,300,548,460,88,0.20510465198003663,-0.5046534087795964,-0.5046534087795964
0.01,0.7,0.4,15.0,6.0,400,1500,150,581,493,88,0.38001838897355067,-0.44330428310756886,-0.44330428310756886
0.01,0.7,0.4,15.0,6.0,400,1500,300,488,413,75,0.3990593121254651,-0.03910016662649362,-0.03910016662649362
0.01,0.7,0.4,15.0,6.0,400,2500,150,552,466,86,-0.1815998898346308,-1.885158575523928,-1.885158575523928
0.01,0.7,0.4,15.0,6.0,400,2500,300,459,388,71,-0.026562300725797322,-1.1880012193198322,-1.1880012193198322
0.01,0.7,0.4,15.0,6.0,500,750,150,661,562,99,0.04459662380314021,-1.4512484743895089,-1.4512484743895089
0.01,0.7,0.4,15.0,6.0,500,750,300,555,472,83,0.0623127319661887,-0.5122858694896218,-0.5122858694896218
0.01,0.7,0.4,15.0,6.0,500,1500,150,592,503,89,0.034447416451988296,-0.8569736391570756,-0.8569736391570756
0.01,0.7,0.4,15.0,6.0,500,1500,300,491,419,72,0.22267647864850737,0.12629956626992342,0.12629956626992342
0.01,0.7,0.4,15.0,6.0,500,2500,150,543,453,90,-0.2004567160794481,-1.9066166700015044,-1.9066166700015044
0.01,0.7,0.4,15.0,6.0,500,2500,300,453,379,74,0.3704817480598105,-1.0809773866778927,-1.0809773866778927
0.01,0.7,0.4,15.0,10.0,100,750,150,737,627,110,0.17659722999448857,0.9018538982075069,0.17659722999448857
0.01,0.7,0.4,15.0,10.0,100,750,300,702,595,107,0.4200119839300819,0.8036635182974926,0.4200119839300819
0.01,0.7,0.4,15.0,10.0,100,1500,150,695,593,102,-0.011233971185814108,1.397090366406482,-0.011233971185814108
0.01,0.7,0.4,15.0,10.0,100,1500,300,655,557,98,0.2896392646983994,1.1109689883470653,0.2896392646983994
0.01,0.7,0.4,15.0,10.0,100,2500,150,666,561,105,0.045081319961828424,1.3078896600131806,0.045081319961828424
0.01,0.7,0.4,15.0,10.0,100,2500,300,621,520,101,0.36259310880900214,0.9088549305930117,0.36259310880900214
0.01,0.7,0.4,15.0,10.0,200,750,150,628,530,98,0.09695807274047397,0.004223179835783273,0.004223179835783273
0.01,0.7,0.4,15.0,10.0,200,750,300,563,471,92,0.3669808128066586,-0.05265239767563084,-0.05265239767563084
0.01,0.7,0.4,15.0,10.0,200,1500,150,578,484,94,-0.04286078493786579,1.192602337914534,-0.04286078493786579
0.01,0.7,0.4,15.0,10.0,200,1500,300,513,429,84,0.47368322134593577,0.8251310352298686,0.47368322134593577
0.01,0.7,0.4,15.0,10.0,200,2500,150,562,470,92,-0.272929865602218,0.9038860898590441,-0.272929865602218
0.01,0.7,0.4,15.0,10.0,200,2500,300,498,414,84,0.23524136022084316,1.0041251892678884,0.23524136022084316
0.01,0.7,0.4,15.0,10.0,400,750,150,600,503,97,0.06207370318928525,-1.868892575424182,-1.868892575424182
0.01,0.7,0.4,15.0,10.0,400,750,300,486,406,80,0.41003280679514464,-0.5429648294062075,-0.5429648294062075
0.01,0.7,0.4,15.0,10.0,400,1500,150,539,459,80,0.19786611124822473,0.39256461736941184,0.19786611124822473
0.01,0.7,0.4,15.0,10.0,400,1500,300,432,365,67,0.11244564735195477,0.5254301341431877,0.11244564735195477
0.01,0.7,0.4,15.0,10.0,400,2500,150,512,435,77,-0.22426647295274005,-0.054137726923060084,-0.22426647295274005
0.01,0.7,0.4,15.0,10.0,400,2500,300,396,334,62,0.04091304810236481,0.4478995778099019,0.04091304810236481
0.01,0.7,0.4,15.0,10.0,500,750,150,613,524,89,0.17356661928071013,-1.020721481081221,-1.020721481081221
0.01,0.7,0.4,15.0,10.0,500,750,300,488,415,73,0.39671481283467536,-1.0482222633244842,-1.0482222633244842
0.01,0.7,0.4,15.0,10.0,500,1500,150,548,470,78,0.09088949027211747,0.6495346952596556,0.09088949027211747
0.01,0.7,0.4,15.0,10.0,500,1500,300,437,374,63,0.4208303430681945,0.4914789621106095,0.4208303430681945
0.01,0.7,0.4,15.0,10.0,500,2500,150,503,425,78,-0.09049461580215817,0.24471688821164783,-0.09049461580215817
0.01,0.7,0.4,15.0,10.0,500,2500,300,392,328,64,0.5322783273113905,-0.08584094405040917,-0.08584094405040917
0.01,0.7,0.4,15.0,15.0,100,750,150,732,623,109,0.21122124788560737,0.7594958369903384,0.21122124788560737
0.01,0.7,0.4,15.0,15.0,100,750,300,696,590,106,0.4277427484538529,0.6754063739564945,0.4277427484538529
0.01,0.7,0.4,15.0,15.0,100,1500,150,690,589,101,0.07624470279890914,1.2599850049625936,0.07624470279890914
0.01,0.7,0.4,15.0,15.0,100,1500,300,649,552,97,0.3286167643557009,0.9626666663812705,0.3286167643557009
0.01,0.7,0.4,15.0,15.0,100,2500,150,658,554,104,0.1844002051199233,1.2773373539070865,0.1844002051199233
0.01,0.7,0.4,15.0,15.0,100,2500,300,605,506,99,0.5066515024474576,1.0070370093113674,0.5066515024474576
0.01,0.7,0.4,15.0,15.0,200,750,150,619,522,97,0.22028326741149767,-0.1421898517351527,-0.1421898517351527
0.01,0.7,0.4,15.0,15.0,200,750,300,548,457,91,0.3421381123116956,0.16834372620042898,0.16834372620042898
0.01,0.7,0.4,15.0,15.0,200,1500,150,570,477,93,0.058532310492267224,1.1261316945470035,0.058532310492267224
0.01,0.7,0.4,15.0,15.0,200,1500,300,497,414,83,0.47790866418539363,0.7943619547603126,0.47790866418539363
0.01,0.7,0.4,15.0,15.0,200,2500,150,549,459,90,-0.05112827038669193,1.0752641338446907,-0.05112827038669193
0.01,0.7,0.4,15.0,15.0,200,2500,300,480,398,82,0.29745435763230166,1.0370041900747553,0.29745435763230166
0.01,0.7,0.4,15.0,15.0,400,750,150,589,494,95,-0.049121416924002265,-1.6427260695729706,-1.6427260695729706
0.01,0.7,0.4,15.0,15.0,400,750,300,464,390,74,0.3238357892039071,-0.17339633546445007,-0.17339633546445007
0.01,0.7,0.4,15.0,15.0,400,1500,150,529,450,79,0.13117963754881026,0.5099373222006873,0.13117963754881026
0.01,0.7,0.4,15.0,15.0,400,1500,300,410,347,63,-0.039057359530007385,0.8457655712643924,-0.039057359530007385
0.01,0.7,0.4,15.0,15.0,400,2500,150,499,425,74,-0.30328763954953225,0.1373816053268431,-0.30328763954953225
0.01,0.7,0.4,15.0,15.0,400,2500,300,371,314,57,-0.14880447650989276,0.8679215647996947,-0.14880447650989276
0.01,0.7,0.4,15.0,15.0,500,750,150,599,511,88,0.27621530449367054,-1.2069308517920294,-1.2069308517920294
0.01,0.7,0.4,15.0,15.0,500,750,300,461,393,68,0.39538975343820043,-0.9354355869614094,-0.9354355869614094
0.01,0.7,0.4,15.0,15.0,500,1500,150,536,459,77,0.011860096716098877,0.38710481035741834,0.011860096716098877
0.01,0.7,0.4,15.0,15.0,500,1500,300,413,353,60,0.2188157392862968,0.4912672985393954,0.2188157392862968
0.01,0.7,0.4,15.0,15.0,500,2500,150,491,414,77,-0.005876259634098612,0.061162664605993844,-0.005876259634098612
0.01,0.7,0.4,15.0,15.0,500,2500,300,368,310,58,0.3016485532778153,0.08479494859948902,0.08479494859948902
0.01,0.7,0.4,15.0,20.0,100,750,150,732,623,109,0.1446651972680564,0.7156171744563137,0.1446651972680564
0.01,0.7,0.4,15.0,20.0,100,750,300,695,589,106,0.3987019709652109,0.6320636375711784,0.3987019709652109
0.01,0.7,0.4,15.0,20.0,100,1500,150,689,589,100,0.03732409343113706,1.2116417532299488,0.03732409343113706
0.01,0.7,0.4,15.0,20.0,100,1500,300,648,552,96,0.2924548820806322,0.8879739521394419,0.2924548820806322
0.01,0.7,0.4,15.0,20.0,100,2500,150,658,554,104,0.12754392793251226,1.212187393569964,0.12754392793251226
0.01,0.7,0.4,15.0,20.0,100,2500,300,605,506,99,0.4929713364222659,0.8979685685923359,0.4929713364222659
0.01,0.7,0.4,15.0,20.0,200,750,150,617,521,96,0.13694478288601536,0.031850554500889375,0.031850554500889375
0.01,0.7,0.4,15.0,20.0,200,750,300,542,453,89,0.2475912719317784,0.0787616229511949,0.0787616229511949
0.01,0.7,0.4,15.0,20.0,200,1500,150,567,475,92,-0.0062039988648150725,1.1108709748929937,-0.0062039988648150725
0.01,0.7,0.4,15.0,20.0,200,1500,300,488,406,82,0.5298350092040384,0.7405715582060199,0.5298350092040384
0.01,0.7,0.4,15.0,20.0,200,2500,150,546,457,89,-0.10917921445418488,1.0959122773546481,-0.10917921445418488
0.01,0.7,0.4,15.0,20.0,200,2500,300,470,390,80,0.30583198158118846,0.9336072791872239,0.30583198158118846
0.01,0.7,0.4,15.0,20.0,400,750,150,587,493,94,-0.19450405848263796,-1.8851184549006128,-1.8851184549006128
0.01,0.7,0.4,15.0,20.0,400,750,300,456,384,72,0.20141828802076792,-0.3563208874463831,-0.3563208874463831
0.01,0.7,0.4,15.0,20.0,400,1500,150,526,447,79,0.073995514964087,0.34426154200616627,0.073995514964087
0.01,0.7,0.4,15.0,20.0,400,1500,300,401,339,62,0.006564608758948573,0.953097163003327,0.006564608758948573
0.01,0.7,0.4,15.0,20.0,400,2500,150,494,421,73,-0.3830880593146816,0.10972936582530098,-0.3830880593146816
0.01,0.7,0.4,15.0,20.0,400,2500,300,363,307,56,-0.2385923173563312,0.7815366107472279,-0.2385923173563312
0.01,0.7,0.4,15.0,20.0,500,750,150,595,507,88,0.2115120884828923,-1.4151165131598014,-1.4151165131598014
0.01,0.7,0.4,15.0,20.0,500,750,300,453,386,67,0.321348287528129,-1.1771830511135557,-1.1771830511135557
0.01,0.7,0.4,15.0,20.0,500,1500,150,532,455,77,-0.0018310181222472158,0.1685948555593104,-0.0018310181222472158
0.01,0.7,0.4,15.0,20.0,500,1500,300,403,344,59,0.22513376250664402,0.6237353529712082,0.22513376250664402
0.01,0.7,0.4,15.0,20.0,500,2500,150,490,413,77,0.025003566894933157,-0.22017016887700305,-0.22017016887700305
0.01,0.7,0.4,15.0,20.0,500,2500,300,358,301,57,0.375986248594836,0.06525102365075183,0.06525102365075183
0.01,0.7,0.4,20.0,6.0,100,750,150,1202,1013,189,0.3778511565371761,0.7445058995813006,0.3778511565371761
0.01,0.7,0.4,20.0,6.0,100,750,300,1126,943,183,0.4356349594163017,0.8895798442380702,0.4356349594163017
0.01,0.7,0.4,20.0,6.0,100,1500,150,1093,926,167,-0.19215852031922329,1.330966387722894,-0.19215852031922329
0.01,0.7,0.4,20.0,6.0,100,1500,300,1011,850,161,0.03120548494036917,1.2576816039265557,0.03120548494036917
0.01,0.7,0.4,20.0,6.0,100,2500,150,1044,885,159,0.0043324100835649615,1.2241275490976276,0.0043324100835649615
0.01,0.7,0.4,20.0,6.0,100,2500,300,948,796,152,0.19251356034579936,1.2237539792901353,0.19251356034579936
0.01,0.7,0.4,20.0,6.0,200,750,150,957,814,143,0.28452072842101467,0.309728180883429,0.28452072842101467
0.01,0.7,0.4,20.0,6.0,200,750,300,844,719,125,0.2649703665403792,0.7582481125558249,0.2649703665403792
0.01,0.7,0.4,20.0,6.0,200,1500,150,867,742,125,0.21129024134305258,0.7928786098781624,0.21129024134305258
0.01,0.7,0.4,20.0,6.0,200,1500,300,747,640,107,0.40083175039439684,1.0636194208550553,0.40083175039439684
0.01,0.7,0.4,20.0,6.0,200,2500,150,818,697,121,0.3572945717355917,0.4068549416796952,0.3572945717355917
0.01,0.7,0.4,20.0,6.0,200,2500,300,687,586,101,0.5030413710846766,1.1595665596578932,0.5030413710846766
0.01,0.7,0.4,20.0,6.0,400,750,150,915,775,140,0.1179269846293377,-0.1704954801259327,-0.1704954801259327
0.01,0.7,0.4,20.0,6.0,400,750,300,724,612,112,0.30025829888633954,-0.6345630999035344,-0.6345630999035344
0.01,0.7,0.4,20.0,6.0,400,1500,150,819,698,121,0.3583637996708457,0.5175584607326333,0.3583637996708457
0.01,0.7,0.4,20.0,6.0,400,1500,300,634,538,96,0.3674425448849829,1.0076261249614686,0.3674425448849829
0.01,0.7,0.4,20.0,6.0,400,2500,150,753,636,117,0.20794663273316497,-0.3344413786341902,-0.3344413786341902
0.01,0.7,0.4,20.0,6.0,400,2500,300,589,494,95,0.11329641554187958,0.35219778427893317,0.11329641554187958
0.01,0.7,0.4,20.0,6.0,500,750,150,920,787,133,-0.0072343461518405835,-0.8194576126595212,-0.8194576126595212
0.01,0.7,0.4,20.0,6.0,500,750,300,717,612,105,0.09013013122464705,-1.376959480173345,-1.376959480173345
0.01,0.7,0.4,20.0,6.0,500,1500,150,808,689,119,-0.10311873595452353,0.14070187075981785,-0.10311873595452353
0.01,0.7,0.4,20.0,6.0,500,1500,300,632,540,92,0.026988887085305027,0.6703980084452952,0.026988887085305027
0.01,0.7,0.4,20.0,6.0,500,2500,150,738,625,113,-0.07621030835629254,-0.49873760302016484,-0.49873760302016484
0.01,0.7,0.4,20.0,6.0,500,2500,300,565,473,92,0.11165229288935476,-0.0041347158934761565,-0.0041347158934761565
0.01,0.7,0.4,20.0,10.0,100,750,150,1141,968,173,0.47583620835941737,1.133076560564693,0.47583620835941737
0.01,0.7,0.4,20.0,10.0,100,750,300,1060,894,166,0.44376955921357814,1.1085724331841023,0.44376955921357814
0.01,0.7,0.4,20.0,10.0,100,1500,150,1036,879,157,-0.06317438546231935,1.5880558603455328,-0.06317438546231935
0.01,0.7,0.4,20.0,10.0,100,1500,300,948,799,149,0.08865357121213614,1.2986310976084572,0.08865357121213614
0.01,0.7,0.4,20.0,10.0,100,2500,150,983,838,145,0.17223547422074886,1.508518584077683,0.17223547422074886
0.01,0.7,0.4,20.0,10.0,100,2500,300,878,741,137,0.287014705324483,1.2413720553142877,0.287014705324483
0.01,0.7,0.4,20.0,10.0,200,750,150,881,751,130,0.34080160749694705,0.9250809236075168,0.34080160749694705
0.01,0.7,0.4,20.0,10.0,200,750,300,752,637,115,0.3441150738768449,0.7181753401281399,0.3441150738768449
0.01,0.7,0.4,20.0,10.0,200,1500,150,794,683,111,0.21175013965268188,1.0846263837550418,0.21175013965268188
0.01,0.7,0.4,20.0,10.0,200,1500,300,671,574,97,0.5169547134932536,1.0780712247123652,0.5169547134932536
0.01,0.7,0.4,20.0,10.0,200,2500,150,746,639,107,0.11728522676494905,0.7933602750078941,0.11728522676494905
0.01,0.7,0.4,20.0,10.0,200,2500,300,612,519,93,0.39632377771347677,1.2442160229702381,0.39632377771347677
0.01,0.7,0.4,20.0,10.0,400,750,150,831,704,127,-0.10104895301740549,-0.2954487561064254,-0.2954487561064254
0.01,0.7,0.4,20.0,10.0,400,750,300,632,532,100,0.28726947269388325,-0.566380201739021,-0.566380201739021
0.01,0.7,0.4,20.0,10.0,400,1500,150,739,632,107,0.4037157569079311,0.6594168766816156,0.4037157569079311
0.01,0.7,0.4,20.0,10.0,400,1500,300,547,466,81,0.6351645278748804,1.2504501765556908,0.6351645278748804
0.01,0.7,0.4,20.0,10.0,400,2500,150,682,579,103,0.27193616910364177,-0.08512236549012889,-0.08512236549012889
0.01,0.7,0.4,20.0,10.0,400,2500,300,498,417,81,0.4045627943939068,0.5825644886388323,0.4045627943939068
0.01,0.7,0.4,20.0,10.0,500,750,150,834,715,119,0.1516258257939373,-0.6649274075215164,-0.6649274075215164
0.01,0.7,0.4,20.0,10.0,500,750,300,617,527,90,0.42316870908836063,-1.3892203340808058,-1.3892203340808058
0.01,0.7,0.4,20.0,10.0,500,1500,150,732,627,105,-0.06444517117030443,0.5229758407308484,-0.06444517117030443
0.01,0.7,0.4,20.0,10.0,500,1500,300,527,453,74,0.2435544564055051,0.564570650580435,0.2435544564055051
0.01,0.7,0.4,20.0,10.0,500,2500,150,664,567,97,-0.19737675975427443,0.2787277121141711,-0.19737675975427443
0.01,0.7,0.4,20.0,10.0,500,2500,300,474,401,73,0.04365027661502182,0.36331463464285646,0.04365027661502182
0.01,0.7,0.4,20.0,15.0,100,750,150,1127,956,171,0.6727406145488588,0.9499464805218328,0.6727406145488588
0.01,0.7,0.4,20.0,15.0,100,750,300,1038,875,163,0.5949431739163649,0.9521331658977241,0.5949431739163649
0.01,0.7,0.4,20.0,15.0,100,1500,150,1020,865,155,0.1371977115268191,1.3577571421962065,0.1371977115268191
0.01,0.7,0.4,20.0,15.0,100,1500,300,928,783,145,0.20906019223726927,1.0758861691237354,0.20906019223726927
0.01,0.7,0.4,20.0,15.0,100,2500,150,961,818,143,0.2950771429847547,1.458162063963357,0.2950771429847547
0.01,0.7,0.4,20.0,15.0,100,2500,300,849,716,133,0.46554078798542126,1.3508904722090078,0.46554078798542126
0.01,0.7,0.4,20.0,15.0,200,750,150,861,734,127,0.21810933970755192,1.0041218487413808,0.21810933970755192
0.01,0.7,0.4,20.0,15.0,200,750,300,721,610,111,0.25643865384504827,1.0321338358278773,0.25643865384504827
0.01,0.7,0.4,20.0,15.0,200,1500,150,769,662,107,0.13669882488518162,1.1316020172336207,0.13669882488518162
0.01,0.7,0.4,20.0,15.0,200,1500,300,634,542,92,0.47587008809395437,1.1489892489668188,0.47587008809395437
0.01,0.7,0.4,20.0,15.0,200,2500,150,726,622,104,0.11266567965183202,0.8119734239838668,0.11266567965183202
0.01,0.7,0.4,20.0,15.0,200,2500,300,580,494,86,0.42651625020110073,1.3095428378725202,0.42651625020110073
0.01,0.7,0.4,20.0,15.0,400,750,150,805,686,119,-0.08968265557552718,-0.04996107246277577,-0.08968265557552718
0.01,0.7,0.4,20.0,15.0,400,750,300,585,496,89,0.39663941684515724,-0.37102073849691164,-0.37102073849691164
0.01,0.7,0.4,20.0,15.0,400,1500,150,714,612,102,0.2170304984307342,0.9651092634398,0.2170304984307342
0.01,0.7,0.4,20.0,15.0,400,1500,300,519,445,74,0.41410331763949526,1.1512970922585513,0.41410331763949526
0.01,0.7,0.4,20.0,15.0,400,2500,150,658,559,99,0.08545832611409433,0.5608741627364964,0.08545832611409433
0.01,0.7,0.4,20.0,15.0,400,2500,300,465,391,74,0.3574845360007367,0.665352993841629,0.3574845360007367
0.01,0.7,0.4,20.0,15.0,500,750,150,801,686,115,0.1724721707063067,-0.5318458726388342,-0.5318458726388342
0.01,0.7,0.4,20.0,15.0,500,750,300,578,494,84,0.40340425017988596,-1.2568500841613048,-1.2568500841613048
0.01,0.7,0.4,20.0,15.0,500,1500,150,715,612,103,-0.21976763655590678,0.46912759447572183,-0.21976763655590678
0.01,0.7,0.4,20.0,15.0,500,1500,300,505,434,71,0.16411069561276598,0.49998560440808604,0.16411069561276598
0.01,0.7,0.4,20.0,15.0,500,2500,150,647,551,96,-0.28769861722556,0.2074088983650897,-0.28769861722556
0.01,0.7,0.4,20.0,15.0,500,2500,300,455,385,70,0.03443724874746918,0.19326230695792168,0.03443724874746918
0.01,0.7,0.4,20.0,20.0,100,750,150,1124,954,170,0.5765853766592431,0.8062342814902682,0.5765853766592431
0.01,0.7,0.4,20.0,20.0,100,750,300,1034,872,162,0.4915575948635184,0.8252032751555632,0.4915575948635184
0.01,0.7,0.4,20.0,20.0,100,1500,150,1017,864,153,0.05951852137107953,1.3759272925663504,0.05951852137107953
0.01,0.7,0.4,20.0,20.0,100,1500,300,921,778,143,0.11174338775377202,0.8983910454471388,0.11174338775377202
0.01,0.7,0.4,20.0,20.0,100,2500,150,960,817,143,0.23984691350209864,1.497009541169852,0.23984691350209864
0.01,0.7,0.4,20.0,20.0,100,2500,300,842,710,132,0.3405035551066205,1.1574973532195505,0.3405035551066205
0.01,0.7,0.4,20.0,20.0,200,750,150,855,729,126,0.15704274530593756,1.2515737176269806,0.15704274530593756
0.01,0.7,0.4,20.0,20.0,200,750,300,709,600,109,0.1765997976180719,1.1118450550046406,0.1765997976180719
0.01,0.7,0.4,20.0,20.0,200,1500,150,764,658,106,0.14772893510700397,1.312290174132504,0.14772893510700397
0.01,0.7,0.4,20.0,20.0,200,1500,300,626,536,90,0.4593660049349899,1.1378225916222622,0.4593660049349899
0.01,0.7,0.4,20.0,20.0,200,2500,150,719,616,103,0.16376338669686882,0.7037054250774587,0.16376338669686882
0.01,0.7,0.4,20.0,20.0,200,2500,300,569,484,85,0.33438425538075056,1.1615598651029648,0.33438425538075056
0.01,0.7,0.4,20.0,20.0,400,750,150,797,678,119,-0.04471729512517468,-0.271607821984754,-0.271607821984754
0.01,0.7,0.4,20.0,20.0,400,750,300,569,484,85,0.32775790237968705,-0.4808147986118935,-0.4808147986118935
0.01,0.7,0.4,20.0,20.0,400,1500,150,703,601,102,0.35717536068041206,0.6841126623145679,0.35717536068041206
0.01,0.7,0.4,20.0,20.0,400,1500,300,499,426,73,0.48062147898325097,1.027292279592803,0.48062147898325097
0.01,0.7,0.4,20.0,20.0,400,2500,150,652,553,99,0.10015563886112556,0.1439428196194115,0.10015563886112556
0.01,0.7,0.4,20.0,20.0,400,2500,300,456,383,73,0.17502293896175086,0.40257015166823495,0.17502293896175086
0.01,0.7,0.4,20.0,20.0,500,750,150,797,682,115,0.0851464617886114,-0.8164583155230364,-0.8164583155230364
0.01,0.7,0.4,20.0,20.0,500,750,300,564,484,80,0.26413036826609737,-1.4458112933492957,-1.4458112933492957
0.01,0.7,0.4,20.0,20.0,500,1500,150,707,605,102,-0.24373767012322287,-0.03261738515858621,-0.24373767012322287
0.01,0.7,0.4,20.0,20.0,500,1500,300,490,419,71,0.2122987114627298,0.24621890499805496,0.2122987114627298
0.01,0.7,0.4,20.0,20.0,500,2500,150,641,546,95,-0.3406827009629016,-0.3934417226622497,-0.3934417226622497
0.01,0.7,0.4,20.0,20.0,500,2500,300,445,376,69,0.04180425984761091,-0.0014461379306658004,-0.0014461379306658004
0.01,0.7,0.4,25.0,6.0,100,750,150,1413,1191,222,0.20472243108100238,0.49142440632773593,0.20472243108100238
0.01,0.7,0.4,25.0,6.0,100,750,300,1316,1104,212,0.2805600844768572,1.053226363971173,0.2805600844768572
0.01,0.7,0.4,25.0,6.0,100,1500,150,1290,1096,194,-0.09186076977408895,1.2695235194430634,-0.09186076977408895
0.01,0.7,0.4,25.0,6.0,100,1500,300,1177,994,183,0.19847308310371703,1.3096149282985792,0.19847308310371703
0.01,0.7,0.4,25.0,6.0,100,2500,150,1209,1026,183,0.2708879985370128,1.0917865277859666,0.2708879985370128
0.01,0.7,0.4,25.0,6.0,100,2500,300,1087,914,173,0.49336821113923074,1.22157155932972,0.49336821113923074
0.01,0.7,0.4,25.0,6.0,200,750,150,1134,961,173,0.0039043972646801506,0.22307477985010438,0.0039043972646801506
0.01,0.7,0.4,25.0,6.0,200,750,300,975,826,149,0.19102776702648386,0.43702764379620784,0.19102776702648386
0.01,0.7,0.4,25.0,6.0,200,1500,150,1019,862,157,0.07510961710658702,1.0060741471379582,0.07510961710658702
0.01,0.7,0.4,25.0,6.0,200,1500,300,850,722,128,0.39397223612175414,0.9926171254941535,0.39397223612175414
0.01,0.7,0.4,25.0,6.0,200,2500,150,960,806,154,0.4084153489423298,0.41148529918007215,0.4084153489423298
0.01,0.7,0.4,25.0,6.0,200,2500,300,781,655,126,0.5576856300881355,0.7290575999078692,0.5576856300881355
0.01,0.7,0.4,25.0,6.0,400,750,150,1073,916,157,-0.02147236618888501,-0.4932428578571468,-0.4932428578571468
0.01,0.7,0.4,25.0,6.0,400,750,300,835,705,130,0.12797603404929167,-0.9354644452513314,-0.9354644452513314
0.01,0.7,0.4,25.0,6.0,400,1500,150,958,812,146,0.3003720814500455,-0.21482822481612568,-0.21482822481612568
0.01,0.7,0.4,25.0,6.0,400,1500,300,714,601,113,0.3807253866903609,0.4741804514290953,0.3807253866903609
0.01,0.7,0.4,25.0,6.0,400,2500,150,885,743,142,0.006025066011110443,0.21782580520480246,0.006025066011110443
0.01,0.7,0.4,25.0,6.0,400,2500,300,647,542,105,0.2544887581525291,0.4306212491844006,0.2544887581525291
0.01,0.7,0.4,25.0,6.0,500,750,150,1081,918,163,-0.36888376122234856,-1.6621245893175367,-1.6621245893175367
0.01,0.7,0.4,25.0,6.0,500,750,300,820,692,128,-0.11208959450028849,-1.96633577475306,-1.96633577475306
0.01,0.7,0.4,25.0,6.0,500,1500,150,958,812,146,-0.05188945604610858,-0.5781256381521054,-0.5781256381521054
0.01,0.7,0.4,25.0,6.0,500,1500,300,719,604,115,0.1555364733772855,0.6402974959196727,0.1555364733772855
0.01,0.7,0.4,25.0,6.0,500,2500,150,872,735,137,-0.10164856262258992,-1.5828902720588167,-1.5828902720588167
0.01,0.7,0.4,25.0,6.0,500,2500,300,646,537,109,-0.030964863115840166,-0.4554611565661294,-0.4554611565661294
0.01,0.7,0.4,25.0,10.0,100,750,150,1317,1118,199,0.3707010500271699,0.6282255180681884,0.3707010500271699
0.01,0.7,0.4,25.0,10.0,100,750,300,1216,1026,190,0.3634557157736082,1.061548244690388,0.3634557157736082
0.01,0.7,0.4,25.0,10.0,100,1500,150,1190,1014,176,0.07707417004105882,1.5757048983595965,0.07707417004105882
0.01,0.7,0.4,25.0,10.0,100,1500,300,1073,910,163,0.29783772430335587,1.4754487755025458,0.29783772430335587
0.01,0.7,0.4,25.0,10.0,100,2500,150,1123,958,165,0.496436194036532,1.3342972245149636,0.496436194036532
0.01,0.7,0.4,25.0,10.0,100,2500,300,991,839,152,0.5812034164887486,1.256461259037092,0.5812034164887486
0.01,0.7,0.4,25.0,10.0,200,750,150,1006,854,152,0.28778152326724676,0.5505219653737544,0.28778152326724676
0.01,0.7,0.4,25.0,10.0,200,750,300,834,703,131,0.44633051594800266,0.3518770706459589,0.3518770706459589
0.01,0.7,0.4,25.0,10.0,200,1500,150,905,769,136,0.23230064395793934,1.0393826732213436,0.23230064395793934
0.01,0.7,0.4,25.0,10.0,200,1500,300,734,622,112,0.5531981942735285,0.9612043339108122,0.5531981942735285
0.01,0.7,0.4,25.0,10.0,200,2500,150,852,720,132,0.41232644086843506,0.7293698523550636,0.41232644086843506
0.01,0.7,0.4,25.0,10.0,200,2500,300,670,563,107,0.5967251135107817,0.8699865416492885,0.5967251135107817
0.01,0.7,0.4,25.0,10.0,400,750,150,943,800,143,0.2947071273858139,-1.0262241000438066,-1.0262241000438066
0.01,0.7,0.4,25.0,10.0,400,750,300,688,579,109,0.4284961405951664,-0.22719594034468005,-0.22719594034468005
0.01,0.7,0.4,25.0,10.0,400,1500,150,837,709,128,0.4799449707502344,-0.03246861679054777,-0.03246861679054777
0.01,0.7,0.4,25.0,10.0,400,1500,300,589,498,91,0.5012789996683858,0.9244947649580992,0.5012789996683858
0.01,0.7,0.4,25.0,10.0,400,2500,150,776,651,125,0.13030430630973508,0.40909194231695906,0.13030430630973508
0.01,0.7,0.4,25.0,10.0,400,2500,300,540,450,90,0.39431875673085887,0.8105139982378363,0.39431875673085887
0.01,0.7,0.4,25.0,10.0,500,750,150,949,808,141,0.038738641758810345,-2.034081879293617,-2.034081879293617
0.01,0.7,0.4,25.0,10.0,500,750,300,676,570,106,0.31971848682630516,-2.5593221306128964,-2.5593221306128964
0.01,0.7,0.4,25.0,10.0,500,1500,150,835,706,129,0.27733571923682415,-0.10152193017136668,-0.10152193017136668
0.01,0.7,0.4,25.0,10.0,500,1500,300,592,498,94,0.4022442807515559,0.43457533412106214,0.4022442807515559
0.01,0.7,0.4,25.0,10.0,500,2500,150,748,631,117,0.17578436125513125,-1.3381608033267565,-1.3381608033267565
0.01,0.7,0.4,25.0,10.0,500,2500,300,519,434,85,0.2595166915915555,-0.48790747674644025,-0.48790747674644025
0.01,0.7,0.4,25.0,15.0,100,750,150,1286,1092,194,0.5720202422075481,0.32139462722227347,0.32139462722227347
0.01,0.7,0.4,25.0,15.0,100,750,300,1177,993,184,0.5160846483294234,0.8596682752569808,0.5160846483294234
0.01,0.7,0.4,25.0,15.0,100,1500,150,1167,993,174,0.1746853264411053,1.2398263025789114,0.1746853264411053
0.01,0.7,0.4,25.0,15.0,100,1500,300,1044,884,160,0.39375775386055245,1.1496147231509657,0.39375775386055245
0.01,0.7,0.4,25.0,15.0,100,2500,150,1095,932,163,0.45000041473089614,1.113673260528265,0.45000041473089614
0.01,0.7,0.4,25.0,15.0,100,2500,300,955,806,149,0.6519521385679625,1.1442595301425968,0.6519521385679625
0.01,0.7,0.4,25.0,15.0,200,750,150,977,828,149,0.10580455855752231,0.426056410534053,0.10580455855752231
0.01,0.7,0.4,25.0,15.0,200,750,300,807,679,128,0.2865450255360044,0.3086862402400337,0.2865450255360044
0.01,0.7,0.4,25.0,15.0,200,1500,150,876,744,132,0.1769534496907271,1.0262121700184725,0.1769534496907271
0.01,0.7,0.4,25.0,15.0,200,1500,300,704,597,107,0.526732803891607,0.9657754776707286,0.526732803891607
0.01,0.7,0.4,25.0,15.0,200,2500,150,818,691,127,0.4353307542563682,0.6541126990834613,0.4353307542563682
0.01,0.7,0.4,25.0,15.0,200,2500,300,642,541,101,0.6148861925801142,0.7217123308897567,0.6148861925801142
0.01,0.7,0.4,25.0,15.0,400,750,150,899,767,132,0.15029235358662074,-0.756794164370419,-0.756794164370419
0.01,0.7,0.4,25.0,15.0,400,750,300,628,531,97,0.37928769504729,-0.12750941340243976,-0.12750941340243976
0.01,0.7,0.4,25.0,15.0,400,1500,150,800,679,121,0.5856730466692834,-0.18371877360838487,-0.18371877360838487
0.01,0.7,0.4,25.0,15.0,400,1500,300,550,466,84,0.49905754341681474,0.6914164290294996,0.49905754341681474
0.01,0.7,0.4,25.0,15.0,400,2500,150,737,620,117,0.2625963544517869,0.5205748326410369,0.2625963544517869
0.01,0.7,0.4,25.0,15.0,400,2500,300,496,415,81,0.4375859662950972,0.7864507365122534,0.4375859662950972
0.01,0.7,0.4,25.0,15.0,500,750,150,899,767,132,0.05249994431743824,-2.012812016435858,-2.012812016435858
0.01,0.7,0.4,25.0,15.0,500,750,300,623,529,94,0.2741212851052824,-1.8508947582221784,-1.8508947582221784
0.01,0.7,0.4,25.0,15.0,500,1500,150,793,670,123,0.3292078853483546,-0.23845118650633843,-0.23845118650633843
0.01,0.7,0.4,25.0,15.0,500,1500,300,544,458,86,0.3418417346524605,0.4434012207926958,0.3418417346524605
0.01,0.7,0.4,25.0,15.0,500,2500,150,713,601,112,0.12524637084336313,-1.100880343832704,-1.100880343832704
0.01,0.7,0.4,25.0,15.0,500,2500,300,480,402,78,0.22198019256736257,-0.37990504613281423,-0.37990504613281423
0.01,0.7,0.4,25.0,20.0,100,750,150,1281,1089,192,0.553883510830815,0.2676846125331395,0.2676846125331395
0.01,0.7,0.4,25.0,20.0,100,750,300,1169,987,182,0.46926363420163497,0.8503983191428041,0.46926363420163497
0.01,0.7,0.4,25.0,20.0,100,1500,150,1161,990,171,0.1293374224290531,1.3179075304714003,0.1293374224290531
0.01,0.7,0.4,25.0,20.0,100,1500,300,1033,876,157,0.3567873468277861,1.0932139800151828,0.3567873468277861
0.01,0.7,0.4,25.0,20.0,100,2500,150,1091,929,162,0.39475138380505853,1.0942370696731851,0.39475138380505853
0.01,0.7,0.4,25.0,20.0,100,2500,300,945,799,146,0.548359903263221,1.1244459815551269,0.548359903263221
0.01,0.7,0.4,25.0,20.0,200,750,150,969,822,147,0.0988894162280804,0.41809161222038266,0.0988894162280804
0.01,0.7,0.4,25.0,20.0,200,750,300,793,667,126,0.2714280497027085,0.1921404357621031,0.1921404357621031
0.01,0.7,0.4,25.0,20.0,200,1500,150,868,738,130,0.2278588273836128,1.019819934023578,0.2278588273836128
0.01,0.7,0.4,25.0,20.0,200,1500,300,693,588,105,0.5668690826152866,0.9289991818652088,0.5668690826152866
0.01,0.7,0.4,25.0,20.0,200,2500,150,809,682,127,0.42631907975348615,0.6687918975813026,0.42631907975348615
0.01,0.7,0.4,25.0,20.0,200,2500,300,629,529,100,0.5696309301618668,0.7195768310583271,0.5696309301618668
0.01,0.7,0.4,25.0,20.0,400,750,150,890,758,132,0.14077531270628643,-1.0710186732983047,-1.0710186732983047
0.01,0.7,0.4,25.0,20.0,400,750,300,616,521,95,0.24079370965095018,-0.44186007725055976,-0.44186007725055976
0.01,0.7,0.4,25.0,20.0,400,1500,150,787,667,120,0.612316034674167,-0.4345741678903417,-0.4345741678903417
0.01,0.7,0.4,25.0,20.0,400,1500,300,530,446,84,0.42860912572707444,0.4687679309451235,0.42860912572707444
0.01,0.7,0.4,25.0,20.0,400,2500,150,729,612,117,0.3041118981517279,0.15055516681895723,0.15055516681895723
0.01,0.7,0.4,25.0,20.0,400,2500,300,486,406,80,0.38076868067269004,0.42702622823558894,0.38076868067269004
0.01,0.7,0.4,25.0,20.0,500,750,150,888,757,131,0.1034558248918821,-2.1781944789902288,-2.1781944789902288
0.01,0.7,0.4,25.0,20.0,500,750,300,607,516,91,0.21289228294916443,-2.106510329695436,-2.106510329695436
0.01,0.7,0.4,25.0,20.0,500,1500,150,781,658,123,0.3216751182881851,-0.5027410996199664,-0.5027410996199664
0.01,0.7,0.4,25.0,20.0,500,1500,300,525,440,85,0.46573494120824616,0.25177110356189003,0.25177110356189003
0.01,0.7,0.4,25.0,20.0,500,2500,150,707,595,112,0.29880166502200933,-1.541004224754488,-1.541004224754488
0.01,0.7,0.4,25.0,20.0,500,2500,300,467,390,77,0.20378339171894358,-0.7380921002928384,-0.7380921002928384
0.01,0.7,0.4,30.0,6.0,100,750,150,1538,1292,246,0.39654371117235787,0.23249699504189064,0.23249699504189064
0.01,0.7,0.4,30.0,6.0,100,750,300,1418,1188,230,0.5020967900789046,1.0540011937412084,0.5020967900789046
0.01,0.7,0.4,30.0,6.0,100,1500,150,1405,1192,213,-0.06172896196835867,1.0478673707224877,-0.06172896196835867
0.01,0.7,0.4,30.0,6.0,100,1500,300,1274,1073,201,0.19472396822838092,1.208831327767222,0.19472396822838092
0.01,0.7,0.4,30.0,6.0,100,2500,150,1316,1115,201,0.2653788314081466,0.9533297612898662,0.2653788314081466
0.01,0.7,0.4,30.0,6.0,100,2500,300,1170,983,187,0.45400861616117694,1.1357181279772333,0.45400861616117694
0.01,0.7,0.4,30.0,6.0,200,750,150,1231,1043,188,-0.004322091299472485,0.26818471736772015,-0.004322091299472485
0.01,0.7,0.4,30.0,6.0,200,750,300,1044,882,162,0.16942871592264305,-0.08452770618735193,-0.08452770618735193
0.01,0.7,0.4,30.0,6.0,200,1500,150,1107,929,178,0.12013395830059465,0.7126616927555981,0.12013395830059465
0.01,0.7,0.4,30.0,6.0,200,1500,300,913,771,142,0.33204131941801723,0.6467818096165713,0.33204131941801723
0.01,0.7,0.4,30.0,6.0,200,2500,150,1042,873,169,0.3912114759113912,-0.03227924606465442,-0.03227924606465442
0.01,0.7,0.4,30.0,6.0,200,2500,300,834,697,137,0.5379144502757351,0.37444083016463947,0.37444083016463947
0.01,0.7,0.4,30.0,6.0,400,750,150,1169,989,180,0.15594900969249534,-0.8068848559232087,-0.8068848559232087
0.01,0.7,0.4,30.0,6.0,400,750,300,886,744,142,0.32132722736546165,-1.0056161897331883,-1.0056161897331883
0.01,0.7,0.4,30.0,6.0,400,1500,150,1052,885,167,0.3716614861460313,-0.15887212939721393,-0.15887212939721393
0.01,0.7,0.4,30.0,6.0,400,1500,300,774,652,122,0.4655236037624539,0.5452343713573691,0.4655236037624539
0.01,0.7,0.4,30.0,6.0,400,2500,150,958,802,156,0.055106790904011,0.4416397859088107,0.055106790904011
0.01,0.7,0.4,30.0,6.0,400,2500,300,701,579,122,0.3496225824810682,0.25737324069422424,0.25737324069422424
0.01,0.7,0.4,30.0,6.0,500,750,150,1161,978,183,-0.22166474695684235,-1.5576368668227623,-1.5576368668227623
0.01,0.7,0.4,30.0,6.0,500,750,300,860,717,143,0.023766553379153756,-1.6251133836403102,-1.6251133836403102
0.01,0.7,0.4,30.0,6.0,500,1500,150,1026,864,162,0.05945873061446674,-0.6439655481036354,-0.6439655481036354
0.01,0.7,0.4,30.0,6.0,500,1500,300,764,636,128,0.2674091205814878,0.6879685056876539,0.2674091205814878
0.01,0.7,0.4,30.0,6.0,500,2500,150,931,782,149,-0.0010908300110630436,-1.6564026091524315,-1.6564026091524315
0.01,0.7,0.4,30.0,6.0,500,2500,300,673,558,115,0.19423444915564933,-0.6778421998455936,-0.6778421998455936
0.01,0.7,0.4,30.0,10.0,100,750,150,1397,1181,216,0.5349847537552413,0.8012403924755288,0.5349847537552413
0.01,0.7,0.4,30.0,10.0,100,750,300,1286,1081,205,0.4690946298475459,0.903990451322688,0.4690946298475459
0.01,0.7,0.4,30.0,10.0,100,1500,150,1278,1087,191,0.10851033348148359,0.9857335200452381,0.10851033348148359
0.01,0.7,0.4,30.0,10.0,100,1500,300,1144,967,177,0.2341410341328053,1.0116265590876032,0.2341410341328053
0.01,0.7,0.4,30.0,10.0,100,2500,150,1202,1020,182,0.4389353919852931,0.7149894531058477,0.4389353919852931
0.01,0.7,0.4,30.0,10.0,100,2500,300,1054,889,165,0.5042796459986354,0.7775700463623227,0.5042796459986354
0.01,0.7,0.4,30.0,10.0,200,750,150,1082,919,163,0.3219876659407596,0.7272981036575249,0.3219876659407596
0.01,0.7,0.4,30.0,10.0,200,750,300,886,747,139,0.30557848759115686,0.14029822405551914,0.14029822405551914
0.01,0.7,0.4,30.0,10.0,200,1500,150,962,813,149,0.377345409804081,1.0024679586343235,0.377345409804081
0.01,0.7,0.4,30.0,10.0,200,1500,300,767,647,120,0.6362964896533139,0.8807385650804676,0.6362964896533139
0.01,0.7,0.4,30.0,10.0,200,2500,150,903,758,145,0.3954004880258604,0.3821084384705396,0.3821084384705396
0.01,0.7,0.4,30.0,10.0,200,2500,300,702,584,118,0.6024171673985094,0.5446974962992368,0.5446974962992368
0.01,0.7,0.4,30.0,10.0,400,750,150,1008,855,153,0.2724706785229253,-0.734217824313387,-0.734217824313387
0.01,0.7,0.4,30.0,10.0,400,750,300,738,620,118,0.3593352276325701,-0.00773290072493384,-0.00773290072493384
0.01,0.7,0.4,30.0,10.0,400,1500,150,895,757,138,0.6825627883387276,0.005777501529508373,0.005777501529508373
0.01,0.7,0.4,30.0,10.0,400,1500,300,626,529,97,0.6325493312201037,1.0283689243454102,0.6325493312201037
0.01,0.7,0.4,30.0,10.0,400,2500,150,810,679,131,0.41445839541115453,0.7015072765473909,0.41445839541115453
0.01,0.7,0.4,30.0,10.0,400,2500,300,557,466,91,0.5972315871742996,0.9405729903239409,0.5972315871742996
0.01,0.7,0.4,30.0,10.0,500,750,150,1005,852,153,0.015583918199613944,-1.7281374021613096,-1.7281374021613096
0.01,0.7,0.4,30.0,10.0,500,750,300,704,596,108,0.31118255349461404,-1.7876482794840471,-1.7876482794840471
0.01,0.7,0.4,30.0,10.0,500,1500,150,879,743,136,0.3080368233439353,0.24408447948943104,0.24408447948943104
0.01,0.7,0.4,30.0,10.0,500,1500,300,624,528,96,0.4939346920817885,0.5842838306514783,0.4939346920817885
0.01,0.7,0.4,30.0,10.0,500,2500,150,792,667,125,0.04177438316055774,-0.9920450863581532,-0.9920450863581532
0.01,0.7,0.4,30.0,10.0,500,2500,300,541,454,87,0.2651120788083053,-0.4311222395349424,-0.4311222395349424
0.01,0.7,0.4,30.0,15.0,100,750,150,1362,1152,210,0.757606983010841,0.6631716708372506,0.6631716708372506
0.01,0.7,0.4,30.0,15.0,100,750,300,1243,1046,197,0.6380115275905527,0.7524006237676212,0.6380115275905527
0.01,0.7,0.4,30.0,15.0,100,1500,150,1242,1056,186,0.2536527084913663,0.852434222344119,0.2536527084913663
0.01,0.7,0.4,30.0,15.0,100,1500,300,1104,934,170,0.35394834395163516,0.8150925680945971,0.35394834395163516
0.01,0.7,0.4,30.0,15.0,100,2500,150,1162,985,177,0.4852506370891459,0.8268200514623463,0.4852506370891459
0.01,0.7,0.4,30.0,15.0,100,2500,300,1012,853,159,0.5833896603559069,0.8315535188460466,0.5833896603559069
0.01,0.7,0.4,30.0,15.0,200,750,150,1040,883,157,0.16574279738018172,0.6928801633818512,0.16574279738018172
0.01,0.7,0.4,30.0,15.0,200,750,300,848,715,133,0.19358107664266888,0.22660822416360113,0.19358107664266888
0.01,0.7,0.4,30.0,15.0,200,1500,150,929,786,143,0.33901507716133655,0.8244425300187173,0.33901507716133655
0.01,0.7,0.4,30.0,15.0,200,1500,300,731,617,114,0.5851529201199585,0.6753655063563179,0.5851529201199585
0.01,0.7,0.4,30.0,15.0,200,2500,150,860,725,135,0.3028891055887644,0.5169972312940545,0.3028891055887644
0.01,0.7,0.4,30.0,15.0,200,2500,300,664,557,107,0.5341217076176284,0.48669846305788317,0.48669846305788317
0.01,0.7,0.4,30.0,15.0,400,750,150,950,809,141,0.29944871676958457,-0.48907086366945174,-0.48907086366945174
0.01,0.7,0.4,30.0,15.0,400,750,300,665,562,103,0.37445927682463725,0.09469263901366524,0.09469263901366524
0.01,0.7,0.4,30.0,15.0,400,1500,150,847,716,131,0.6694547928602373,0.31013172214874135,0.31013172214874135
0.01,0.7,0.4,30.0,15.0,400,1500,300,582,496,86,0.5706071410942063,1.0022663383001378,0.5706071410942063
0.01,0.7,0.4,30.0,15.0,400,2500,150,773,650,123,0.4214498611305923,0.9563555551951493,0.4214498611305923
0.01,0.7,0.4,30.0,15.0,400,2500,300,517,436,81,0.5193819020316452,0.8960985972475106,0.5193819020316452
0.01,0.7,0.4,30.0,15.0,500,750,150,942,801,141,0.024736729708688874,-1.6481026918347221,-1.6481026918347221
0.01,0.7,0.4,30.0,15.0,500,750,300,649,552,97,0.1786325318820684,-1.2538203222517972,-1.2538203222517972
0.01,0.7,0.4,30.0,15.0,500,1500,150,830,702,128,0.47072249326677557,0.1306349156135238,0.1306349156135238
0.01,0.7,0.4,30.0,15.0,500,1500,300,572,483,89,0.3263904050355484,0.62526224130972,0.3263904050355484
0.01,0.7,0.4,30.0,15.0,500,2500,150,745,625,120,0.228538267911407,-1.125899561739028,-1.125899561739028
0.01,0.7,0.4,30.0,15.0,500,2500,300,490,411,79,0.26772200069946317,-0.5915357436968884,-0.5915357436968884
0.01,0.7,0.4,30.0,20.0,100,750,150,1352,1145,207,0.7095453849918625,0.7222044354626246,0.7095453849918625
0.01,0.7,0.4,30.0,20.0,100,750,300,1226,1032,194,0.6086721025272046,0.8451039763625054,0.6086721025272046
0.01,0.7,0.4,30.0,20.0,100,1500,150,1232,1050,182,0.21764671262913252,1.0385417301857571,0.21764671262913252
0.01,0.7,0.4,30.0,20.0,100,1500,300,1089,923,166,0.3749905132072317,0.9185333816912225,0.3749905132072317
0.01,0.7,0.4,30.0,20.0,100,2500,150,1157,982,175,0.36822366082032093,0.836857472102634,0.36822366082032093
0.01,0.7,0.4,30.0,20.0,100,2500,300,997,842,155,0.47625674451236777,0.9811617642610652,0.47625674451236777
0.01,0.7,0.4,30.0,20.0,200,750,150,1029,875,154,0.2275224282142326,0.7777056616472469,0.2275224282142326
0.01,0.7,0.4,30.0,20.0,200,750,300,834,703,131,0.24963898467217274,0.06610756959121175,0.06610756959121175
0.01,0.7,0.4,30.0,20.0,200,1500,150,919,779,140,0.413968451605952,1.087092099721841,0.413968451605952
0.01,0.7,0.4,30.0,20.0,200,1500,300,723,613,110,0.6051603262540821,0.9375904467169716,0.6051603262540821
0.01,0.7,0.4,30.0,20.0,200,2500,150,852,717,135,0.35785228916995515,0.5514444737168557,0.35785228916995515
0.01,0.7,0.4,30.0,20.0,200,2500,300,654,549,105,0.5671881079673728,0.6033934412550612,0.5671881079673728
0.01,0.7,0.4,30.0,20.0,400,750,150,942,801,141,0.205347017501295,-0.729059758876598,-0.729059758876598
0.01,0.7,0.4,30.0,20.0,400,750,300,649,549,100,0.3192278459716554,-0.11644350899881112,-0.11644350899881112
0.01,0.7,0.4,30.0,20.0,400,1500,150,835,704,131,0.6904579777124724,-0.17311689828067375,-0.17311689828067375
0.01,0.7,0.4,30.0,20.0,400,1500,300,562,476,86,0.5226061005636475,0.9891965184271121,0.5226061005636475
0.01,0.7,0.4,30.0,20.0,400,2500,150,764,643,121,0.42161264815371446,0.6565548272491156,0.42161264815371446
0.01,0.7,0.4,30.0,20.0,400,2500,300,506,425,81,0.3895279628050767,0.702470816531849,0.3895279628050767
0.01,0.7,0.4,30.0,20.0,500,750,150,930,790,140,0.029518427400349205,-1.6856204763722311,-1.6856204763722311
0.01,0.7,0.4,30.0,20.0,500,750,300,623,530,93,0.14918771067357703,-1.3217090374712708,-1.3217090374712708
0.01,0.7,0.4,30.0,20.0,500,1500,150,813,687,126,0.40448876952813123,-0.207695397470731,-0.207695397470731
0.01,0.7,0.4,30.0,20.0,500,1500,300,543,456,87,0.4839413916551811,0.559616520619222,0.4839413916551811
0.01,0.7,0.4,30.0,20.0,500,2500,150,736,618,118,0.2930064129678665,-1.3888343421399705,-1.3888343421399705
0.01,0.7,0.4,30.0,20.0,500,2500,300,480,403,77,0.18452432631303334,-0.6858293490717411,-0.6858293490717411
0.01,0.7,0.4,35.0,6.0,100,750,150,1604,1340,264,0.44733852687469206,0.01617536944422314,0.01617536944422314
0.01,0.7,0.4,35.0,6.0,100,750,300,1480,1230,250,0.5239363413044572,0.26933496785558336,0.26933496785558336
0.01,0.7,0.4,35.0,6.0,100,1500,150,1462,1234,228,0.14685017366284478,0.2747721444592778,0.14685017366284478
0.01,0.7,0.4,35.0,6.0,100,1500,300,1320,1106,214,0.276362324220165,0.7127217499270632,0.276362324220165
0.01,0.7,0.4,35.0,6.0,100,2500,150,1373,1155,218,0.47982433968019955,0.3354206538759814,0.3354206538759814
0.01,0.7,0.4,35.0,6.0,100,2500,300,1213,1010,203,0.6262719861016772,0.6315721079100352,0.6262719861016772
0.01,0.7,0.4,35.0,6.0,200,750,150,1305,1102,203,0.05168775124341301,-0.0697044478623698,-0.0697044478623698
0.01,0.7,0.4,35.0,6.0,200,750,300,1100,926,174,0.1506429201008333,-0.15130329340716497,-0.15130329340716497
0.01,0.7,0.4,35.0,6.0,200,1500,150,1163,978,185,0.21512398131662763,0.5200392387995816,0.21512398131662763
0.01,0.7,0.4,35.0,6.0,200,1500,300,959,814,145,0.3315721460033474,0.6438193234736752,0.3315721460033474
0.01,0.7,0.4,35.0,6.0,200,2500,150,1095,917,178,0.35996321285580163,-0.2641608110954186,-0.2641608110954186
0.01,0.7,0.4,35.0,6.0,200,2500,300,878,737,141,0.44909613114259384,0.5091501888121662,0.44909613114259384
0.01,0.7,0.4,35.0,6.0,400,750,150,1238,1042,196,0.03118777310062849,-0.6006478507253303,-0.6006478507253303
0.01,0.7,0.4,35.0,6.0,400,750,300,916,771,145,0.24910758466345176,-0.372313573755701,-0.372313573755701
0.01,0.7,0.4,35.0,6.0,400,1500,150,1105,925,180,0.312289023637253,-0.05616063326317149,-0.05616063326317149
0.01,0.7,0.4,35.0,6.0,400,1500,300,805,676,129,0.3765923112289236,0.8514945717493382,0.3765923112289236
0.01,0.7,0.4,35.0,6.0,400,2500,150,987,824,163,0.17798731381833333,0.612095951271711,0.17798731381833333
0.01,0.7,0.4,35.0,6.0,400,2500,300,719,598,121,0.336703173540692,0.5761909420969795,0.336703173540692
0.01,0.7,0.4,35.0,6.0,500,750,150,1225,1032,193,-0.15673144740618447,-1.713074631251758,-1.713074631251758
0.01,0.7,0.4,35.0,6.0,500,750,300,896,747,149,0.05548562505922758,-1.4215799074772562,-1.4215799074772562
0.01,0.7,0.4,35.0,6.0,500,1500,150,1072,903,169,0.05537887342553791,-0.7445474227487295,-0.7445474227487295
0.01,0.7,0.4,35.0,6.0,500,1500,300,792,659,133,0.2314915638186733,0.6227644690644596,0.2314915638186733
0.01,0.7,0.4,35.0,6.0,500,2500,150,971,816,155,-0.156050505343771,-2.114276379040674,-2.114276379040674
0.01,0.7,0.4,35.0,6.0,500,2500,300,695,578,117,0.019477431642950065,-0.6367864626677369,-0.6367864626677369
0.01,0.7,0.4,35.0,10.0,100,750,150,1441,1217,224,0.5600730611930416,0.08506602320442744,0.08506602320442744
0.01,0.7,0.4,35.0,10.0,100,750,300,1320,1109,211,0.5479489360619009,0.34486705567793335,0.34486705567793335
0.01,0.7,0.4,35.0,10.0,100,1500,150,1313,1114,199,0.2596512840192218,0.32347853242618024,0.2596512840192218
0.01,0.7,0.4,35.0,10.0,100,1500,300,1173,989,184,0.37261467717528973,0.7287587214053576,0.37261467717528973
0.01,0.7,0.4,35.0,10.0,100,2500,150,1239,1047,192,0.5518107500089271,0.06343096281876404,0.06343096281876404
0.01,0.7,0.4,35.0,10.0,100,2500,300,1081,907,174,0.7189643884060183,0.27458955863410694,0.27458955863410694
0.01,0.7,0.4,35.0,10.0,200,750,150,1138,966,172,0.2919619095031401,0.4552875935639082,0.2919619095031401
0.01,0.7,0.4,35.0,10.0,200,750,300,922,777,145,0.3288866557278752,0.2212386109436342,0.2212386109436342
0.01,0.7,0.4,35.0,10.0,200,1500,150,1004,844,160,0.46700484580221824,0.6569181354125507,0.46700484580221824
0.01,0.7,0.4,35.0,10.0,200,1500,300,795,669,126,0.6803228803057689,0.8404956063395269,0.6803228803057689
0.01,0.7,0.4,35.0,10.0,200,2500,150,948,795,153,0.5364571344741126,0.23323982750593775,0.23323982750593775
0.01,0.7,0.4,35.0,10.0,200,2500,300,729,606,123,0.6049134567473176,0.7019000702603317,0.6049134567473176
0.01,0.7,0.4,35.0,10.0,400,750,150,1056,895,161,0.3242535788568757,-0.4558154148048395,-0.4558154148048395
0.01,0.7,0.4,35.0,10.0,400,750,300,757,637,120,0.439131005209902,0.18146561009466095,0.18146561009466095
0.01,0.7,0.4,35.0,10.0,400,1500,150,932,786,146,0.7143808321548597,-0.11732053522633688,-0.11732053522633688
0.01,0.7,0.4,35.0,10.0,400,1500,300,654,552,102,0.5569524014217243,1.2419074006146056,0.5569524014217243
0.01,0.7,0.4,35.0,10.0,400,2500,150,835,700,135,0.5435810840045542,0.5569055216991589,0.5435810840045542
0.01,0.7,0.4,35.0,10.0,400,2500,300,576,482,94,0.506881211069394,0.9856387785271579,0.506881211069394
0.01,0.7,0.4,35.0,10.0,500,750,150,1038,880,158,0.001186417087002953,-1.6957431843804234,-1.6957431843804234
0.01,0.7,0.4,35.0,10.0,500,750,300,729,617,112,0.23007823187758755,-1.7067990353743785,-1.7067990353743785
0.01,0.7,0.4,35.0,10.0,500,1500,150,909,768,141,0.3140509874289319,0.317948098822744,0.3140509874289319
0.01,0.7,0.4,35.0,10.0,500,1500,300,640,538,102,0.46980796889610943,0.5907793886688463,0.46980796889610943
0.01,0.7,0.4,35.0,10.0,500,2500,150,815,686,129,0.011980228570048592,-0.9032215926992636,-0.9032215926992636
0.01,0.7,0.4,35.0,10.0,500,2500,300,561,468,93,0.20813466911357428,-0.351453462176531,-0.351453462176531
0.01,0.7,0.4,35.0,15.0,100,750,150,1400,1184,216,0.7012440060228367,-0.048454591091327534,-0.048454591091327534
0.01,0.7,0.4,35.0,15.0,100,750,300,1269,1068,201,0.6893292854630357,0.22955614141012234,0.22955614141012234
0.01,0.7,0.4,35.0,15.0,100,1500,150,1274,1083,191,0.2996314853179563,0.3395487646197465,0.2996314853179563
0.01,0.7,0.4,35.0,15.0,100,1500,300,1128,955,173,0.43669280682608286,0.671180803099902,0.43669280682608286
0.01,0.7,0.4,35.0,15.0,100,2500,150,1196,1012,184,0.5885638885991521,0.3195870866835602,0.3195870866835602
0.01,0.7,0.4,35.0,15.0,100,2500,300,1035,871,164,0.7769734611320533,0.6175196664894677,0.6175196664894677
0.01,0.7,0.4,35.0,15.0,200,750,150,1087,923,164,0.15843731897795854,0.46499105026635923,0.15843731897795854
0.01,0.7,0.4,35.0,15.0,200,750,300,876,737,139,0.19754103311161947,0.13423421055927845,0.13423421055927845
0.01,0.7,0.4,35.0,15.0,200,1500,150,957,807,150,0.44251953034705754,0.5695722541973257,0.44251953034705754
0.01,0.7,0.4,35.0,15.0,200,1500,300,749,631,118,0.5850369554797856,0.684032504378518,0.5850369554797856
0.01,0.7,0.4,35.0,15.0,200,2500,150,894,753,141,0.48885976535380804,0.2804037646235405,0.2804037646235405
0.01,0.7,0.4,35.0,15.0,200,2500,300,679,569,110,0.5272417082980015,0.6135389031032901,0.5272417082980015
0.01,0.7,0.4,35.0,15.0,400,750,150,995,845,150,0.2341301357629531,-0.4871963273420785,-0.4871963273420785
0.01,0.7,0.4,35.0,15.0,400,750,300,687,581,106,0.38131899042721273,0.17158110850280175,0.17158110850280175
0.01,0.7,0.4,35.0,15.0,400,1500,150,879,745,134,0.6757619513395903,0.06093137199892565,0.06093137199892565
0.01,0.7,0.4,35.0,15.0,400,1500,300,595,507,88,0.5409442982474164,1.1531965797339765,0.5409442982474164
0.01,0.7,0.4,35.0,15.0,400,2500,150,794,666,128,0.3864644850635995,0.7082207263186195,0.3864644850635995
0.01,0.7,0.4,35.0,15.0,400,2500,300,524,443,81,0.4593713188569974,0.9382506451024804,0.4593713188569974
0.01,0.7,0.4,35.0,15.0,500,750,150,977,831,146,-0.07914051945931098,-1.6881308868730105,-1.6881308868730105
0.01,0.7,0.4,35.0,15.0,500,750,300,665,564,101,0.11318557998692633,-1.1293616852829869,-1.1293616852829869
0.01,0.7,0.4,35.0,15.0,500,1500,150,855,723,132,0.3425222021843923,0.15202078028814117,0.15202078028814117
0.01,0.7,0.4,35.0,15.0,500,1500,300,584,493,91,0.2830202155058597,0.5738613639435589,0.2830202155058597
0.01,0.7,0.4,35.0,15.0,500,2500,150,773,650,123,0.0032201273385641586,-1.0263042469770907,-1.0263042469770907
0.01,0.7,0.4,35.0,15.0,500,2500,300,504,423,81,0.21815592519946622,-0.3652244497767345,-0.3652244497767345
0.01,0.7,0.4,35.0,20.0,100,750,150,1387,1174,213,0.6784601829563206,-0.022483605374149368,-0.022483605374149368
0.01,0.7,0.4,35.0,20.0,100,750,300,1250,1052,198,0.6652511749032122,0.2918526239085987,0.2918526239085987
0.01,0.7,0.4,35.0,20.0,100,1500,150,1258,1071,187,0.320478014258447,0.5433571476869413,0.320478014258447
0.01,0.7,0.4,35.0,20.0,100,1500,300,1112,942,170,0.46398662720408623,0.7063998149148629,0.46398662720408623
0.01,0.7,0.4,35.0,20.0,100,2500,150,1185,1003,182,0.5391692359566019,0.3426062090995123,0.3426062090995123
0.01,0.7,0.4,35.0,20.0,100,2500,300,1018,857,161,0.7013953769943078,0.7232615381447921,0.7013953769943078
0.01,0.7,0.4,35.0,20.0,200,750,150,1073,912,161,0.1691717817962446,0.5707744632147509,0.1691717817962446
0.01,0.7,0.4,35.0,20.0,200,750,300,858,722,136,0.2270012030713574,-0.04810999163216699,-0.04810999163216699
0.01,0.7,0.4,35.0,20.0,200,1500,150,945,799,146,0.41996314200816187,0.7959471478631783,0.41996314200816187
0.01,0.7,0.4,35.0,20.0,200,1500,300,737,624,113,0.5745152106957628,0.8975326266443625,0.5745152106957628
0.01,0.7,0.4,35.0,20.0,200,2500,150,884,744,140,0.4316127874939271,0.3323285674444464,0.3323285674444464
0.01,0.7,0.4,35.0,20.0,200,2500,300,665,558,107,0.5492130627266877,0.6756086955207046,0.5492130627266877
0.01,0.7,0.4,35.0,20.0,400,750,150,980,831,149,0.21849711708368394,-0.5825898949189345,-0.5825898949189345
0.01,0.7,0.4,35.0,20.0,400,750,300,665,561,104,0.3693012190887569,-0.0997679400352538,-0.0997679400352538
0.01,0.7,0.4,35.0,20.0,400,1500,150,861,728,133,0.6849493541447873,-0.035999357911418985,-0.035999357911418985
0.01,0.7,0.4,35.0,20.0,400,1500,300,574,487,87,0.4564261211824526,1.1518512769261164,0.4564261211824526
0.01,0.7,0.4,35.0,20.0,400,2500,150,780,656,124,0.4798263894010236,0.463413798072775,0.463413798072775
0.01,0.7,0.4,35.0,20.0,400,2500,300,512,431,81,0.3757401910812622,0.7987963654304041,0.3757401910812622
0.01,0.7,0.4,35.0,20.0,500,750,150,960,816,144,-0.10375589771697964,-1.6977828749306985,-1.6977828749306985
0.01,0.7,0.4,35.0,20.0,500,750,300,638,542,96,0.061858405059180506,-1.4800952303315695,-1.4800952303315695
0.01,0.7,0.4,35.0,20.0,500,1500,150,834,705,129,0.278028720840348,0.04391631542988795,0.04391631542988795
0.01,0.7,0.4,35.0,20.0,500,1500,300,551,463,88,0.4541423433606133,0.6133901503500551,0.4541423433606133
0.01,0.7,0.4,35.0,20.0,500,2500,150,757,635,122,0.07461809715056539,-1.4010015824153765,-1.4010015824153765
0.01,0.7,0.4,35.0,20.0,500,2500,300,486,407,79,0.2261741688461053,-0.5592621986012806,-0.5592621986012806
0.01,0.7,0.45,15.0,6.0,100,750,150,767,651,116,-0.25780374562306285,-0.7133444578871905,-0.7133444578871905
0.01,0.7,0.45,15.0,6.0,100,750,300,740,626,114,-0.005769881372985732,-0.5898452872243298,-0.5898452872243298
0.01,0.7,0.45,15.0,6.0,100,1500,150,724,615,109,-0.20930543630124687,0.25055913080780784,-0.20930543630124687
0.01,0.7,0.45,15.0,6.0,100,1500,300,696,589,107,-0.05962005008514894,0.12030520046162795,-0.05962005008514894
0.01,0.7,0.45,15.0,6.0,100,2500,150,700,587,113,-0.16328063797210296,-0.3517521481136282,-0.3517521481136282
0.01,0.7,0.45,15.0,6.0,100,2500,300,671,560,111,0.05088529239061424,-0.7254544662647009,-0.7254544662647009
0.01,0.7,0.45,15.0,6.0,200,750,150,658,555,103,-0.14704207742114467,-0.5458781125266979,-0.5458781125266979
0.01,0.7,0.45,15.0,6.0,200,750,300,607,508,99,0.12237395167712867,0.2323910428655593,0.12237395167712867
0.01,0.7,0.45,15.0,6.0,200,1500,150,611,515,96,-0.34357142499983745,0.13799084152856572,-0.34357142499983745
0.01,0.7,0.45,15.0,6.0,200,1500,300,557,469,88,0.0648488737886035,0.1304037375724926,0.0648488737886035
0.01,0.7,0.45,15.0,6.0,200,2500,150,596,501,95,-0.48217684181063386,-0.1274804072675145,-0.48217684181063386
0.01,0.7,0.45,15.0,6.0,200,2500,300,540,452,88,-0.046047987008381294,0.026871661702116596,-0.046047987008381294
0.01,0.7,0.45,15.0,6.0,400,750,150,634,530,104,-0.14796471228472977,-0.9747419414722578,-0.9747419414722578
0.01,0.7,0.45,15.0,6.0,400,750,300,549,461,88,0.21571987861399716,-0.4561792863566231,-0.4561792863566231
0.01,0.7,0.45,15.0,6.0,400,1500,150,581,493,88,0.37304620516801756,-0.44038566035217463,-0.44038566035217463
0.01,0.7,0.45,15.0,6.0,400,1500,300,488,413,75,0.3672367895560379,-0.06603504034822426,-0.06603504034822426
0.01,0.7,0.45,15.0,6.0,400,2500,150,553,467,86,-0.14115093599841066,-1.7925658539156335,-1.7925658539156335
0.01,0.7,0.45,15.0,6.0,400,2500,300,462,391,71,0.03864857093758787,-0.9847646795603467,-0.9847646795603467
0.01,0.7,0.45,15.0,6.0,500,750,150,661,562,99,0.013222102399014333,-1.4521205566669741,-1.4521205566669741
0.01,0.7,0.45,15.0,6.0,500,750,300,555,472,83,0.18073296708780595,-1.0687232209502675,-1.0687232209502675
0.01,0.7,0.45,15.0,6.0,500,1500,150,592,503,89,-0.02102294611481911,-1.0452260607961261,-1.0452260607961261
0.01,0.7,0.45,15.0,6.0,500,1500,300,492,419,73,0.0961692932834763,-0.011366362758363528,-0.011366362758363528
0.01,0.7,0.45,15.0,6.0,500,2500,150,543,453,90,-0.2848897810907009,-1.9358852032585983,-1.9358852032585983
0.01,0.7,0.45,15.0,6.0,500,2500,300,453,379,74,0.19306891169418375,-0.7365778011582215,-0.7365778011582215
0.01,0.7,0.45,15.0,10.0,100,750,150,741,631,110,0.09338331521280722,0.3264091037860172,0.09338331521280722
0.01,0.7,0.45,15.0,10.0,100,750,300,709,601,108,0.32865110935577657,0.28217886117195334,0.28217886117195334
0.01,0.7,0.45,15.0,10.0,100,1500,150,698,595,103,0.08929790989963145,1.2698538365914935,0.08929790989963145
0.01,0.7,0.45,15.0,10.0,100,1500,300,662,561,101,0.29093582748167235,1.0999668367312236,0.29093582748167235
0.01,0.7,0.45,15.0,10.0,100,2500,150,673,567,106,0.15184069667969075,1.1153679699211,0.15184069667969075
0.01,0.7,0.45,15.0,10.0,100,2500,300,637,534,103,0.39827908203059276,0.8240504274862998,0.39827908203059276
0.01,0.7,0.45,15.0,10.0,200,750,150,628,530,98,0.12432368223334452,0.39211762453076593,0.12432368223334452
0.01,0.7,0.45,15.0,10.0,200,750,300,566,473,93,0.41790603822930616,0.46638932240325015,0.41790603822930616
0.01,0.7,0.45,15.0,10.0,200,1500,150,581,487,94,-0.012847264919983264,1.3913583647677046,-0.012847264919983264
0.01,0.7,0.45,15.0,10.0,200,1500,300,520,435,85,0.3989862313317499,1.1010197635025,0.3989862313317499
0.01,0.7,0.45,15.0,10.0,200,2500,150,563,471,92,-0.20313058870284284,1.0674723908166561,-0.20313058870284284
0.01,0.7,0.45,15.0,10.0,200,2500,300,502,418,84,0.21187025840559318,1.0758944911123878,0.21187025840559318
0.01,0.7,0.45,15.0,10.0,400,750,150,600,503,97,0.07340870009209088,-1.8874308236804074,-1.8874308236804074
0.01,0.7,0.45,15.0,10.0,400,750,300,487,407,80,0.38434345373485324,-0.36659137093387467,-0.36659137093387467
0.01,0.7,0.45,15.0,10.0,400,1500,150,539,459,80,0.20671190288940386,0.40010404361326385,0.20671190288940386
0.01,0.7,0.45,15.0,10.0,400,1500,300,432,365,67,0.038109805364477785,0.5102451946712321,0.038109805364477785
0.01,0.7,0.45,15.0,10.0,400,2500,150,512,435,77,-0.22465768082435664,-0.06605713095962878,-0.22465768082435664
0.01,0.7,0.45,15.0,10.0,400,2500,300,399,337,62,0.1134972849634031,0.4603141747684802,0.1134972849634031
0.01,0.7,0.45,15.0,10.0,500,750,150,613,524,89,0.11665874352359454,-0.8919985102614104,-0.8919985102614104
0.01,0.7,0.45,15.0,10.0,500,750,300,488,415,73,0.3884940222719078,-1.4525711142879052,-1.4525711142879052
0.01,0.7,0.45,15.0,10.0,500,1500,150,548,470,78,0.03197001186781402,0.5505534219891087,0.03197001186781402
0.01,0.7,0.45,15.0,10.0,500,1500,300,437,374,63,0.333197680954114,0.4845099028164543,0.333197680954114
0.01,0.7,0.45,15.0,10.0,500,2500,150,503,425,78,-0.18421471809112724,0.15504799678618944,-0.18421471809112724
0.01,0.7,0.45,15.0,10.0,500,2500,300,392,328,64,0.4006863158564891,0.11984397888345916,0.11984397888345916
0.01,0.7,0.45,15.0,15.0,100,750,150,736,627,109,0.07946272272937698,0.3884578686148733,0.07946272272937698
0.01,0.7,0.45,15.0,15.0,100,750,300,704,597,107,0.3004826103038145,0.5338918927967646,0.3004826103038145
0.01,0.7,0.45,15.0,15.0,100,1500,150,693,591,102,0.16433308505630081,1.1335965667784131,0.16433308505630081
0.01,0.7,0.45,15.0,15.0,100,1500,300,656,556,100,0.33211587740724063,0.9736734614746522,0.33211587740724063
0.01,0.7,0.45,15.0,15.0,100,2500,150,666,562,104,0.32727784352222133,1.1076385911759252,0.32727784352222133
0.01,0.7,0.45,15.0,15.0,100,2500,300,625,524,101,0.5196439732813642,0.929033516040137,0.5196439732813642
0.01,0.7,0.45,15.0,15.0,200,750,150,619,522,97,0.23618926266570534,0.1921217436431627,0.1921217436431627
0.01,0.7,0.45,15.0,15.0,200,750,300,551,459,92,0.38903882065696377,0.529924386787631,0.38903882065696377
0.01,0.7,0.45,15.0,15.0,200,1500,150,573,480,93,0.08836140252238751,1.3834338873238827,0.08836140252238751
0.01,0.7,0.45,15.0,15.0,200,1500,300,503,419,84,0.39242532612696907,1.178084574322564,0.39242532612696907
0.01,0.7,0.45,15.0,15.0,200,2500,150,550,460,90,0.034351336202717554,1.1894216242352378,0.034351336202717554
0.01,0.7,0.45,15.0,15.0,200,2500,300,484,402,82,0.21267633124705532,1.106795906405435,0.21267633124705532
0.01,0.7,0.45,15.0,15.0,400,750,150,589,494,95,-0.008774801558083427,-1.6015042761350253,-1.6015042761350253
0.01,0.7,0.45,15.0,15.0,400,750,300,465,391,74,0.319493749396985,0.03448853473584684,0.03448853473584684
0.01,0.7,0.45,15.0,15.0,400,1500,150,529,450,79,0.11943165691041584,0.568659606362818,0.11943165691041584
0.01,0.7,0.45,15.0,15.0,400,1500,300,410,347,63,-0.1257594555440451,0.878831511579208,-0.1257594555440451
0.01,0.7,0.45,15.0,15.0,400,2500,150,499,425,74,-0.2910940421662281,0.08178119797954199,-0.2910940421662281
0.01,0.7,0.45,15.0,15.0,400,2500,300,374,317,57,-0.06767394327745337,0.9022074535537379,-0.06767394327745337
0.01,0.7,0.45,15.0,15.0,500,750,150,599,511,88,0.2053860753030074,-1.0900575979286675,-1.0900575979286675
0.01,0.7,0.45,15.0,15.0,500,750,300,461,393,68,0.3669860979872138,-1.1102879403883834,-1.1102879403883834
0.01,0.7,0.45,15.0,15.0,500,1500,150,536,459,77,-0.024835549128435556,0.29720483751428023,-0.024835549128435556
0.01,0.7,0.45,15.0,15.0,500,1500,300,413,353,60,0.1286452799558465,0.556797264795332,0.1286452799558465
0.01,0.7,0.45,15.0,15.0,500,2500,150,491,414,77,-0.131974597998324,-0.021491980511687485,-0.131974597998324
0.01,0.7,0.45,15.0,15.0,500,2500,300,368,310,58,0.15174181811620605,0.24057078675028218,0.15174181811620605
0.01,0.7,0.45,15.0,20.0,100,750,150,736,627,109,0.0018812875392886415,0.3175644959293554,0.0018812875392886415
0.01,0.7,0.45,15.0,20.0,100,750,300,704,597,107,0.237299924904919,0.4640841384769951,0.237299924904919
0.01,0.7,0.45,15.0,20.0,100,1500,150,692,591,101,0.14141413632079988,1.0506098695455794,0.14141413632079988
0.01,0.7,0.45,15.0,20.0,100,1500,300,655,556,99,0.320992680813793,0.8387009679406481,0.320992680813793
0.01,0.7,0.45,15.0,20.0,100,2500,150,666,562,104,0.3079863555069819,1.0400979875870382,0.3079863555069819
0.01,0.7,0.45,15.0,20.0,100,2500,300,625,524,101,0.5503159733585806,0.8161388208681263,0.5503159733585806
0.01,0.7,0.45,15.0,20.0,200,750,150,617,521,96,0.12041656415894449,0.3469386122848682,0.12041656415894449
0.01,0.7,0.45,15.0,20.0,200,750,300,546,456,90,0.2942565298931557,0.5046354439605494,0.2942565298931557
0.01,0.7,0.45,15.0,20.0,200,1500,150,570,478,92,0.03418443659094933,1.3676267912577245,0.03418443659094933
0.01,0.7,0.45,15.0,20.0,200,1500,300,496,413,83,0.4912138056607581,1.0913177084873007,0.4912138056607581
0.01,0.7,0.45,15.0,20.0,200,2500,150,547,458,89,-0.020525671638198097,1.208536431061848,-0.020525671638198097
0.01,0.7,0.45,15.0,20.0,200,2500,300,474,394,80,0.25036379064373654,1.0076061485083556,0.25036379064373654
0.01,0.7,0.45,15.0,20.0,400,750,150,587,493,94,-0.13326450200003986,-1.8930136247160894,-1.8930136247160894
0.01,0.7,0.45,15.0,20.0,400,750,300,457,385,72,0.18410998590894534,-0.16522635079007036,-0.16522635079007036
0.01,0.7,0.45,15.0,20.0,400,1500,150,526,447,79,0.07165892371715576,0.43126993090771415,0.07165892371715576
0.01,0.7,0.45,15.0,20.0,400,1500,300,401,339,62,-0.05619382356199588,0.9552513377457721,-0.05619382356199588
0.01,0.7,0.45,15.0,20.0,400,2500,150,494,421,73,-0.310703580458324,0.05480305386170876,-0.310703580458324
0.01,0.7,0.45,15.0,20.0,400,2500,300,366,310,56,-0.21346694745313569,0.8771064826376033,-0.21346694745313569
0.01,0.7,0.45,15.0,20.0,500,750,150,595,507,88,0.18255995924175844,-1.3043659481922052,-1.3043659481922052
0.01,0.7,0.45,15.0,20.0,500,750,300,453,386,67,0.31877113990954853,-1.2053747646667923,-1.2053747646667923
0.01,0.7,0.45,15.0,20.0,500,1500,150,532,455,77,-0.04238841475569888,0.11925829937187864,-0.04238841475569888
0.01,0.7,0.45,15.0,20.0,500,1500,300,403,344,59,0.13427960731064287,0.5673048223706242,0.13427960731064287
0.01,0.7,0.45,15.0,20.0,500,2500,150,490,413,77,-0.09554306464749762,-0.2986974882534631,-0.2986974882534631
0.01,0.7,0.45,15.0,20.0,500,2500,300,358,301,57,0.20526737598254702,0.20298983831040163,0.20298983831040163
0.01,0.7,0.45,20.0,6.0,100,750,150,1212,1023,189,0.3857596734823021,0.33599557033414207,0.33599557033414207
0.01,0.7,0.45,20.0,6.0,100,750,300,1143,958,185,0.41063154621143416,0.5784410025473136,0.41063154621143416
0.01,0.7,0.45,20.0,6.0,100,1500,150,1099,931,168,-0.128831563312592,1.0276584860362328,-0.128831563312592
0.01,0.7,0.45,20.0,6.0,100,1500,300,1025,861,164,0.03223732756646395,1.1321735565104891,0.03223732756646395
0.01,0.7,0.45,20.0,6.0,100,2500,150,1061,899,162,0.1893608705838383,1.0093186252115804,0.1893608705838383
0.01,0.7,0.45,20.0,6.0,100,2500,300,976,819,157,0.3114998115753308,1.0861729619326672,0.3114998115753308
0.01,0.7,0.45,20.0,6.0,200,750,150,959,815,144,0.3421117565017353,0.321402847655705,0.321402847655705
0.01,0.7,0.45,20.0,6.0,200,750,300,851,722,129,0.3085219958767451,0.6342124340552975,0.3085219958767451
0.01,0.7,0.45,20.0,6.0,200,1500,150,872,746,126,0.28225863085841435,0.8964276892052258,0.28225863085841435
0.01,0.7,0.45,20.0,6.0,200,1500,300,760,650,110,0.43957615995177257,1.2322394020811687,0.43957615995177257
0.01,0.7,0.45,20.0,6.0,200,2500,150,822,701,121,0.32729693423283557,0.46960971022712156,0.32729693423283557
0.01,0.7,0.45,20.0,6.0,200,2500,300,699,598,101,0.4024309300883913,1.1746710003444354,0.4024309300883913
0.01,0.7,0.45,20.0,6.0,400,750,150,916,776,140,0.10417387762909959,-0.2132114874102795,-0.2132114874102795
0.01,0.7,0.45,20.0,6.0,400,750,300,730,618,112,0.2919925455379579,-0.5249341637713856,-0.5249341637713856
0.01,0.7,0.45,20.0,6.0,400,1500,150,819,698,121,0.35708124031339356,0.46300105018229865,0.35708124031339356
0.01,0.7,0.45,20.0,6.0,400,1500,300,635,538,97,0.38177581694005086,0.9484727268031523,0.38177581694005086
0.01,0.7,0.45,20.0,6.0,400,2500,150,754,637,117,0.2306980908312298,-0.2955968846438586,-0.2955968846438586
0.01,0.7,0.45,20.0,6.0,400,2500,300,593,498,95,0.1648470629905705,0.3979698983779086,0.1648470629905705
0.01,0.7,0.45,20.0,6.0,500,750,150,921,787,134,-0.011980226583133427,-0.7886030795804201,-0.7886030795804201
0.01,0.7,0.45,20.0,6.0,500,750,300,718,612,106,0.19188542827425573,-1.6380810668956127,-1.6380810668956127
0.01,0.7,0.45,20.0,6.0,500,1500,150,808,689,119,-0.13396730744792626,-0.004211251462632389,-0.13396730744792626
0.01,0.7,0.45,20.0,6.0,500,1500,300,632,539,93,-0.02677871572557258,0.6103397384583856,-0.02677871572557258
0.01,0.7,0.45,20.0,6.0,500,2500,150,738,625,113,-0.18699428356385048,-0.49857416546032773,-0.49857416546032773
0.01,0.7,0.45,20.0,6.0,500,2500,300,565,473,92,-0.0408224574973966,-0.031353456069952365,-0.0408224574973966
0.01,0.7,0.45,20.0,10.0,100,750,150,1151,978,173,0.48097722932946074,0.6188778133151377,0.48097722932946074
0.01,0.7,0.45,20.0,10.0,100,750,300,1078,910,168,0.4511890710755227,0.5895152270792234,0.4511890710755227
0.01,0.7,0.45,20.0,10.0,100,1500,150,1045,887,158,0.009644073344154071,1.1760153621140206,0.009644073344154071
0.01,0.7,0.45,20.0,10.0,100,1500,300,965,812,153,0.12524091049822264,1.094032211289102,0.12524091049822264
0.01,0.7,0.45,20.0,10.0,100,2500,150,1000,853,147,0.27822301468861294,1.4009668625972531,0.27822301468861294
0.01,0.7,0.45,20.0,10.0,100,2500,300,908,767,141,0.40705465921211303,1.1764427661970018,0.40705465921211303
0.01,0.7,0.45,20.0,10.0,200,750,150,883,752,131,0.3592785743285938,1.0091226542282004,0.3592785743285938
0.01,0.7,0.45,20.0,10.0,200,750,300,759,641,118,0.39268908639055405,0.7078422583816789,0.39268908639055405
0.01,0.7,0.45,20.0,10.0,200,1500,150,798,686,112,0.2722454677566282,1.185228213338988,0.2722454677566282
0.01,0.7,0.45,20.0,10.0,200,1500,300,683,582,101,0.509875286219032,1.2748244171408973,0.509875286219032
0.01,0.7,0.45,20.0,10.0,200,2500,150,749,642,107,0.11345874195349899,0.8786706788870319,0.11345874195349899
0.01,0.7,0.45,20.0,10.0,200,2500,300,625,532,93,0.32039105094690573,1.3282536944348882,0.32039105094690573
0.01,0.7,0.45,20.0,10.0,400,750,150,832,705,127,-0.0907851954319333,-0.2107500696429905,-0.2107500696429905
0.01,0.7,0.45,20.0,10.0,400,750,300,636,536,100,0.35134712421442693,-0.31606125739001767,-0.31606125739001767
0.01,0.7,0.45,20.0,10.0,400,1500,150,739,632,107,0.3735307084944487,0.6537213693831976,0.3735307084944487
0.01,0.7,0.45,20.0,10.0,400,1500,300,548,467,81,0.5363550288890846,1.2555151109512948,0.5363550288890846
0.01,0.7,0.45,20.0,10.0,400,2500,150,682,579,103,0.3427041151805465,-0.1636121656557998,-0.1636121656557998
0.01,0.7,0.45,20.0,10.0,400,2500,300,500,419,81,0.44350738335413553,0.596492255659838,0.44350738335413553
0.01,0.7,0.45,20.0,10.0,500,750,150,834,715,119,0.1776588226167108,-0.5343588515981225,-0.5343588515981225
0.01,0.7,0.45,20.0,10.0,500,750,300,621,530,91,0.4626443872996877,-1.4574174577095205,-1.4574174577095205
0.01,0.7,0.45,20.0,10.0,500,1500,150,732,627,105,-0.106913801378805,0.41780360410067924,-0.106913801378805
0.01,0.7,0.45,20.0,10.0,500,1500,300,528,453,75,0.22760263039230927,0.5123333405062473,0.22760263039230927
0.01,0.7,0.45,20.0,10.0,500,2500,150,664,567,97,-0.33047491007659807,0.24509707052663787,-0.33047491007659807
0.01,0.7,0.45,20.0,10.0,500,2500,300,475,402,73,-0.059109248891467944,0.5013034393317041,-0.059109248891467944
0.01,0.7,0.45,20.0,15.0,100,750,150,1138,966,172,0.6530209305838627,0.5840101247116666,0.5840101247116666
0.01,0.7,0.45,20.0,15.0,100,750,300,1060,895,165,0.5578742161822352,0.7318656739598883,0.5578742161822352
0.01,0.7,0.45,20.0,15.0,100,1500,150,1029,873,156,0.19717509821523976,0.9185717713680144,0.19717509821523976
0.01,0.7,0.45,20.0,15.0,100,1500,300,945,796,149,0.35578449217303554,0.8185945464741737,0.35578449217303554
0.01,0.7,0.45,20.0,15.0,100,2500,150,980,835,145,0.5079223945787451,1.44802459667579,0.5079223945787451
0.01,0.7,0.45,20.0,15.0,100,2500,300,885,747,138,0.6147077255866833,1.3104857880023184,0.6147077255866833
0.01,0.7,0.45,20.0,15.0,200,750,150,864,736,128,0.22071106249808753,1.1068091799741682,0.22071106249808753
0.01,0.7,0.45,20.0,15.0,200,750,300,728,615,113,0.29732179066639824,0.9963375060145888,0.29732179066639824
0.01,0.7,0.45,20.0,15.0,200,1500,150,772,664,108,0.2148813331163772,1.2221896930367289,0.2148813331163772
0.01,0.7,0.45,20.0,15.0,200,1500,300,647,551,96,0.5062627568736447,1.3432538775108198,0.5062627568736447
0.01,0.7,0.45,20.0,15.0,200,2500,150,728,624,104,0.13023569016928702,0.9768193411012062,0.13023569016928702
0.01,0.7,0.45,20.0,15.0,200,2500,300,590,504,86,0.3743304424660099,1.4152488253439728,0.3743304424660099
0.01,0.7,0.45,20.0,15.0,400,750,150,806,687,119,-0.07016096752133524,0.024062269443845583,-0.07016096752133524
0.01,0.7,0.45,20.0,15.0,400,750,300,591,502,89,0.4032212913965007,-0.0971131408232429,-0.0971131408232429
0.01,0.7,0.45,20.0,15.0,400,1500,150,714,612,102,0.18680511910502628,1.018385556538089,0.18680511910502628
0.01,0.7,0.45,20.0,15.0,400,1500,300,520,446,74,0.3148729388459669,1.2032643051901846,0.3148729388459669
0.01,0.7,0.45,20.0,15.0,400,2500,150,658,559,99,0.11919977658817568,0.4825520404458043,0.11919977658817568
0.01,0.7,0.45,20.0,15.0,400,2500,300,467,393,74,0.30525390491275195,0.6554280654712044,0.30525390491275195
0.01,0.7,0.45,20.0,15.0,500,750,150,802,686,116,0.1533953901189333,-0.602416845482022,-0.602416845482022
0.01,0.7,0.45,20.0,15.0,500,750,300,584,498,86,0.4382123063724145,-1.4323194937743484,-1.4323194937743484
0.01,0.7,0.45,20.0,15.0,500,1500,150,715,612,103,-0.27829555791953375,0.37109604541151286,-0.27829555791953375
0.01,0.7,0.45,20.0,15.0,500,1500,300,505,434,71,0.1449288645764886,0.5899486671156244,0.1449288645764886
0.01,0.7,0.45,20.0,15.0,500,2500,150,647,551,96,-0.4399208390844514,0.22578961723414934,-0.4399208390844514
0.01,0.7,0.45,20.0,15.0,500,2500,300,455,385,70,-0.07912108844491425,0.38750628135104875,-0.07912108844491425
0.01,0.7,0.45,20.0,20.0,100,750,150,1135,964,171,0.5762036476755592,0.4160416385245075,0.4160416385245075
0.01,0.7,0.45,20.0,20.0,100,750,300,1057,893,164,0.4454323601682507,0.5662154953696856,0.4454323601682507
0.01,0.7,0.45,20.0,20.0,100,1500,150,1026,872,154,0.1616843550776164,0.8978393097500563,0.1616843550776164
0.01,0.7,0.45,20.0,20.0,100,1500,300,939,792,147,0.25753280228923986,0.6214835561947188,0.25753280228923986
0.01,0.7,0.45,20.0,20.0,100,2500,150,979,834,145,0.46148411814147805,1.4518077013985586,0.46148411814147805
0.01,0.7,0.45,20.0,20.0,100,2500,300,881,743,138,0.5221200223573088,1.114342061404084,0.5221200223573088
0.01,0.7,0.45,20.0,20.0,200,750,150,858,731,127,0.16461795995254389,1.4265152492581272,0.16461795995254389
0.01,0.7,0.45,20.0,20.0,200,750,300,717,606,111,0.1992598543485951,1.159169314474427,0.1992598543485951
0.01,0.7,0.45,20.0,20.0,200,1500,150,767,660,107,0.15381551375257366,1.40861743726532,0.15381551375257366
0.01,0.7,0.45,20.0,20.0,200,1500,300,639,545,94,0.4073115938289004,1.3425802229383756,0.4073115938289004
0.01,0.7,0.45,20.0,20.0,200,2500,150,721,618,103,0.1678732379615044,0.8917540202459961,0.1678732379615044
0.01,0.7,0.45,20.0,20.0,200,2500,300,578,493,85,0.24803434822528533,1.2916757667927479,0.24803434822528533
0.01,0.7,0.45,20.0,20.0,400,750,150,798,679,119,-0.02539174483473515,-0.2536607244687723,-0.2536607244687723
0.01,0.7,0.45,20.0,20.0,400,750,300,575,490,85,0.35988725113539466,-0.24072549349445108,-0.24072549349445108
0.01,0.7,0.45,20.0,20.0,400,1500,150,703,601,102,0.32774084552144284,0.7256722443182444,0.32774084552144284
0.01,0.7,0.45,20.0,20.0,400,1500,300,500,427,73,0.41210632653433427,1.0248481178600546,0.41210632653433427
0.01,0.7,0.45,20.0,20.0,400,2500,150,652,553,99,0.16566704240255023,0.07141263090752879,0.07141263090752879
0.01,0.7,0.45,20.0,20.0,400,2500,300,457,384,73,0.2353062345682011,0.3931882945385371,0.2353062345682011
0.01,0.7,0.45,20.0,20.0,500,750,150,798,682,116,0.08988238492409444,-0.885289966084023,-0.885289966084023
0.01,0.7,0.45,20.0,20.0,500,750,300,569,488,81,0.3392589591236535,-1.450518912392787,-1.450518912392787
0.01,0.7,0.45,20.0,20.0,500,1500,150,707,605,102,-0.3051407180164122,-0.0886048439738395,-0.3051407180164122
0.01,0.7,0.45,20.0,20.0,500,1500,300,490,419,71,0.18149866994953953,0.19756824085238364,0.18149866994953953
0.01,0.7,0.45,20.0,20.0,500,2500,150,641,546,95,-0.47922410093593515,-0.3400490634069084,-0.47922410093593515
0.01,0.7,0.45,20.0,20.0,500,2500,300,445,376,69,-0.03574720712832419,0.17029337318931934,-0.03574720712832419
0.01,0.7,0.45,25.0,6.0,100,750,150,1431,1206,225,0.2957194748932386,0.14463675984332255,0.14463675984332255
0.01,0.7,0.45,25.0,6.0,100,750,300,1341,1125,216,0.3847302579792732,0.8372858561752121,0.3847302579792732
0.01,0.7,0.45,25.0,6.0,100,1500,150,1295,1100,195,-0.02786334765010287,1.141993293816709,-0.02786334765010287
0.01,0.7,0.45,25.0,6.0,100,1500,300,1194,1007,187,0.26415408160887655,1.1680030239690253,0.26415408160887655
0.01,0.7,0.45,25.0,6.0,100,2500,150,1235,1049,186,0.4570053350707395,0.9004304368036863,0.4570053350707395
0.01,0.7,0.45,25.0,6.0,100,2500,300,1124,946,178,0.5862505003527126,1.0808560900264481,0.5862505003527126
0.01,0.7,0.45,25.0,6.0,200,750,150,1135,962,173,0.005606135025052552,0.014419477721883307,0.005606135025052552
0.01,0.7,0.45,25.0,6.0,200,750,300,981,828,153,0.1823394796465968,0.2624557387877136,0.1823394796465968
0.01,0.7,0.45,25.0,6.0,200,1500,150,1024,864,160,0.12773178485690018,0.9843143386689014,0.12773178485690018
0.01,0.7,0.45,25.0,6.0,200,1500,300,864,731,133,0.4685498241242611,1.1135806682090064,0.4685498241242611
0.01,0.7,0.45,25.0,6.0,200,2500,150,964,810,154,0.33198327700771024,0.44698316388150006,0.33198327700771024
0.01,0.7,0.45,25.0,6.0,200,2500,300,792,666,126,0.48288868395897383,0.7510587335236029,0.48288868395897383
0.01,0.7,0.45,25.0,6.0,400,750,150,1074,917,157,-0.01895886276755718,-0.42602935171397915,-0.42602935171397915
0.01,0.7,0.45,25.0,6.0,400,750,300,841,711,130,0.15279648727570025,-0.6820528442248904,-0.6820528442248904
0.01,0.7,0.45,25.0,6.0,400,1500,150,958,812,146,0.2863221321696773,-0.1480133578789587,-0.1480133578789587
0.01,0.7,0.45,25.0,6.0,400,1500,300,717,604,113,0.37464719592861234,0.4988588513942658,0.37464719592861234
0.01,0.7,0.45,25.0,6.0,400,2500,150,886,744,142,0.06624522634806503,0.28407549626879686,0.06624522634806503
0.01,0.7,0.45,25.0,6.0,400,2500,300,650,545,105,0.2599622784458992,0.5005194280746367,0.2599622784458992
0.01,0.7,0.45,25.0,6.0,500,750,150,1081,917,164,-0.385886203606155,-1.5675744750614964,-1.5675744750614964
0.01,0.7,0.45,25.0,6.0,500,750,300,823,692,131,0.04776648260985167,-1.8125004719899827,-1.8125004719899827
0.01,0.7,0.45,25.0,6.0,500,1500,150,958,812,146,-0.13755808452312326,-0.7738395420557255,-0.7738395420557255
0.01,0.7,0.45,25.0,6.0,500,1500,300,721,604,117,0.06996510308927634,0.32241772772776456,0.06996510308927634
0.01,0.7,0.45,25.0,6.0,500,2500,150,872,735,137,-0.21989210919491564,-1.5587418531794053,-1.5587418531794053
0.01,0.7,0.45,25.0,6.0,500,2500,300,647,537,110,-0.143353716194899,-0.366070346805925,-0.366070346805925
0.01,0.7,0.45,25.0,10.0,100,750,150,1329,1129,200,0.45092654593117754,0.16227406364823585,0.16227406364823585
0.01,0.7,0.45,25.0,10.0,100,750,300,1237,1046,191,0.493310498574123,0.7309104848229341,0.493310498574123
0.01,0.7,0.45,25.0,10.0,100,1500,150,1200,1022,178,0.1214054659838005,1.2773947526902543,0.1214054659838005
0.01,0.7,0.45,25.0,10.0,100,1500,300,1095,927,168,0.3613066974742779,1.228207787401251,0.3613066974742779
0.01,0.7,0.45,25.0,10.0,100,2500,150,1146,979,167,0.6047837781857289,1.2663948368439386,0.6047837781857289
0.01,0.7,0.45,25.0,10.0,100,2500,300,1029,873,156,0.6862264729660567,1.2311584376476319,0.6862264729660567
0.01,0.7,0.45,25.0,10.0,200,750,150,1009,857,152,0.24362614330496019,0.49881939672397146,0.24362614330496019
0.01,0.7,0.45,25.0,10.0,200,750,300,844,710,134,0.4112685148373675,0.29310957100055895,0.29310957100055895
0.01,0.7,0.45,25.0,10.0,200,1500,150,910,773,137,0.2516026206799954,1.1038588591250575,0.2516026206799954
0.01,0.7,0.45,25.0,10.0,200,1500,300,749,633,116,0.5287940804468225,1.14697023248058,0.5287940804468225
0.01,0.7,0.45,25.0,10.0,200,2500,150,855,723,132,0.3623754110420563,0.8175309866971207,0.3623754110420563
0.01,0.7,0.45,25.0,10.0,200,2500,300,685,578,107,0.5219644778954219,0.968225784379531,0.5219644778954219
0.01,0.7,0.45,25.0,10.0,400,750,150,943,800,143,0.29711185846432153,-0.8988528951577129,-0.8988528951577129
0.01,0.7,0.45,25.0,10.0,400,750,300,693,584,109,0.4949676278293845,0.0703682539571128,0.0703682539571128
0.01,0.7,0.45,25.0,10.0,400,1500,150,837,709,128,0.46057220288785583,0.052388064507336685,0.052388064507336685
0.01,0.7,0.45,25.0,10.0,400,1500,300,593,502,91,0.39478743618890516,0.8681236735849015,0.39478743618890516
0.01,0.7,0.45,25.0,10.0,400,2500,150,777,652,125,0.22863075500937288,0.43113416378740504,0.22863075500937288
0.01,0.7,0.45,25.0,10.0,400,2500,300,543,453,90,0.4307533922491723,0.8117982866301635,0.4307533922491723
0.01,0.7,0.45,25.0,10.0,500,750,150,948,807,141,0.01735799180188572,-1.8817447649336876,-1.8817447649336876
0.01,0.7,0.45,25.0,10.0,500,750,300,679,571,108,0.3933387453933542,-2.2788392482377717,-2.2788392482377717
0.01,0.7,0.45,25.0,10.0,500,1500,150,835,706,129,0.16553969458870293,-0.23077771538358816,-0.23077771538358816
0.01,0.7,0.45,25.0,10.0,500,1500,300,593,498,95,0.3701383190354931,0.13077979747453022,0.13077979747453022
0.01,0.7,0.45,25.0,10.0,500,2500,150,748,631,117,0.08768113979695846,-1.3520986957439893,-1.3520986957439893
0.01,0.7,0.45,25.0,10.0,500,2500,300,521,435,86,0.1697328493922849,-0.2535554220496871,-0.2535554220496871
0.01,0.7,0.45,25.0,15.0,100,750,150,1301,1104,197,0.5850300791754989,-0.04786552913707293,-0.04786552913707293
0.01,0.7,0.45,25.0,15.0,100,750,300,1203,1017,186,0.6341817717503434,0.6966628117500204,0.6341817717503434
0.01,0.7,0.45,25.0,15.0,100,1500,150,1176,1000,176,0.23345180327508427,0.9690627589108058,0.23345180327508427
0.01,0.7,0.45,25.0,15.0,100,1500,300,1064,899,165,0.5517455942267285,0.8877912574294504,0.5517455942267285
0.01,0.7,0.45,25.0,15.0,100,2500,150,1120,955,165,0.6552417170506474,1.107932577377138,0.6552417170506474
0.01,0.7,0.45,25.0,15.0,100,2500,300,998,844,154,0.7866367282307095,1.174393660956544,0.7866367282307095
0.01,0.7,0.45,25.0,15.0,200,750,150,981,832,149,0.054025999238988376,0.3879425423707938,0.054025999238988376
0.01,0.7,0.45,25.0,15.0,200,750,300,816,686,130,0.22747867304008626,0.22624624917394492,0.22624624917394492
0.01,0.7,0.45,25.0,15.0,200,1500,150,881,748,133,0.22397700726292202,1.0620526270137356,0.22397700726292202
0.01,0.7,0.45,25.0,15.0,200,1500,300,717,606,111,0.5404683312334978,1.0904418061344796,0.5404683312334978
0.01,0.7,0.45,25.0,15.0,200,2500,150,821,694,127,0.4103985815364501,0.7774640726306605,0.4103985815364501
0.01,0.7,0.45,25.0,15.0,200,2500,300,653,552,101,0.5759002255759003,0.8561444654926652,0.5759002255759003
0.01,0.7,0.45,25.0,15.0,400,750,150,900,768,132,0.13955252897598358,-0.5699293458550342,-0.5699293458550342
0.01,0.7,0.45,25.0,15.0,400,750,300,634,537,97,0.3741528362965977,0.06318997716921065,0.06318997716921065
0.01,0.7,0.45,25.0,15.0,400,1500,150,800,679,121,0.5385091918754547,-0.019004977024081365,-0.019004977024081365
0.01,0.7,0.45,25.0,15.0,400,1500,300,552,468,84,0.3609913600423686,0.78886416570554,0.3609913600423686
0.01,0.7,0.45,25.0,15.0,400,2500,150,738,621,117,0.3334770306118939,0.608077972249115,0.3334770306118939
0.01,0.7,0.45,25.0,15.0,400,2500,300,499,418,81,0.4314651872596615,0.8153109111320835,0.4314651872596615
0.01,0.7,0.45,25.0,15.0,500,750,150,898,766,132,0.04718402746808715,-1.8357829837903064,-1.8357829837903064
0.01,0.7,0.45,25.0,15.0,500,750,300,627,531,96,0.3212122527999084,-1.679631377206529,-1.679631377206529
0.01,0.7,0.45,25.0,15.0,500,1500,150,793,670,123,0.1934399140134239,-0.31028191177768477,-0.31028191177768477
0.01,0.7,0.45,25.0,15.0,500,1500,300,545,458,87,0.29906496598776244,0.23260152016098654,0.23260152016098654
0.01,0.7,0.45,25.0,15.0,500,2500,150,713,601,112,0.01834650907861644,-1.0957317100864727,-1.0957317100864727
0.01,0.7,0.45,25.0,15.0,500,2500,300,482,403,79,0.12047383985017142,-0.11407783612543687,-0.11407783612543687
0.01,0.7,0.45,25.0,20.0,100,750,150,1296,1101,195,0.5763622821746139,-0.06765739551161618,-0.06765739551161618
0.01,0.7,0.45,25.0,20.0,100,750,300,1197,1013,184,0.5663622747999146,0.6740598044977948,0.5663622747999146
0.01,0.7,0.45,25.0,20.0,100,1500,150,1169,996,173,0.2532186700933373,1.0076939090280772,0.2532186700933373
0.01,0.7,0.45,25.0,20.0,100,1500,300,1054,892,162,0.5191375449026607,0.8090412377177748,0.5191375449026607
0.01,0.7,0.45,25.0,20.0,100,2500,150,1116,952,164,0.595564293186746,1.1435540237894621,0.595564293186746
0.01,0.7,0.45,25.0,20.0,100,2500,300,991,839,152,0.6767863235142731,1.1947296220660037,0.6767863235142731
0.01,0.7,0.45,25.0,20.0,200,750,150,973,826,147,0.04515834017817715,0.4388286310761024,0.04515834017817715
0.01,0.7,0.45,25.0,20.0,200,750,300,803,675,128,0.18968073992433065,0.1510007705691269,0.1510007705691269
0.01,0.7,0.45,25.0,20.0,200,1500,150,873,742,131,0.1898281661893307,1.0589047880844802,0.1898281661893307
0.01,0.7,0.45,25.0,20.0,200,1500,300,706,597,109,0.46955315647379814,1.087997227605431,0.46955315647379814
0.01,0.7,0.45,25.0,20.0,200,2500,150,812,685,127,0.40620461130576563,0.8314475683915766,0.40620461130576563
0.01,0.7,0.45,25.0,20.0,200,2500,300,637,537,100,0.5065526190933259,0.8982985406534689,0.5065526190933259
0.01,0.7,0.45,25.0,20.0,400,750,150,891,759,132,0.15339591084565002,-0.9593387740328017,-0.9593387740328017
0.01,0.7,0.45,25.0,20.0,400,750,300,621,526,95,0.2650811810165792,-0.24601682516845547,-0.24601682516845547
0.01,0.7,0.45,25.0,20.0,400,1500,150,787,667,120,0.5790785524981492,-0.27169335880358725,-0.27169335880358725
0.01,0.7,0.45,25.0,20.0,400,1500,300,532,448,84,0.3254817383183696,0.49361559734491445,0.3254817383183696
0.01,0.7,0.45,25.0,20.0,400,2500,150,730,613,117,0.37235473745908676,0.23273045880740958,0.23273045880740958
0.01,0.7,0.45,25.0,20.0,400,2500,300,490,410,80,0.3911311709679456,0.44316999557226044,0.3911311709679456
0.01,0.7,0.45,25.0,20.0,500,750,150,887,756,131,0.10738375365456691,-1.9914964181603843,-1.9914964181603843
0.01,0.7,0.45,25.0,20.0,500,750,300,610,518,92,0.2713326733757463,-1.9523879360884597,-1.9523879360884597
0.01,0.7,0.45,25.0,20.0,500,1500,150,781,658,123,0.1803103505309277,-0.5940261853266954,-0.5940261853266954
0.01,0.7,0.45,25.0,20.0,500,1500,300,526,440,86,0.42717731481844035,-0.08091658710984845,-0.08091658710984845
0.01,0.7,0.45,25.0,20.0,500,2500,150,707,595,112,0.20751910803851029,-1.5335382044337487,-1.5335382044337487
0.01,0.7,0.45,25.0,20.0,500,2500,300,469,391,78,0.11712728004347937,-0.5001301815393345,-0.5001301815393345
0.01,0.7,0.45,30.0,6.0,100,750,150,1556,1308,248,0.4980832590984401,-0.04105629718723106,-0.04105629718723106
0.01,0.7,0.45,30.0,6.0,100,750,300,1446,1211,235,0.6127458450036728,0.802158011324877,0.6127458450036728
0.01,0.7,0.45,30.0,6.0,100,1500,150,1410,1195,215,0.03970158151636427,0.8997685045481134,0.03970158151636427
0.01,0.7,0.45,30.0,6.0,100,1500,300,1295,1088,207,0.29320121901784046,0.9953443809635434,0.29320121901784046
0.01,0.7,0.45,30.0,6.0,100,2500,150,1342,1137,205,0.523410575995955,0.7926476961779987,0.523410575995955
0.01,0.7,0.45,30.0,6.0,100,2500,300,1206,1013,193,0.6063926118027132,1.0375109618148586,0.6063926118027132
0.01,0.7,0.45,30.0,6.0,200,750,150,1234,1045,189,0.0021591209639002158,0.017285326937473363,0.0021591209639002158
0.01,0.7,0.45,30.0,6.0,200,750,300,1050,883,167,0.15615735897691724,-0.11289560503720002,-0.11289560503720002
0.01,0.7,0.45,30.0,6.0,200,1500,150,1113,933,180,0.1309191695777384,0.7201613545070076,0.1309191695777384
0.01,0.7,0.45,30.0,6.0,200,1500,300,924,777,147,0.4272005223624863,0.8091820344349351,0.4272005223624863
0.01,0.7,0.45,30.0,6.0,200,2500,150,1045,876,169,0.25248441190911175,-0.015681611399013574,-0.015681611399013574
0.01,0.7,0.45,30.0,6.0,200,2500,300,847,710,137,0.450976838561035,0.4078839473562357,0.4078839473562357
0.01,0.7,0.45,30.0,6.0,400,750,150,1169,989,180,0.1310170355460356,-0.7201819614325192,-0.7201819614325192
0.01,0.7,0.45,30.0,6.0,400,750,300,892,749,143,0.337572764789145,-0.8316976222387755,-0.8316976222387755
0.01,0.7,0.45,30.0,6.0,400,1500,150,1052,885,167,0.2962226416441388,-0.11060597650899058,-0.11060597650899058
0.01,0.7,0.45,30.0,6.0,400,1500,300,777,655,122,0.39027454590830574,0.5381414261213545,0.39027454590830574
0.01,0.7,0.45,30.0,6.0,400,2500,150,959,803,156,0.14048133382247135,0.4205170619931405,0.14048133382247135
0.01,0.7,0.45,30.0,6.0,400,2500,300,705,583,122,0.3713768101911312,0.34658494201941387,0.34658494201941387
0.01,0.7,0.45,30.0,6.0,500,750,150,1161,976,185,-0.201766971994129,-1.5788641774017917,-1.5788641774017917
0.01,0.7,0.45,30.0,6.0,500,750,300,864,717,147,0.1693333226835068,-1.5522466563971344,-1.5522466563971344
0.01,0.7,0.45,30.0,6.0,500,1500,150,1026,864,162,-0.08264585974766765,-0.8214452820401549,-0.8214452820401549
0.01,0.7,0.45,30.0,6.0,500,1500,300,766,636,130,0.16064603869579366,0.33841754161158716,0.16064603869579366
0.01,0.7,0.45,30.0,6.0,500,2500,150,931,782,149,-0.14332572269716143,-1.6129882974461343,-1.6129882974461343
0.01,0.7,0.45,30.0,6.0,500,2500,300,674,558,116,0.06698346955181023,-0.5488214646190379,-0.5488214646190379
0.01,0.7,0.45,30.0,10.0,100,750,150,1413,1194,219,0.5985742322947659,0.4218166385070513,0.4218166385070513
0.01,0.7,0.45,30.0,10.0,100,750,300,1312,1103,209,0.5949531853264406,0.5213781306887004,0.5213781306887004
0.01,0.7,0.45,30.0,10.0,100,1500,150,1288,1094,194,0.2213498125183855,0.6892163035462211,0.2213498125183855
0.01,0.7,0.45,30.0,10.0,100,1500,300,1168,985,183,0.3131929642676676,0.7302649906362588,0.3131929642676676
0.01,0.7,0.45,30.0,10.0,100,2500,150,1226,1041,185,0.658160902346779,0.6447765748365606,0.6447765748365606
0.01,0.7,0.45,30.0,10.0,100,2500,300,1094,924,170,0.6579995102419586,0.7321698349154903,0.6579995102419586
0.01,0.7,0.45,30.0,10.0,200,750,150,1086,923,163,0.27811992140138125,0.6878065981003532,0.27811992140138125
0.01,0.7,0.45,30.0,10.0,200,750,300,896,754,142,0.2938667083157413,0.2992642886260261,0.2938667083157413
0.01,0.7,0.45,30.0,10.0,200,1500,150,965,815,150,0.36148970661816,1.158195624091403,0.36148970661816
0.01,0.7,0.45,30.0,10.0,200,1500,300,780,657,123,0.6064614823797578,1.1194973807738953,0.6064614823797578
0.01,0.7,0.45,30.0,10.0,200,2500,150,906,761,145,0.2658275312956328,0.47813228817458703,0.2658275312956328
0.01,0.7,0.45,30.0,10.0,200,2500,300,715,597,118,0.5219318666895671,0.685326469212334,0.5219318666895671
0.01,0.7,0.45,30.0,10.0,400,750,150,1009,856,153,0.28553590584095423,-0.5949423359159958,-0.5949423359159958
0.01,0.7,0.45,30.0,10.0,400,750,300,743,625,118,0.41945354882489777,0.24438176472691395,0.24438176472691395
0.01,0.7,0.45,30.0,10.0,400,1500,150,896,758,138,0.6386660108741585,0.08902712843685205,0.08902712843685205
0.01,0.7,0.45,30.0,10.0,400,1500,300,630,533,97,0.5114508005983296,1.0218762871856264,0.5114508005983296
0.01,0.7,0.45,30.0,10.0,400,2500,150,812,681,131,0.553947430607969,0.7217602837418183,0.553947430607969
0.01,0.7,0.45,30.0,10.0,400,2500,300,562,471,91,0.662071097277722,1.0058671812819793,0.662071097277722
0.01,0.7,0.45,30.0,10.0,500,750,150,1005,851,154,0.002376033247258552,-1.6645553252085852,-1.6645553252085852
0.01,0.7,0.45,30.0,10.0,500,750,300,707,597,110,0.39492631431573993,-1.549108593580876,-1.549108593580876
0.01,0.7,0.45,30.0,10.0,500,1500,150,879,743,136,0.18965200736932655,0.13214910347528883,0.13214910347528883
0.01,0.7,0.45,30.0,10.0,500,1500,300,626,528,98,0.4420851746324408,0.2635502638519935,0.2635502638519935
0.01,0.7,0.45,30.0,10.0,500,2500,150,792,667,125,-0.04810545957547668,-1.0584660413060285,-1.0584660413060285
0.01,0.7,0.45,30.0,10.0,500,2500,300,542,454,88,0.17927221706686547,-0.20676833735140226,-0.20676833735140226
0.01,0.7,0.45,30.0,15.0,100,750,150,1378,1164,214,0.7678019577850581,0.27494130996113336,0.27494130996113336
0.01,0.7,0.45,30.0,15.0,100,750,300,1270,1069,201,0.7925452791654692,0.5212379431590414,0.5212379431590414
0.01,0.7,0.45,30.0,15.0,100,1500,150,1250,1061,189,0.4468702850923581,0.5643395741842427,0.4468702850923581
0.01,0.7,0.45,30.0,15.0,100,1500,300,1127,951,176,0.49967433036963155,0.5086054243052671,0.49967433036963155
0.01,0.7,0.45,30.0,15.0,100,2500,150,1188,1008,180,0.7661327646504928,0.768077297378339,0.7661327646504928
0.01,0.7,0.45,30.0,15.0,100,2500,300,1056,891,165,0.7551276555341748,0.8649370499687287,0.7551276555341748
0.01,0.7,0.45,30.0,15.0,200,750,150,1045,888,157,0.10178063226477538,0.6108392663417954,0.10178063226477538
0.01,0.7,0.45,30.0,15.0,200,750,300,857,722,135,0.16399543489149454,0.3273549913174121,0.16399543489149454
0.01,0.7,0.45,30.0,15.0,200,1500,150,932,788,144,0.3285582705786863,0.9565900855425036,0.3285582705786863
0.01,0.7,0.45,30.0,15.0,200,1500,300,742,625,117,0.6128765427248578,0.9264777768302815,0.6128765427248578
0.01,0.7,0.45,30.0,15.0,200,2500,150,864,729,135,0.19182874949991052,0.6928701215398436,0.19182874949991052
0.01,0.7,0.45,30.0,15.0,200,2500,300,675,568,107,0.4586856895017925,0.6641896451254606,0.4586856895017925
0.01,0.7,0.45,30.0,15.0,400,750,150,951,810,141,0.3068988541892451,-0.3199654900362703,-0.3199654900362703
0.01,0.7,0.45,30.0,15.0,400,750,300,670,567,103,0.3930418997485705,0.24286445899012588,0.24286445899012588
0.01,0.7,0.45,30.0,15.0,400,1500,150,848,717,131,0.6086509128581695,0.4125086526121522,0.4125086526121522
0.01,0.7,0.45,30.0,15.0,400,1500,300,584,498,86,0.44168242529918017,1.076460725485388,0.44168242529918017
0.01,0.7,0.45,30.0,15.0,400,2500,150,775,652,123,0.5210275590541077,1.0235759988671003,0.5210275590541077
0.01,0.7,0.45,30.0,15.0,400,2500,300,521,440,81,0.5669138268932757,0.9771123511959532,0.5669138268932757
0.01,0.7,0.45,30.0,15.0,500,750,150,941,800,141,0.0072784515584310054,-1.5296665930035922,-1.5296665930035922
0.01,0.7,0.45,30.0,15.0,500,750,300,653,554,99,0.2612110608349167,-1.1285986032143998,-1.1285986032143998
0.01,0.7,0.45,30.0,15.0,500,1500,150,830,702,128,0.35147110803687404,-0.015378085868773345,-0.015378085868773345
0.01,0.7,0.45,30.0,15.0,500,1500,300,573,483,90,0.2868039426470329,0.26902863246043146,0.26902863246043146
0.01,0.7,0.45,30.0,15.0,500,2500,150,745,625,120,0.13892152801012314,-1.1549006370511625,-1.1549006370511625
0.01,0.7,0.45,30.0,15.0,500,2500,300,492,412,80,0.16884198620319366,-0.27208141424205795,-0.27208141424205795
0.01,0.7,0.45,30.0,20.0,100,750,150,1371,1160,211,0.7333590746914905,0.38183943909573875,0.38183943909573875
0.01,0.7,0.45,30.0,20.0,100,750,300,1256,1058,198,0.7220817394780259,0.6223132424098485,0.6223132424098485
0.01,0.7,0.45,30.0,20.0,100,1500,150,1240,1055,185,0.43633805138369797,0.7004158944407272,0.43633805138369797
0.01,0.7,0.45,30.0,20.0,100,1500,300,1113,941,172,0.5135760145924647,0.5652099834035959,0.5135760145924647
0.01,0.7,0.45,30.0,20.0,100,2500,150,1182,1004,178,0.6462142768693726,0.8911154017615323,0.6462142768693726
0.01,0.7,0.45,30.0,20.0,100,2500,300,1044,882,162,0.6275770399633768,1.0328311131427002,0.6275770399633768
0.01,0.7,0.45,30.0,20.0,200,750,150,1034,880,154,0.12489882982920454,0.7822471663724136,0.12489882982920454
0.01,0.7,0.45,30.0,20.0,200,750,300,844,711,133,0.18552899099203793,0.2171859940091324,0.18552899099203793
0.01,0.7,0.45,30.0,20.0,200,1500,150,922,781,141,0.30630304472133346,1.1877512710396467,0.30630304472133346
0.01,0.7,0.45,30.0,20.0,200,1500,300,734,621,113,0.5356608575325472,1.0875082323860232,0.5356608575325472
0.01,0.7,0.45,30.0,20.0,200,2500,150,854,719,135,0.2524447165217005,0.7452640442274783,0.2524447165217005
0.01,0.7,0.45,30.0,20.0,200,2500,300,662,557,105,0.4808264974766246,0.809931265449154,0.4808264974766246
0.01,0.7,0.45,30.0,20.0,400,750,150,943,802,141,0.23585470074506135,-0.6251579774774603,-0.6251579774774603
0.01,0.7,0.45,30.0,20.0,400,750,300,653,553,100,0.35504336739903464,0.0795218181756612,0.0795218181756612
0.01,0.7,0.45,30.0,20.0,400,1500,150,836,705,131,0.6460251467454458,-0.07462125839650365,-0.07462125839650365
0.01,0.7,0.45,30.0,20.0,400,1500,300,564,478,86,0.43273678311707003,0.9830882777675796,0.43273678311707003
0.01,0.7,0.45,30.0,20.0,400,2500,150,766,645,121,0.5339515169958006,0.7222184465679428,0.5339515169958006
0.01,0.7,0.45,30.0,20.0,400,2500,300,511,430,81,0.45337597577414984,0.7323579236869142,0.45337597577414984
0.01,0.7,0.45,30.0,20.0,500,750,150,929,789,140,0.02518650150586298,-1.5481775344925708,-1.5481775344925708
0.01,0.7,0.45,30.0,20.0,500,750,300,626,532,94,0.23540129136299173,-1.2489361061777131,-1.2489361061777131
0.01,0.7,0.45,30.0,20.0,500,1500,150,813,687,126,0.2661397366882472,-0.3115364741165275,-0.3115364741165275
0.01,0.7,0.45,30.0,20.0,500,1500,300,544,456,88,0.44175711210087254,0.2477513813463339,0.2477513813463339
0.01,0.7,0.45,30.0,20.0,500,2500,150,736,618,118,0.20790703569682878,-1.367477473599394,-1.367477473599394
0.01,0.7,0.45,30.0,20.0,500,2500,300,482,404,78,0.10963346254059349,-0.41785517082933105,-0.41785517082933105
0.01,0.7,0.45,35.0,6.0,100,750,150,1620,1354,266,0.5668069141321905,-0.36256146386119825,-0.36256146386119825
0.01,0.7,0.45,35.0,6.0,100,750,300,1505,1251,254,0.6546195417287195,0.038547738858182065,0.038547738858182065
0.01,0.7,0.45,35.0,6.0,100,1500,150,1472,1240,232,0.1905959857352239,0.1197281351580802,0.1197281351580802
0.01,0.7,0.45,35.0,6.0,100,1500,300,1346,1125,221,0.352988825595496,0.48463238214410154,0.352988825595496
0.01,0.7,0.45,35.0,6.0,100,2500,150,1400,1178,222,0.6640335143525913,0.13431050163410546,0.13431050163410546
0.01,0.7,0.45,35.0,6.0,100,2500,300,1253,1044,209,0.7533417574337983,0.5350190479011881,0.5350190479011881
0.01,0.7,0.45,35.0,6.0,200,750,150,1307,1104,203,0.07682712805707102,-0.1805629029798647,-0.1805629029798647
0.01,0.7,0.45,35.0,6.0,200,750,300,1108,928,180,0.14165207632123428,-0.2270506047854778,-0.2270506047854778
0.01,0.7,0.45,35.0,6.0,200,1500,150,1168,982,186,0.21057637618131853,0.5574598306938682,0.21057637618131853
0.01,0.7,0.45,35.0,6.0,200,1500,300,971,821,150,0.42941024631327196,0.8121877280766633,0.42941024631327196
0.01,0.7,0.45,35.0,6.0,200,2500,150,1098,920,178,0.2615412391532668,-0.25891312603224953,-0.25891312603224953
0.01,0.7,0.45,35.0,6.0,200,2500,300,889,748,141,0.3856593752962125,0.5580996074996066,0.3856593752962125
0.01,0.7,0.45,35.0,6.0,400,750,150,1238,1042,196,0.035328842456150776,-0.47983279613580526,-0.47983279613580526
0.01,0.7,0.45,35.0,6.0,400,750,300,922,776,146,0.2579819496013667,-0.1734788688303019,-0.1734788688303019
0.01,0.7,0.45,35.0,6.0,400,1500,150,1105,925,180,0.23344602890799296,-0.08953207037259385,-0.08953207037259385
0.01,0.7,0.45,35.0,6.0,400,1500,300,807,678,129,0.3160378046379288,0.7375687473191388,0.3160378046379288
0.01,0.7,0.45,35.0,6.0,400,2500,150,988,825,163,0.2693439397370725,0.5991410269889577,0.2693439397370725
0.01,0.7,0.45,35.0,6.0,400,2500,300,723,602,121,0.3647452486005445,0.6909753095402729,0.3647452486005445
0.01,0.7,0.45,35.0,6.0,500,750,150,1224,1030,194,-0.1547510938845774,-1.6754697507428682,-1.6754697507428682
0.01,0.7,0.45,35.0,6.0,500,750,300,899,746,153,0.21874862002350684,-1.2903145611415106,-1.2903145611415106
0.01,0.7,0.45,35.0,6.0,500,1500,150,1072,903,169,-0.06981172360142976,-0.9663489010013969,-0.9663489010013969
0.01,0.7,0.45,35.0,6.0,500,1500,300,794,659,135,0.13460285447655243,0.2553463380851267,0.13460285447655243
0.01,0.7,0.45,35.0,6.0,500,2500,150,971,816,155,-0.2607343629466167,-2.0837820378287977,-2.0837820378287977
0.01,0.7,0.45,35.0,6.0,500,2500,300,696,578,118,-0.08264646909584752,-0.5507925321114363,-0.5507925321114363
0.01,0.7,0.45,35.0,10.0,100,750,150,1458,1231,227,0.6424273570206411,-0.33011492673352827,-0.33011492673352827
0.01,0.7,0.45,35.0,10.0,100,750,300,1347,1132,215,0.6863982985400184,-0.06945550572607344,-0.06945550572607344
0.01,0.7,0.45,35.0,10.0,100,1500,150,1325,1123,202,0.34003225536891035,0.00960700517596814,0.00960700517596814
0.01,0.7,0.45,35.0,10.0,100,1500,300,1200,1010,190,0.443553828023082,0.38207989390170655,0.38207989390170655
0.01,0.7,0.45,35.0,10.0,100,2500,150,1264,1069,195,0.7753393295560974,-0.12698098192123308,-0.12698098192123308
0.01,0.7,0.45,35.0,10.0,100,2500,300,1122,943,179,0.8530619989375412,0.19896118916579725,0.19896118916579725
0.01,0.7,0.45,35.0,10.0,200,750,150,1141,969,172,0.3095605842706803,0.5349651977184067,0.3095605842706803
0.01,0.7,0.45,35.0,10.0,200,750,300,932,784,148,0.3321319703541652,0.3326502081722528,0.3321319703541652
0.01,0.7,0.45,35.0,10.0,200,1500,150,1008,847,161,0.45398813828144086,0.8170483773719563,0.45398813828144086
0.01,0.7,0.45,35.0,10.0,200,1500,300,810,681,129,0.6585745244402681,1.059779526268615,0.6585745244402681
0.01,0.7,0.45,35.0,10.0,200,2500,150,952,799,153,0.41199274123362095,0.3370140873909815,0.3370140873909815
0.01,0.7,0.45,35.0,10.0,200,2500,300,742,619,123,0.5467224790881653,0.864532746135149,0.5467224790881653
0.01,0.7,0.45,35.0,10.0,400,750,150,1057,896,161,0.3814856275404595,-0.27513191163052564,-0.27513191163052564
0.01,0.7,0.45,35.0,10.0,400,750,300,762,642,120,0.47019053473033273,0.4552216019804017,0.4552216019804017
0.01,0.7,0.45,35.0,10.0,400,1500,150,933,787,146,0.6661259258504597,-0.08857527816068383,-0.08857527816068383
0.01,0.7,0.45,35.0,10.0,400,1500,300,656,554,102,0.45380451586982284,1.1728769631966547,0.45380451586982284
0.01,0.7,0.45,35.0,10.0,400,2500,150,837,702,135,0.6819001130246038,0.6038374066374396,0.6038374066374396
0.01,0.7,0.45,35.0,10.0,400,2500,300,581,487,94,0.5685059899480802,1.0354511624897424,0.5685059899480802
0.01,0.7,0.45,35.0,10.0,500,750,150,1039,880,159,-0.0098077817764053,-1.5935843581269915,-1.5935843581269915
0.01,0.7,0.45,35.0,10.0,500,750,300,732,618,114,0.34314962385622777,-1.56903245462945,-1.56903245462945
0.01,0.7,0.45,35.0,10.0,500,1500,150,909,768,141,0.19927027824120247,0.21220915431315143,0.19927027824120247
0.01,0.7,0.45,35.0,10.0,500,1500,300,641,538,103,0.40639077886292796,0.3549173420399608,0.3549173420399608
0.01,0.7,0.45,35.0,10.0,500,2500,150,815,686,129,-0.07481284620617222,-0.9295387662154829,-0.9295387662154829
0.01,0.7,0.45,35.0,10.0,500,2500,300,562,468,94,0.11378772267108239,-0.10992100392632899,-0.10992100392632899
0.01,0.7,0.45,35.0,15.0,100,750,150,1416,1196,220,0.7589581513285707,-0.4300389288908144,-0.4300389288908144
0.01,0.7,0.45,35.0,15.0,100,750,300,1299,1094,205,0.8476355878649603,0.010567368048824133,0.010567368048824133
0.01,0.7,0.45,35.0,15.0,100,1500,150,1283,1089,194,0.46964602054878646,0.04803225051910316,0.04803225051910316
0.01,0.7,0.45,35.0,15.0,100,1500,300,1154,975,179,0.5864171255399376,0.3260452061700043,0.3260452061700043
0.01,0.7,0.45,35.0,15.0,100,2500,150,1222,1035,187,0.8487131006553239,0.1931642280932448,0.1931642280932448
0.01,0.7,0.45,35.0,15.0,100,2500,300,1079,909,170,0.9236607578906475,0.6103050484236846,0.6103050484236846
0.01,0.7,0.45,35.0,15.0,200,750,150,1091,927,164,0.15142852642069624,0.4712250245706296,0.15142852642069624
0.01,0.7,0.45,35.0,15.0,200,750,300,885,744,141,0.18959947227176502,0.23207026582490634,0.18959947227176502
0.01,0.7,0.45,35.0,15.0,200,1500,150,960,809,151,0.4432949182636952,0.6840087497236016,0.4432949182636952
0.01,0.7,0.45,35.0,15.0,200,1500,300,762,641,121,0.6185046825373098,0.9044461673446847,0.6185046825373098
0.01,0.7,0.45,35.0,15.0,200,2500,150,897,756,141,0.3505180787556324,0.43968565783414243,0.3505180787556324
0.01,0.7,0.45,35.0,15.0,200,2500,300,690,580,110,0.4791037130517315,0.7738153980560553,0.4791037130517315
0.01,0.7,0.45,35.0,15.0,400,750,150,996,846,150,0.265016685684762,-0.3338517369135825,-0.3338517369135825
0.01,0.7,0.45,35.0,15.0,400,750,300,692,586,106,0.38256151897261725,0.30303254684039005,0.30303254684039005
0.01,0.7,0.45,35.0,15.0,400,1500,150,880,746,134,0.6019894507002564,0.13808744106736823,0.13808744106736823
0.01,0.7,0.45,35.0,15.0,400,1500,300,596,508,88,0.41615296193972146,1.207156203511921,0.41615296193972146
0.01,0.7,0.45,35.0,15.0,400,2500,150,796,668,128,0.5083590013355114,0.7121637240818428,0.5083590013355114
0.01,0.7,0.45,35.0,15.0,400,2500,300,528,447,81,0.5152696627141978,0.9997143068273538,0.5152696627141978
0.01,0.7,0.45,35.0,15.0,500,750,150,977,831,146,-0.11419655874398531,-1.5699159476553228,-1.5699159476553228
0.01,0.7,0.45,35.0,15.0,500,750,300,669,566,103,0.20287605809905676,-1.2047514205937278,-1.2047514205937278
0.01,0.7,0.45,35.0,15.0,500,1500,150,855,723,132,0.20092586103582616,0.01165312107836128,0.01165312107836128
0.01,0.7,0.45,35.0,15.0,500,1500,300,585,493,92,0.2171028624192239,0.33070223286172795,0.2171028624192239
0.01,0.7,0.45,35.0,15.0,500,2500,150,773,650,123,-0.07510346107897553,-0.9605993270359657,-0.9605993270359657
0.01,0.7,0.45,35.0,15.0,500,2500,300,506,424,82,0.09956108510832025,-0.05736981523269478,-0.05736981523269478
0.01,0.7,0.45,35.0,20.0,100,750,150,1405,1188,217,0.745654799885818,-0.36197416511275865,-0.36197416511275865
0.01,0.7,0.45,35.0,20.0,100,750,300,1282,1080,202,0.7883843655230006,0.07068490110384935,0.07068490110384935
0.01,0.7,0.45,35.0,20.0,100,1500,150,1267,1077,190,0.5139640867931805,0.19798686308720884,0.19798686308720884
0.01,0.7,0.45,35.0,20.0,100,1500,300,1137,961,176,0.608532916031287,0.3149488853062896,0.3149488853062896
0.01,0.7,0.45,35.0,20.0,100,2500,150,1210,1025,185,0.7734886326312531,0.30421832732746384,0.30421832732746384
0.01,0.7,0.45,35.0,20.0,100,2500,300,1065,897,168,0.820989859192076,0.7073238893896814,0.7073238893896814
0.01,0.7,0.45,35.0,20.0,200,750,150,1077,916,161,0.13813729626416907,0.6636120948719909,0.13813729626416907
0.01,0.7,0.45,35.0,20.0,200,750,300,868,730,138,0.19642097330141675,0.10188134190058432,0.10188134190058432
0.01,0.7,0.45,35.0,20.0,200,1500,150,948,801,147,0.35554613538158986,0.9214582505261452,0.35554613538158986
0.01,0.7,0.45,35.0,20.0,200,1500,300,750,634,116,0.5216895282199109,1.04443665524752,0.5216895282199109
0.01,0.7,0.45,35.0,20.0,200,2500,150,886,746,140,0.2964125202608187,0.5424000728791017,0.2964125202608187
0.01,0.7,0.45,35.0,20.0,200,2500,300,673,566,107,0.5191614415280243,0.8894416552974627,0.5191614415280243
0.01,0.7,0.45,35.0,20.0,400,750,150,981,832,149,0.2539445325631092,-0.44431946526119537,-0.44431946526119537
0.01,0.7,0.45,35.0,20.0,400,750,300,669,565,104,0.3977236889266774,0.08569876110402612,0.08569876110402612
0.01,0.7,0.45,35.0,20.0,400,1500,150,862,729,133,0.630874116477387,0.03570545743912468,0.03570545743912468
0.01,0.7,0.45,35.0,20.0,400,1500,300,575,488,87,0.3708963314342197,1.141712550182956,0.3708963314342197
0.01,0.7,0.45,35.0,20.0,400,2500,150,782,658,124,0.5981728582722571,0.5104152138967144,0.5104152138967144
0.01,0.7,0.45,35.0,20.0,400,2500,300,516,435,81,0.4504101611180312,0.8220543126290443,0.4504101611180312
0.01,0.7,0.45,35.0,20.0,500,750,150,960,816,144,-0.10149560997901001,-1.5418574359645045,-1.5418574359645045
0.01,0.7,0.45,35.0,20.0,500,750,300,641,544,97,0.16324812943480357,-1.4086726667571379,-1.4086726667571379
0.01,0.7,0.45,35.0,20.0,500,1500,150,834,705,129,0.15548652407655453,-0.06455418067686182,-0.06455418067686182
0.01,0.7,0.45,35.0,20.0,500,1500,300,552,463,89,0.4178186049090503,0.391968189411353,0.391968189411353
0.01,0.7,0.45,35.0,20.0,500,2500,150,757,635,122,0.0017795755809620842,-1.3006702606256337,-1.3006702606256337
0.01,0.7,0.45,35.0,20.0,500,2500,300,488,408,80,0.14423488045865065,-0.3080843358815548,-0.3080843358815548
0.01,0.9,0.45,15.0,6.0,100,750,150,455,390,65,-0.21986099834530706,-1.4392083262916535,-1.4392083262916535
0.01,0.9,0.45,15.0,6.0,100,750,300,443,379,64,0.005771458219830801,-1.0173278115432707,-1.0173278115432707
0.01,0.9,0.45,15.0,6.0,100,1500,150,411,351,60,-0.13886999980890066,-0.14979065815490997,-0.14979065815490997
0.01,0.9,0.45,15.0,6.0,100,1500,300,400,341,59,0.11662839046917824,0.07729214849265616,0.07729214849265616
0.01,0.9,0.45,15.0,6.0,100,2500,150,368,309,59,0.1512755565564744,-1.2486674657537828,-1.2486674657537828
0.01,0.9,0.45,15.0,6.0,100,2500,300,353,295,58,0.2776563169778975,-0.9354214652790187,-0.9354214652790187
0.01,0.9,0.45,15.0,6.0,200,750,150,421,355,66,-0.4080216579672708,-0.06689528422106729,-0.4080216579672708
0.01,0.9,0.45,15.0,6.0,200,750,300,398,334,64,-0.0074435728134860475,0.5179735475102447,-0.0074435728134860475
0.01,0.9,0.45,15.0,6.0,200,1500,150,335,277,58,-0.2521428603535431,-1.2160864534086613,-1.2160864534086613
0.01,0.9,0.45,15.0,6.0,200,1500,300,319,263,56,0.23993994218304868,-0.8417732693313806,-0.8417732693313806
0.01,0.9,0.45,15.0,6.0,200,2500,150,302,251,51,0.11424603208795535,-0.6494115152401787,-0.6494115152401787
0.01,0.9,0.45,15.0,6.0,200,2500,300,291,241,50,0.4432780772323047,-0.6863249150535228,-0.6863249150535228
0.01,0.9,0.45,15.0,6.0,400,750,150,420,350,70,0.31262885031143145,-1.0606985092693062,-1.0606985092693062
0.01,0.9,0.45,15.0,6.0,400,750,300,383,320,63,0.47396588246031235,-0.9280583555539093,-0.9280583555539093
0.01,0.9,0.45,15.0,6.0,400,1500,150,319,266,53,-0.35703681392356135,-0.5209814659179302,-0.5209814659179302
0.01,0.9,0.45,15.0,6.0,400,1500,300,290,240,50,-0.23444648683749653,-0.16616596911133866,-0.23444648683749653
0.01,0.9,0.45,15.0,6.0,400,2500,150,287,239,48,-0.2968689737137275,-1.8177364670726066,-1.8177364670726066
0.01,0.9,0.45,15.0,6.0,400,2500,300,254,211,43,0.037207653758804846,-0.2038570515522934,-0.2038570515522934
0.01,0.9,0.45,15.0,6.0,500,750,150,466,395,71,-0.22180187419951483,-2.0547291174255693,-2.0547291174255693
0.01,0.9,0.45,15.0,6.0,500,750,300,408,347,61,0.1724303042568655,-1.4726446948118537,-1.4726446948118537
0.01,0.9,0.45,15.0,6.0,500,1500,150,344,291,53,-0.15141287809193993,-1.2876104233330539,-1.2876104233330539
0.01,0.9,0.45,15.0,6.0,500,1500,300,307,258,49,0.2603514395905888,-0.043824727640618996,-0.043824727640618996
0.01,0.9,0.45,15.0,6.0,500,2500,150,302,258,44,0.23589749809736985,-2.644362087197125,-2.644362087197125
0.01,0.9,0.45,15.0,6.0,500,2500,300,266,225,41,0.3162687786121793,-1.059251376863761,-1.059251376863761
0.01,0.9,0.45,15.0,10.0,100,750,150,443,381,62,0.04666502515896952,-1.1143317064199136,-1.1143317064199136
0.01,0.9,0.45,15.0,10.0,100,750,300,428,367,61,0.3326932930182292,-1.0156251181538725,-1.0156251181538725
0.01,0.9,0.45,15.0,10.0,100,1500,150,399,341,58,-0.1617326501407408,0.17061223240391168,-0.1617326501407408
0.01,0.9,0.45,15.0,10.0,100,1500,300,386,329,57,0.20272619903083974,0.2548180873701969,0.20272619903083974
0.01,0.9,0.45,15.0,10.0,100,2500,150,359,302,57,0.15948862009238776,-0.17293302033565566,-0.17293302033565566
0.01,0.9,0.45,15.0,10.0,100,2500,300,342,286,56,0.4400315994986688,-0.18359176749381773,-0.18359176749381773
0.01,0.9,0.45,15.0,10.0,200,750,150,408,343,65,-0.23676960339336564,1.2201735804737925,-0.23676960339336564
0.01,0.9,0.45,15.0,10.0,200,750,300,380,317,63,0.241425941191369,1.1228764783967016,0.241425941191369
0.01,0.9,0.45,15.0,10.0,200,1500,150,322,267,55,-0.21257116538651694,0.6790931517740803,-0.21257116538651694
0.01,0.9,0.45,15.0,10.0,200,1500,300,304,251,53,0.24507635429497204,0.4975922528335553,0.24507635429497204
0.01,0.9,0.45,15.0,10.0,200,2500,150,290,240,50,-0.0552292058624618,-0.08778117355812519,-0.08778117355812519
0.01,0.9,0.45,15.0,10.0,200,2500,300,278,229,49,0.40309549797881056,-0.11809946148783038,-0.11809946148783038
0.01,0.9,0.45,15.0,10.0,400,750,150,401,335,66,0.3228574109076519,-2.2361155715888157,-2.2361155715888157
0.01,0.9,0.45,15.0,10.0,400,750,300,350,292,58,0.46700676799061813,-1.9851571910264207,-1.9851571910264207
0.01,0.9,0.45,15.0,10.0,400,1500,150,303,253,50,-0.48570415734593825,-1.185430431762042,-1.185430431762042
0.01,0.9,0.45,15.0,10.0,400,1500,300,264,219,45,-0.43800126978176585,-0.6885320933486603,-0.6885320933486603
0.01,0.9,0.45,15.0,10.0,400,2500,150,270,226,44,-0.42302823063621053,-0.08807312708715219,-0.42302823063621053
0.01,0.9,0.45,15.0,10.0,400,2500,300,231,192,39,0.08191085239633979,0.4324221974555699,0.08191085239633979
0.01,0.9,0.45,15.0,10.0,500,750,150,437,374,63,-0.15029029580914435,-1.5059902271721568,-1.5059902271721568
0.01,0.9,0.45,15.0,10.0,500,750,300,368,314,54,0.08856818730067598,-1.8484511124900562,-1.8484511124900562
0.01,0.9,0.45,15.0,10.0,500,1500,150,323,275,48,-0.25647634807128994,-0.7602618245818457,-0.7602618245818457
0.01,0.9,0.45,15.0,10.0,500,1500,300,277,234,43,0.24019132663629883,-0.2467390191655607,-0.2467390191655607
0.01,0.9,0.45,15.0,10.0,500,2500,150,280,240,40,-0.05975542819108435,0.1949692148872368,-0.05975542819108435
0.01,0.9,0.45,15.0,10.0,500,2500,300,240,203,37,0.37541240694584127,0.6160349116894678,0.37541240694584127
0.01,0.9,0.45,15.0,15.0,100,750,150,441,380,61,0.050411627847142565,-0.9211366978685414,-0.9211366978685414
0.01,0.9,0.45,15.0,15.0,100,750,300,426,366,60,0.3116733632846378,-0.5132165259850145,-0.5132165259850145
0.01,0.9,0.45,15.0,15.0,100,1500,150,398,341,57,-0.00416337968121627,-0.10119969370234655,-0.10119969370234655
0.01,0.9,0.45,15.0,15.0,100,1500,300,384,328,56,0.31221381215923666,0.078558987468382,0.078558987468382
0.01,0.9,0.45,15.0,15.0,100,2500,150,359,302,57,0.20350286470598683,-0.07079922936507682,-0.07079922936507682
0.01,0.9,0.45,15.0,15.0,100,2500,300,341,285,56,0.42652912002282467,0.48111245537520103,0.42652912002282467
0.01,0.9,0.45,15.0,15.0,200,750,150,404,339,65,-0.17101984859917857,0.9666931951353955,-0.17101984859917857
0.01,0.9,0.45,15.0,15.0,200,750,300,371,308,63,0.19492890959940284,1.0715172068567667,0.19492890959940284
0.01,0.9,0.45,15.0,15.0,200,1500,150,320,265,55,-0.14840412949006487,0.36911484990397486,-0.14840412949006487
0.01,0.9,0.45,15.0,15.0,200,1500,300,298,245,53,0.18307852130500743,0.2157135457939624,0.18307852130500743
0.01,0.9,0.45,15.0,15.0,200,2500,150,286,237,49,-0.01788189268261007,-0.23918442456731917,-0.23918442456731917
0.01,0.9,0.45,15.0,15.0,200,2500,300,272,224,48,0.26323199628210875,-0.26268311752767,-0.26268311752767
0.01,0.9,0.45,15.0,15.0,400,750,150,394,330,64,0.16811655352151986,-1.755346694153604,-1.755346694153604
0.01,0.9,0.45,15.0,15.0,400,750,300,340,285,55,0.3516508036006909,-1.3716662062235332,-1.3716662062235332
0.01,0.9,0.45,15.0,15.0,400,1500,150,297,250,47,-0.8420547624236022,-0.5974567378617881,-0.8420547624236022
0.01,0.9,0.45,15.0,15.0,400,1500,300,255,214,41,-0.467163005289368,-0.2712811933995521,-0.467163005289368
0.01,0.9,0.45,15.0,15.0,400,2500,150,263,221,42,-0.6955847520205606,0.06128065509114957,-0.6955847520205606
0.01,0.9,0.45,15.0,15.0,400,2500,300,216,180,36,0.029154024477351072,0.5894182957493393,0.029154024477351072
0.01,0.9,0.45,15.0,15.0,500,750,150,431,369,62,-0.08211902997763167,-1.5933992583663434,-1.5933992583663434
0.01,0.9,0.45,15.0,15.0,500,750,300,350,298,52,0.07248495972708911,-1.6639352517518344,-1.6639352517518344
0.01,0.9,0.45,15.0,15.0,500,1500,150,318,271,47,-0.24736793842922253,-0.8590054346621971,-0.8590054346621971
0.01,0.9,0.45,15.0,15.0,500,1500,300,266,225,41,0.19919839743832757,-0.19879320040201376,-0.19879320040201376
0.01,0.9,0.45,15.0,15.0,500,2500,150,273,234,39,-0.10745409820309694,0.11732955896342176,-0.10745409820309694
0.01,0.9,0.45,15.0,15.0,500,2500,300,225,191,34,0.4429704771801313,0.8427793714215732,0.4429704771801313
0.01,0.9,0.45,15.0,20.0,100,750,150,441,380,61,-0.038615297783506676,-0.9888832037650801,-0.9888832037650801
0.01,0.9,0.45,15.0,20.0,100,750,300,426,366,60,0.24998092843197015,-0.5860303943629104,-0.5860303943629104
0.01,0.9,0.45,15.0,20.0,100,1500,150,397,341,56,-0.0645176169683194,-0.3185848114397392,-0.3185848114397392
0.01,0.9,0.45,15.0,20.0,100,1500,300,383,328,55,0.26129074997817997,-0.1555234471550074,-0.1555234471550074
0.01,0.9,0.45,15.0,20.0,100,2500,150,359,302,57,0.18488761975321186,-0.1717593775850608,-0.1717593775850608
0.01,0.9,0.45,15.0,20.0,100,2500,300,341,285,56,0.4246125111002359,0.3683747799368719,0.3683747799368719
0.01,0.9,0.45,15.0,20.0,200,750,150,402,338,64,-0.24985238399488685,0.9317046552445128,-0.24985238399488685
0.01,0.9,0.45,15.0,20.0,200,750,300,369,307,62,0.11431303371932987,0.8158190136804105,0.11431303371932987
0.01,0.9,0.45,15.0,20.0,200,1500,150,318,264,54,-0.2681755012671625,0.22630264786310592,-0.2681755012671625
0.01,0.9,0.45,15.0,20.0,200,1500,300,296,244,52,0.14143363338021972,-0.010425591735223278,-0.010425591735223278
0.01,0.9,0.45,15.0,20.0,200,2500,150,285,236,49,-0.03939117577595644,-0.41334269068249563,-0.41334269068249563
0.01,0.9,0.45,15.0,20.0,200,2500,300,270,222,48,0.2271432418774413,-0.4423180725502086,-0.4423180725502086
0.01,0.9,0.45,15.0,20.0,400,750,150,394,330,64,0.17436125848766304,-2.0192436108827128,-2.0192436108827128
0.01,0.9,0.45,15.0,20.0,400,750,300,334,280,54,0.26410155454514644,-1.6762538423179252,-1.6762538423179252
0.01,0.9,0.45,15.0,20.0,400,1500,150,297,250,47,-0.6231690733131213,-0.5978814330200475,-0.6231690733131213
0.01,0.9,0.45,15.0,20.0,400,1500,300,250,209,41,-0.17128664434165683,-0.48673351873200177,-0.48673351873200177
0.01,0.9,0.45,15.0,20.0,400,2500,150,261,219,42,-0.37153908882582765,-0.18941540118728978,-0.37153908882582765
0.01,0.9,0.45,15.0,20.0,400,2500,300,211,175,36,0.10705394006577415,0.321708240200705,0.10705394006577415
0.01,0.9,0.45,15.0,20.0,500,750,150,431,369,62,-0.18716502238673233,-1.7107476735824096,-1.7107476735824096
0.01,0.9,0.45,15.0,20.0,500,750,300,349,297,52,-0.09980236338350942,-1.7770706077991605,-1.7770706077991605
0.01,0.9,0.45,15.0,20.0,500,1500,150,318,271,47,-0.2665060873627279,-1.1143448818670116,-1.1143448818670116
0.01,0.9,0.45,15.0,20.0,500,1500,300,262,222,40,0.17418064888819712,-0.34485780819317197,-0.34485780819317197
0.01,0.9,0.45,15.0,20.0,500,2500,150,271,232,39,-0.031606932637774025,-0.16565330205704223,-0.16565330205704223
0.01,0.9,0.45,15.0,20.0,500,2500,300,219,185,34,0.4154671610938005,0.567279395560777,0.4154671610938005
0.01,0.9,0.45,20.0,6.0,100,750,150,736,620,116,0.3969902280902279,-0.20796771404989275,-0.20796771404989275
0.01,0.9,0.45,20.0,6.0,100,750,300,714,599,115,0.4132646055840202,0.11287113375701567,0.11287113375701567
0.01,0.9,0.45,20.0,6.0,100,1500,150,639,537,102,-0.46171784333334326,0.539330590839644,-0.46171784333334326
0.01,0.9,0.45,20.0,6.0,100,1500,300,614,513,101,-0.21481549143554446,0.5624015066847303,-0.21481549143554446
0.01,0.9,0.45,20.0,6.0,100,2500,150,592,500,92,0.09573758924848284,1.32542612196347,0.09573758924848284
0.01,0.9,0.45,20.0,6.0,100,2500,300,565,474,91,0.22314549309226178,1.3929721463050397,0.22314549309226178
0.01,0.9,0.45,20.0,6.0,200,750,150,615,526,89,-0.03621146990381497,0.27599529286504637,-0.03621146990381497
0.01,0.9,0.45,20.0,6.0,200,750,300,575,492,83,0.15856159178279494,0.6908172421454143,0.15856159178279494
0.01,0.9,0.45,20.0,6.0,200,1500,150,488,418,70,0.33662060158163076,0.29624581179912507,0.29624581179912507
0.01,0.9,0.45,20.0,6.0,200,1500,300,454,388,66,0.40831649096181155,0.35256235679683345,0.35256235679683345
0.01,0.9,0.45,20.0,6.0,200,2500,150,442,377,65,0.5785531468190814,0.4277170371414151,0.4277170371414151
0.01,0.9,0.45,20.0,6.0,200,2500,300,409,347,62,0.6246701948710995,0.7159083353706474,0.6246701948710995
0.01,0.9,0.45,20.0,6.0,400,750,150,630,532,98,0.3398793528665153,-0.5419896072963336,-0.5419896072963336
0.01,0.9,0.45,20.0,6.0,400,750,300,539,456,83,0.41634649474886665,-1.3702277759736967,-1.3702277759736967
0.01,0.9,0.45,20.0,6.0,400,1500,150,457,390,67,-0.08089113569420456,-0.28389067857522104,-0.28389067857522104
0.01,0.9,0.45,20.0,6.0,400,1500,300,401,341,60,-0.296688888875373,-0.3437889267044921,-0.3437889267044921
0.01,0.9,0.45,20.0,6.0,400,2500,150,401,338,63,-0.16582654972306193,0.1800575193962339,-0.16582654972306193
0.01,0.9,0.45,20.0,6.0,400,2500,300,338,282,56,0.025560601838636617,0.5800827813379278,0.025560601838636617
0.01,0.9,0.45,20.0,6.0,500,750,150,658,566,92,-0.30985435513213766,-1.1775722501223012,-1.1775722501223012
0.01,0.9,0.45,20.0,6.0,500,750,300,550,473,77,-0.048623646329037075,-1.2493214367784948,-1.2493214367784948
0.01,0.9,0.45,20.0,6.0,500,1500,150,484,414,70,-0.06523128987434845,-0.902824591794194,-0.902824591794194
0.01,0.9,0.45,20.0,6.0,500,1500,300,405,347,58,0.1438259304856931,-0.24891796423202184,-0.24891796423202184
0.01,0.9,0.45,20.0,6.0,500,2500,150,429,368,61,-0.13005198424619915,0.012679055161907161,-0.13005198424619915
0.01,0.9,0.45,20.0,6.0,500,2500,300,350,298,52,0.20390260550848766,0.21872395956994228,0.20390260550848766
0.01,0.9,0.45,20.0,10.0,100,750,150,700,595,105,0.539572452427897,-0.14816285329205478,-0.14816285329205478
0.01,0.9,0.45,20.0,10.0,100,750,300,676,572,104,0.5074158294630664,-0.10564171984584837,-0.10564171984584837
0.01,0.9,0.45,20.0,10.0,100,1500,150,609,514,95,-0.2547021564130664,0.8812853307456027,-0.2547021564130664
0.01,0.9,0.45,20.0,10.0,100,1500,300,582,488,94,-0.07573329006644097,0.8129242825280942,-0.07573329006644097
0.01,0.9,0.45,20.0,10.0,100,2500,150,565,477,88,0.3375976871219184,1.5578682936962014,0.3375976871219184
0.01,0.9,0.45,20.0,10.0,100,2500,300,535,448,87,0.3646511643384638,1.406240074573222,0.3646511643384638
0.01,0.9,0.45,20.0,10.0,200,750,150,571,487,84,-0.03622414425498443,0.8421368373170997,-0.03622414425498443
0.01,0.9,0.45,20.0,10.0,200,750,300,525,446,79,0.17394245359825256,0.823994580062328,0.17394245359825256
0.01,0.9,0.45,20.0,10.0,200,1500,150,440,378,62,0.41185907873255323,1.2426144253591949,0.41185907873255323
0.01,0.9,0.45,20.0,10.0,200,1500,300,407,347,60,0.41526466328038586,1.1805591005385903,0.41526466328038586
0.01,0.9,0.45,20.0,10.0,200,2500,150,404,345,59,0.44735300840098513,0.8042646985553962,0.44735300840098513
0.01,0.9,0.45,20.0,10.0,200,2500,300,370,313,57,0.5112976554916445,1.0227959963500617,0.5112976554916445
0.01,0.9,0.45,20.0,10.0,400,750,150,579,490,89,0.3432451443068012,-0.6833255823892581,-0.6833255823892581
0.01,0.9,0.45,20.0,10.0,400,750,300,479,405,74,0.6649935294000828,-0.8566572280657584,-0.8566572280657584
0.01,0.9,0.45,20.0,10.0,400,1500,150,418,357,61,-0.08830318644821326,-0.7231524934532412,-0.7231524934532412
0.01,0.9,0.45,20.0,10.0,400,1500,300,355,302,53,-0.09727772468502922,-0.5548810590358964,-0.5548810590358964
0.01,0.9,0.45,20.0,10.0,400,2500,150,370,315,55,-0.36819939738121443,-0.15229102261041733,-0.36819939738121443
0.01,0.9,0.45,20.0,10.0,400,2500,300,302,253,49,0.10701305122967217,0.2326439695963566,0.10701305122967217
0.01,0.9,0.45,20.0,10.0,500,750,150,599,517,82,-0.19884584886397563,-1.197323386697341,-1.197323386697341
0.01,0.9,0.45,20.0,10.0,500,750,300,473,408,65,0.06899317690075371,-1.2513660656070411,-1.2513660656070411
0.01,0.9,0.45,20.0,10.0,500,1500,150,437,377,60,-0.007627770321114518,-0.18363706343848246,-0.18363706343848246
0.01,0.9,0.45,20.0,10.0,500,1500,300,348,301,47,0.2519730161429525,-0.2689225768643184,-0.2689225768643184
0.01,0.9,0.45,20.0,10.0,500,2500,150,390,335,55,-0.3732064865408268,0.33329779021918465,-0.3732064865408268
0.01,0.9,0.45,20.0,10.0,500,2500,300,305,260,45,0.02849220805448088,0.4834652895811534,0.02849220805448088
0.01,0.9,0.45,20.0,15.0,100,750,150,695,591,104,0.5789600716370193,-0.12109391040728779,-0.12109391040728779
0.01,0.9,0.45,20.0,15.0,100,750,300,668,566,102,0.5296815651936726,0.1735872174007806,0.1735872174007806
0.01,0.9,0.45,20.0,15.0,100,1500,150,604,510,94,-0.0009291652558202733,0.4066886516549901,-0.0009291652558202733
0.01,0.9,0.45,20.0,15.0,100,1500,300,574,482,92,0.1805994428381273,0.3561225564515421,0.1805994428381273
0.01,0.9,0.45,20.0,15.0,100,2500,150,560,472,88,0.36507109062743104,1.548220175155104,0.36507109062743104
0.01,0.9,0.45,20.0,15.0,100,2500,300,529,442,87,0.4821615784960935,1.7064760949169462,0.4821615784960935
0.01,0.9,0.45,20.0,15.0,200,750,150,561,477,84,-0.10016913940664235,0.7629881171007262,-0.10016913940664235
0.01,0.9,0.45,20.0,15.0,200,750,300,512,433,79,0.12610147452880832,0.815402128335105,0.12610147452880832
0.01,0.9,0.45,20.0,15.0,200,1500,150,430,368,62,0.37853420011144684,0.9495876643196517,0.37853420011144684
0.01,0.9,0.45,20.0,15.0,200,1500,300,395,335,60,0.44766309210936006,0.8537750293463515,0.44766309210936006
0.01,0.9,0.45,20.0,15.0,200,2500,150,397,339,58,0.4986382075857702,0.7532949691953945,0.4986382075857702
0.01,0.9,0.45,20.0,15.0,200,2500,300,360,305,55,0.5224682588071025,1.0870424603493112,0.5224682588071025
0.01,0.9,0.45,20.0,15.0,400,750,150,563,480,83,0.20710948313819644,-0.31628064569598546,-0.31628064569598546
0.01,0.9,0.45,20.0,15.0,400,750,300,455,388,67,0.47843969665162756,-0.36637423290588333,-0.36637423290588333
0.01,0.9,0.45,20.0,15.0,400,1500,150,405,348,57,-0.16613737635979936,-0.27555580088734216,-0.27555580088734216
0.01,0.9,0.45,20.0,15.0,400,1500,300,337,288,49,-0.362622535986233,-0.2944925705577739,-0.362622535986233
0.01,0.9,0.45,20.0,15.0,400,2500,150,359,305,54,-0.38029607529701365,0.15356233974254047,-0.38029607529701365
0.01,0.9,0.45,20.0,15.0,400,2500,300,283,236,47,-0.01489387253461264,0.30868564352229727,-0.01489387253461264
0.01,0.9,0.45,20.0,15.0,500,750,150,583,502,81,-0.19778415073076466,-1.4881122367461148,-1.4881122367461148
0.01,0.9,0.45,20.0,15.0,500,750,300,448,385,63,0.008065550138876078,-1.1647057849521876,-1.1647057849521876
0.01,0.9,0.45,20.0,15.0,500,1500,150,427,367,60,0.024870458225109575,-0.1639998969359054,-0.1639998969359054
0.01,0.9,0.45,20.0,15.0,500,1500,300,328,283,45,0.32984550891886255,-0.1753782200077675,-0.1753782200077675
0.01,0.9,0.45,20.0,15.0,500,2500,150,377,322,55,-0.2894133862779145,0.062448559427065314,-0.2894133862779145
0.01,0.9,0.45,20.0,15.0,500,2500,300,280,238,42,0.33792027654116297,0.6473674033783081,0.33792027654116297
0.01,0.9,0.45,20.0,20.0,100,750,150,695,591,104,0.48583327783304125,-0.28930358726082295,-0.28930358726082295
0.01,0.9,0.45,20.0,20.0,100,750,300,667,565,102,0.4416214686653184,0.005688769598280825,0.005688769598280825
0.01,0.9,0.45,20.0,20.0,100,1500,150,603,510,93,-0.06686547357506645,0.3381024133518708,-0.06686547357506645
0.01,0.9,0.45,20.0,20.0,100,1500,300,573,482,91,0.044461087192626585,0.06606115068999373,0.044461087192626585
0.01,0.9,0.45,20.0,20.0,100,2500,150,560,472,88,0.32315141454133445,1.623584145128035,0.32315141454133445
0.01,0.9,0.45,20.0,20.0,100,2500,300,529,442,87,0.39176602661167853,1.5824557390979497,0.39176602661167853
0.01,0.9,0.45,20.0,20.0,200,750,150,558,476,82,-0.2169706549629767,1.0853588238727603,-0.2169706549629767
0.01,0.9,0.45,20.0,20.0,200,750,300,509,432,77,-0.02268776374898726,0.7537518983976103,-0.02268776374898726
0.01,0.9,0.45,20.0,20.0,200,1500,150,428,367,61,0.27164990044408266,0.8357080050377642,0.27164990044408266
0.01,0.9,0.45,20.0,20.0,200,1500,300,393,334,59,0.33525950511265384,0.5897689330061496,0.33525950511265384
0.01,0.9,0.45,20.0,20.0,200,2500,150,393,335,58,0.4224814723139015,0.6575304314241579,0.4224814723139015
0.01,0.9,0.45,20.0,20.0,200,2500,300,355,300,55,0.39868959880140437,0.9132256577555486,0.39868959880140437
0.01,0.9,0.45,20.0,20.0,400,750,150,563,480,83,0.27806214561723874,-0.6152509283119231,-0.6152509283119231
0.01,0.9,0.45,20.0,20.0,400,750,300,447,381,66,0.4579080934800146,-0.6099807032045471,-0.6099807032045471
0.01,0.9,0.45,20.0,20.0,400,1500,150,403,346,57,-0.10146979922227639,-0.49263698422207314,-0.49263698422207314
0.01,0.9,0.45,20.0,20.0,400,1500,300,330,281,49,-0.22429752007988235,-0.5138516685282397,-0.5138516685282397
0.01,0.9,0.45,20.0,20.0,400,2500,150,353,299,54,-0.30884236036244256,-0.10081669332386421,-0.30884236036244256
0.01,0.9,0.45,20.0,20.0,400,2500,300,275,228,47,-0.03668053455607491,0.0076467324496942175,-0.03668053455607491
0.01,0.9,0.45,20.0,20.0,500,750,150,582,501,81,-0.30623386357576093,-1.7740650832894325,-1.7740650832894325
0.01,0.9,0.45,20.0,20.0,500,750,300,441,379,62,-0.10964269707716216,-1.460660695731551,-1.460660695731551
0.01,0.9,0.45,20.0,20.0,500,1500,150,425,365,60,-0.06577566996570035,-0.5455062033141921,-0.5455062033141921
0.01,0.9,0.45,20.0,20.0,500,1500,300,320,275,45,0.4269726863243292,-0.5168478112543884,-0.5168478112543884
0.01,0.9,0.45,20.0,20.0,500,2500,150,372,317,55,-0.4155189429098376,-0.34380716578488435,-0.4155189429098376
0.01,0.9,0.45,20.0,20.0,500,2500,300,271,229,42,0.2587046052647249,0.2399578121032026,0.2399578121032026
0.01,0.9,0.45,25.0,6.0,100,750,150,891,752,139,0.36803863230485423,-0.21176299933327133,-0.21176299933327133
0.01,0.9,0.45,25.0,6.0,100,750,300,860,724,136,0.43796495502219346,0.16540018178830912,0.16540018178830912
0.01,0.9,0.45,25.0,6.0,100,1500,150,757,638,119,-0.2602056921946518,0.3719080035562386,-0.2602056921946518
0.01,0.9,0.45,25.0,6.0,100,1500,300,720,603,117,-0.0015199211607625086,0.4134345054056965,-0.0015199211607625086
0.01,0.9,0.45,25.0,6.0,100,2500,150,711,602,109,0.13351723558388326,0.8912540506738608,0.13351723558388326
0.01,0.9,0.45,25.0,6.0,100,2500,300,673,566,107,0.2890915529736748,1.241852957293996,0.2890915529736748
0.01,0.9,0.45,25.0,6.0,200,750,150,739,626,113,-0.05180563914661671,0.2241848362069599,-0.05180563914661671
0.01,0.9,0.45,25.0,6.0,200,750,300,687,582,105,0.1656361666993893,0.11890995941847281,0.11890995941847281
0.01,0.9,0.45,25.0,6.0,200,1500,150,580,492,88,0.4390041943066458,0.5408695093948108,0.4390041943066458
0.01,0.9,0.45,25.0,6.0,200,1500,300,532,450,82,0.5031404745798709,1.1642836825585683,0.5031404745798709
0.01,0.9,0.45,25.0,6.0,200,2500,150,528,444,84,0.5561610658333264,0.7388399520722553,0.5561610658333264
0.01,0.9,0.45,25.0,6.0,200,2500,300,480,403,77,0.650021039198768,0.8254267367948577,0.650021039198768
0.01,0.9,0.45,25.0,6.0,400,750,150,735,622,113,0.20256831411951404,-0.8207404954419381,-0.8207404954419381
0.01,0.9,0.45,25.0,6.0,400,750,300,615,519,96,0.10180782692719001,-1.0060330189402775,-1.0060330189402775
0.01,0.9,0.45,25.0,6.0,400,1500,150,535,452,83,-0.11112519848040209,-1.860232225313538,-1.860232225313538
0.01,0.9,0.45,25.0,6.0,400,1500,300,456,382,74,-0.18155610700141675,-1.3041622984652623,-1.3041622984652623
0.01,0.9,0.45,25.0,6.0,400,2500,150,464,391,73,0.20679922173680113,-0.10101295953012038,-0.10101295953012038
0.01,0.9,0.45,25.0,6.0,400,2500,300,386,322,64,0.15003668744257181,0.16962020830749383,0.15003668744257181
0.01,0.9,0.45,25.0,6.0,500,750,150,790,671,119,-0.5680049806006598,-2.5174126956301937,-2.5174126956301937
0.01,0.9,0.45,25.0,6.0,500,750,300,630,532,98,-0.12928687155761112,-1.7797151526277188,-1.7797151526277188
0.01,0.9,0.45,25.0,6.0,500,1500,150,564,477,87,-0.1925566950188409,-1.2934663759235814,-1.2934663759235814
0.01,0.9,0.45,25.0,6.0,500,1500,300,467,393,74,0.13569212396964495,-0.39606593003151447,-0.39606593003151447
0.01,0.9,0.45,25.0,6.0,500,2500,150,489,417,72,-0.13387071867296016,-0.32960699118681486,-0.32960699118681486
0.01,0.9,0.45,25.0,6.0,500,2500,300,389,327,62,0.1823258878425095,0.059525031882782777,0.059525031882782777
0.01,0.9,0.45,25.0,10.0,100,750,150,839,711,128,0.5619130715620402,-0.27673292041772635,-0.27673292041772635
0.01,0.9,0.45,25.0,10.0,100,750,300,805,681,124,0.5929757189040309,-0.10545223444643767,-0.10545223444643767
0.01,0.9,0.45,25.0,10.0,100,1500,150,711,601,110,-0.15704864582662006,0.6987615032407729,-0.15704864582662006
0.01,0.9,0.45,25.0,10.0,100,1500,300,672,564,108,0.10066016350657614,0.7352695857537993,0.10066016350657614
0.01,0.9,0.45,25.0,10.0,100,2500,150,670,566,104,0.20991721329411248,1.0354336605097065,0.20991721329411248
0.01,0.9,0.45,25.0,10.0,100,2500,300,627,525,102,0.39759902158449356,1.228928878709329,0.39759902158449356
0.01,0.9,0.45,25.0,10.0,200,750,150,660,559,101,0.09923145564013228,0.386590522774451,0.09923145564013228
0.01,0.9,0.45,25.0,10.0,200,750,300,606,511,95,0.2519028587451899,0.19073287919621157,0.19073287919621157
0.01,0.9,0.45,25.0,10.0,200,1500,150,506,427,79,0.5193590712099304,0.9956827864875292,0.5193590712099304
0.01,0.9,0.45,25.0,10.0,200,1500,300,462,388,74,0.44361499675038796,1.5873799374341184,0.44361499675038796
0.01,0.9,0.45,25.0,10.0,200,2500,150,458,384,74,0.6522342910859268,0.7859818535471205,0.6522342910859268
0.01,0.9,0.45,25.0,10.0,200,2500,300,408,341,67,0.6282389121557493,0.9348852054952929,0.6282389121557493
0.01,0.9,0.45,25.0,10.0,400,750,150,654,550,104,0.33886275340370947,-1.2600472928377318,-1.2600472928377318
0.01,0.9,0.45,25.0,10.0,400,750,300,519,435,84,0.46926433092032427,-0.7453127424339736,-0.7453127424339736
0.01,0.9,0.45,25.0,10.0,400,1500,150,480,406,74,-0.052871145457683004,-2.095171143984867,-2.095171143984867
0.01,0.9,0.45,25.0,10.0,400,1500,300,392,330,62,-0.14297311866265772,-1.1008587611190936,-1.1008587611190936
0.01,0.9,0.45,25.0,10.0,400,2500,150,412,349,63,0.16210737436222403,-0.3991836872762141,-0.3991836872762141
0.01,0.9,0.45,25.0,10.0,400,2500,300,329,274,55,0.3194387510003093,-0.01929540419434186,-0.01929540419434186
0.01,0.9,0.45,25.0,10.0,500,750,150,696,596,100,-0.5686414863682467,-2.043809330483609,-2.043809330483609
0.01,0.9,0.45,25.0,10.0,500,750,300,524,447,77,-0.08360356991094843,-1.2940774388063085,-1.2940774388063085
0.01,0.9,0.45,25.0,10.0,500,1500,150,498,423,75,-0.09848872162002732,-0.6523405294306184,-0.6523405294306184
0.01,0.9,0.45,25.0,10.0,500,1500,300,381,324,57,0.2700638934568962,-0.6344660861494112,-0.6344660861494112
0.01,0.9,0.45,25.0,10.0,500,2500,150,425,364,61,-0.14923082391047826,-0.019154442714233735,-0.14923082391047826
0.01,0.9,0.45,25.0,10.0,500,2500,300,325,275,50,0.2020827358670446,0.26414361175995166,0.2020827358670446
0.01,0.9,0.45,25.0,15.0,100,750,150,827,701,126,0.6509603166086084,-0.48511692349576824,-0.48511692349576824
0.01,0.9,0.45,25.0,15.0,100,750,300,789,668,121,0.617149740575487,-0.07454647399443039,-0.07454647399443039
0.01,0.9,0.45,25.0,15.0,100,1500,150,702,593,109,0.021912018083830646,0.17408390159726417,0.021912018083830646
0.01,0.9,0.45,25.0,15.0,100,1500,300,658,552,106,0.2703003802442128,0.1495364279119025,0.1495364279119025
0.01,0.9,0.45,25.0,15.0,100,2500,150,658,554,104,0.24244742422108692,0.8125923607878968,0.24244742422108692
0.01,0.9,0.45,25.0,15.0,100,2500,300,613,511,102,0.42429362837695617,1.3035008220383313,0.42429362837695617
0.01,0.9,0.45,25.0,15.0,200,750,150,648,547,101,-0.01136782347975658,-0.0674203222538772,-0.0674203222538772
0.01,0.9,0.45,25.0,15.0,200,750,300,586,491,95,0.22025861477859876,-0.23118449569672658,-0.23118449569672658
0.01,0.9,0.45,25.0,15.0,200,1500,150,497,418,79,0.5059633012112129,0.4683086724606899,0.4683086724606899
0.01,0.9,0.45,25.0,15.0,200,1500,300,451,377,74,0.5152097483367437,1.2357724636408671,0.5152097483367437
0.01,0.9,0.45,25.0,15.0,200,2500,150,452,379,73,0.6003855537690247,0.5678399638679613,0.5678399638679613
0.01,0.9,0.45,25.0,15.0,200,2500,300,401,336,65,0.6676733109832146,0.8539011904753754,0.6676733109832146
0.01,0.9,0.45,25.0,15.0,400,750,150,630,537,93,0.22289453343596466,-0.9292396726826719,-0.9292396726826719
0.01,0.9,0.45,25.0,15.0,400,750,300,488,413,75,0.24749837630487903,-0.5332985476462229,-0.5332985476462229
0.01,0.9,0.45,25.0,15.0,400,1500,150,460,391,69,-0.10462448727204177,-1.519301291118162,-1.519301291118162
0.01,0.9,0.45,25.0,15.0,400,1500,300,365,308,57,-0.2860957970903817,-0.9255061177869622,-0.9255061177869622
0.01,0.9,0.45,25.0,15.0,400,2500,150,394,335,59,0.11036892308109746,-0.062325544098618256,-0.062325544098618256
0.01,0.9,0.45,25.0,15.0,400,2500,300,305,254,51,0.21188713418700683,0.2838968467509327,0.21188713418700683
0.01,0.9,0.45,25.0,15.0,500,750,150,667,571,96,-0.5481691369472965,-1.9059327802463402,-1.9059327802463402
0.01,0.9,0.45,25.0,15.0,500,750,300,486,413,73,-0.1762074863180212,-1.62950310115866,-1.62950310115866
0.01,0.9,0.45,25.0,15.0,500,1500,150,476,404,72,-0.06147649208854563,-0.6141368483087433,-0.6141368483087433
0.01,0.9,0.45,25.0,15.0,500,1500,300,353,299,54,0.2985043474409343,-0.32285675351232584,-0.32285675351232584
0.01,0.9,0.45,25.0,15.0,500,2500,150,406,346,60,-0.1782980446314869,-0.16669560936122904,-0.1782980446314869
0.01,0.9,0.45,25.0,15.0,500,2500,300,297,250,47,0.35860724329743854,0.48209348115793893,0.35860724329743854
0.01,0.9,0.45,25.0,20.0,100,750,150,825,700,125,0.5855234100287273,-0.5247593521589217,-0.5247593521589217
0.01,0.9,0.45,25.0,20.0,100,750,300,786,666,120,0.56058717936782,-0.08808771255371335,-0.08808771255371335
0.01,0.9,0.45,25.0,20.0,100,1500,150,699,592,107,-0.013332184612548304,0.3269456989453193,-0.013332184612548304
0.01,0.9,0.45,25.0,20.0,100,1500,300,653,549,104,0.18658315935719255,0.023977468617964744,0.023977468617964744
0.01,0.9,0.45,25.0,20.0,100,2500,150,655,552,103,0.1559546061928481,0.939587677992951,0.1559546061928481
0.01,0.9,0.45,25.0,20.0,100,2500,300,611,510,101,0.34081229708404537,1.2429800763861392,0.34081229708404537
0.01,0.9,0.45,25.0,20.0,200,750,150,644,545,99,-0.06535678169270395,0.1424166703593117,-0.06535678169270395
0.01,0.9,0.45,25.0,20.0,200,750,300,582,489,93,0.12504774197642227,-0.2321664726295936,-0.2321664726295936
0.01,0.9,0.45,25.0,20.0,200,1500,150,494,416,78,0.43212608293150756,0.37189382730216436,0.37189382730216436
0.01,0.9,0.45,25.0,20.0,200,1500,300,447,374,73,0.42955804769595507,1.1409923577925667,0.42955804769595507
0.01,0.9,0.45,25.0,20.0,200,2500,150,448,375,73,0.5244961687573154,0.5275732783376232,0.5244961687573154
0.01,0.9,0.45,25.0,20.0,200,2500,300,395,330,65,0.6119437845010787,0.7519723355966553,0.6119437845010787
0.01,0.9,0.45,25.0,20.0,400,750,150,629,536,93,0.17958498191872532,-1.2770238530990363,-1.2770238530990363
0.01,0.9,0.45,25.0,20.0,400,750,300,483,410,73,0.21004112785787368,-0.8683806153997342,-0.8683806153997342
0.01,0.9,0.45,25.0,20.0,400,1500,150,458,389,69,-0.12379120498918561,-1.817184724088585,-1.817184724088585
0.01,0.9,0.45,25.0,20.0,400,1500,300,357,301,56,-0.28252228384634526,-1.2637449920091852,-1.2637449920091852
0.01,0.9,0.45,25.0,20.0,400,2500,150,388,329,59,0.09529106522538142,-0.3364427217819378,-0.3364427217819378
0.01,0.9,0.45,25.0,20.0,400,2500,300,298,247,51,0.21564314471140175,-0.04428191342441277,-0.04428191342441277
0.01,0.9,0.45,25.0,20.0,500,750,150,660,565,95,-0.6981559147364869,-2.1717105453054524,-2.1717105453054524
0.01,0.9,0.45,25.0,20.0,500,750,300,482,409,73,-0.3444419128150451,-1.8809295635693337,-1.8809295635693337
0.01,0.9,0.45,25.0,20.0,500,1500,150,476,404,72,-0.13081057659972353,-1.0343459712361196,-1.0343459712361196
0.01,0.9,0.45,25.0,20.0,500,1500,300,345,292,53,0.3363487107294935,-0.9546702974471334,-0.9546702974471334
0.01,0.9,0.45,25.0,20.0,500,2500,150,399,339,60,-0.19984225869238556,-0.5992379572009299,-0.5992379572009299
0.01,0.9,0.45,25.0,20.0,500,2500,300,286,239,47,0.3952627056658882,0.09908643447563034,0.09908643447563034
0.01,0.9,0.45,30.0,6.0,100,750,150,979,825,154,0.36796658472227767,-0.44786986607392,-0.44786986607392
0.01,0.9,0.45,30.0,6.0,100,750,300,940,789,151,0.36535732692467643,0.011024459580388727,0.011024459580388727
0.01,0.9,0.45,30.0,6.0,100,1500,150,826,691,135,-0.04649563759406245,0.25194251389609373,-0.04649563759406245
0.01,0.9,0.45,30.0,6.0,100,1500,300,779,646,133,0.09710919027642706,0.3889655194965306,0.09710919027642706
0.01,0.9,0.45,30.0,6.0,100,2500,150,771,651,120,0.22268968698117503,0.5374203489089848,0.22268968698117503
0.01,0.9,0.45,30.0,6.0,100,2500,300,726,609,117,0.3296571932954303,1.130619497129974,0.3296571932954303
0.01,0.9,0.45,30.0,6.0,200,750,150,799,678,121,-0.11336441201458079,0.3285628248747278,-0.11336441201458079
0.01,0.9,0.45,30.0,6.0,200,750,300,736,622,114,0.06250404517878413,0.10038818199275215,0.06250404517878413
0.01,0.9,0.45,30.0,6.0,200,1500,150,624,529,95,0.4708128746390653,0.23866660338172835,0.23866660338172835
0.01,0.9,0.45,30.0,6.0,200,1500,300,570,481,89,0.5028400923379929,0.9657090546952671,0.5028400923379929
0.01,0.9,0.45,30.0,6.0,200,2500,150,567,475,92,0.7573909417553425,0.3734082684110348,0.3734082684110348
0.01,0.9,0.45,30.0,6.0,200,2500,300,515,431,84,0.7043304111831409,0.5420296597585691,0.5420296597585691
0.01,0.9,0.45,30.0,6.0,400,750,150,813,684,129,-0.01736111867056169,-1.1952833490677328,-1.1952833490677328
0.01,0.9,0.45,30.0,6.0,400,750,300,677,568,109,-0.04908874983157599,-1.6059239763580087,-1.6059239763580087
0.01,0.9,0.45,30.0,6.0,400,1500,150,591,498,93,-0.1488667218196218,-1.6133643842934657,-1.6133643842934657
0.01,0.9,0.45,30.0,6.0,400,1500,300,500,418,82,-0.196302854973996,-1.3663596504544868,-1.3663596504544868
0.01,0.9,0.45,30.0,6.0,400,2500,150,503,420,83,0.1736227793440508,-0.5458997944756007,-0.5458997944756007
0.01,0.9,0.45,30.0,6.0,400,2500,300,418,344,74,0.20452543926490727,-0.29080553391358266,-0.29080553391358266
0.01,0.9,0.45,30.0,6.0,500,750,150,847,715,132,-0.5915899524479284,-2.027710297903096,-2.027710297903096
0.01,0.9,0.45,30.0,6.0,500,750,300,666,560,106,-0.14099745294177513,-1.4463696783267512,-1.4463696783267512
0.01,0.9,0.45,30.0,6.0,500,1500,150,618,516,102,-0.22160191953480066,-1.7488510519393368,-1.7488510519393368
0.01,0.9,0.45,30.0,6.0,500,1500,300,505,420,85,0.14944963865974192,-0.9056388569654047,-0.9056388569654047
0.01,0.9,0.45,30.0,6.0,500,2500,150,535,453,82,-0.4383765487488919,-0.21020803721559533,-0.4383765487488919
0.01,0.9,0.45,30.0,6.0,500,2500,300,419,350,69,0.13535583099706366,-0.22032921536739417,-0.22032921536739417
0.01,0.9,0.45,30.0,10.0,100,750,150,902,763,139,0.5175592879390125,-0.9096073519006425,-0.9096073519006425
0.01,0.9,0.45,30.0,10.0,100,750,300,864,728,136,0.4564540629019013,-0.6413408866113169,-0.6413408866113169
0.01,0.9,0.45,30.0,10.0,100,1500,150,764,642,122,0.0246017587360803,0.21557555945230628,0.0246017587360803
0.01,0.9,0.45,30.0,10.0,100,1500,300,718,598,120,0.16220069931550068,0.2801748419778776,0.16220069931550068
0.01,0.9,0.45,30.0,10.0,100,2500,150,713,601,112,0.18552274156646847,0.16615651547539692,0.16615651547539692
0.01,0.9,0.45,30.0,10.0,100,2500,300,666,557,109,0.3434643698783438,0.7588235195456479,0.3434643698783438
0.01,0.9,0.45,30.0,10.0,200,750,150,707,599,108,0.03714230061862113,0.26489790611377306,0.03714230061862113
0.01,0.9,0.45,30.0,10.0,200,750,300,642,542,100,0.19845915253426655,0.1396158495949238,0.1396158495949238
0.01,0.9,0.45,30.0,10.0,200,1500,150,533,451,82,0.5831016513029755,0.9531388345132801,0.5831016513029755
0.01,0.9,0.45,30.0,10.0,200,1500,300,484,408,76,0.5216187121622764,1.3463775673272653,0.5216187121622764
0.01,0.9,0.45,30.0,10.0,200,2500,150,494,415,79,0.7752710931381606,0.6678965111563758,0.6678965111563758
0.01,0.9,0.45,30.0,10.0,200,2500,300,437,366,71,0.6972106950566839,0.7326072050105651,0.6972106950566839
0.01,0.9,0.45,30.0,10.0,400,750,150,711,601,110,0.13061483494461895,-0.5811206300154391,-0.5811206300154391
0.01,0.9,0.45,30.0,10.0,400,750,300,559,470,89,0.3472051802617419,-0.28720511957217343,-0.28720511957217343
0.01,0.9,0.45,30.0,10.0,400,1500,150,510,429,81,0.11696263386381159,-1.563543636938691,-1.563543636938691
0.01,0.9,0.45,30.0,10.0,400,1500,300,408,341,67,-0.07859753142499876,-0.9855370615506907,-0.9855370615506907
0.01,0.9,0.45,30.0,10.0,400,2500,150,437,370,67,0.32358478387700945,-0.38346579073387926,-0.38346579073387926
0.01,0.9,0.45,30.0,10.0,400,2500,300,349,290,59,0.32908362415915726,-0.14622872175809626,-0.14622872175809626
0.01,0.9,0.45,30.0,10.0,500,750,150,739,627,112,-0.6138461830572216,-2.089960952483984,-2.089960952483984
0.01,0.9,0.45,30.0,10.0,500,750,300,549,465,84,-0.05687105482110638,-1.0991567529622623,-1.0991567529622623
0.01,0.9,0.45,30.0,10.0,500,1500,150,535,449,86,0.053753681027620466,-1.1160809997172347,-1.1160809997172347
0.01,0.9,0.45,30.0,10.0,500,1500,300,407,341,66,0.4097613246048241,-1.1096425704590143,-1.1096425704590143
0.01,0.9,0.45,30.0,10.0,500,2500,150,452,383,69,-0.2520483040252472,0.05901448247122339,-0.2520483040252472
0.01,0.9,0.45,30.0,10.0,500,2500,300,343,286,57,0.16316670952217324,0.2391259267409366,0.16316670952217324
0.01,0.9,0.45,30.0,15.0,100,750,150,885,749,136,0.6692996563834319,-0.7825134445484706,-0.7825134445484706
0.01,0.9,0.45,30.0,15.0,100,750,300,842,710,132,0.5264078840743361,-0.36170363602050504,-0.36170363602050504
0.01,0.9,0.45,30.0,15.0,100,1500,150,750,631,119,0.32028288712098735,-0.09183541428486298,-0.09183541428486298
0.01,0.9,0.45,30.0,15.0,100,1500,300,697,581,116,0.422181373305217,-0.13368934402460766,-0.13368934402460766
0.01,0.9,0.45,30.0,15.0,100,2500,150,693,584,109,0.23879251053588008,0.3470878818031205,0.23879251053588008
0.01,0.9,0.45,30.0,15.0,100,2500,300,644,538,106,0.3381794162484076,1.0998186940046573,0.3381794162484076
0.01,0.9,0.45,30.0,15.0,200,750,150,689,582,107,-0.022052872817846673,0.010468521199637534,-0.022052872817846673
0.01,0.9,0.45,30.0,15.0,200,750,300,615,516,99,0.17516006434798034,-0.07953430198782502,-0.07953430198782502
0.01,0.9,0.45,30.0,15.0,200,1500,150,523,442,81,0.6333040938800871,0.8197545377112141,0.6333040938800871
0.01,0.9,0.45,30.0,15.0,200,1500,300,468,392,76,0.5776161071273437,1.3288606133527456,0.5776161071273437
0.01,0.9,0.45,30.0,15.0,200,2500,150,481,406,75,0.7948796985220186,0.5606509702840633,0.5606509702840633
0.01,0.9,0.45,30.0,15.0,200,2500,300,423,355,68,0.7222212816256344,0.7343476557828312,0.7222212816256344
0.01,0.9,0.45,30.0,15.0,400,750,150,668,569,99,0.1354537354066247,-0.451859279615546,-0.451859279615546
0.01,0.9,0.45,30.0,15.0,400,750,300,514,434,80,0.2668532750836472,-0.2138032358836856,-0.2138032358836856
0.01,0.9,0.45,30.0,15.0,400,1500,150,486,411,75,0.011211708141475998,-1.0894446880430941,-1.0894446880430941
0.01,0.9,0.45,30.0,15.0,400,1500,300,381,321,60,-0.26910715038628374,-0.6713401807110225,-0.6713401807110225
0.01,0.9,0.45,30.0,15.0,400,2500,150,416,354,62,0.2613682337122869,0.011301661248887583,0.011301661248887583
0.01,0.9,0.45,30.0,15.0,400,2500,300,320,267,53,0.2705373633026209,0.16883917195408954,0.16883917195408954
0.01,0.9,0.45,30.0,15.0,500,750,150,699,595,104,-0.6170589303458662,-1.6022424689568895,-1.6022424689568895
0.01,0.9,0.45,30.0,15.0,500,750,300,503,426,77,-0.16570541612505515,-1.276103699624797,-1.276103699624797
0.01,0.9,0.45,30.0,15.0,500,1500,150,505,426,79,0.08087612138203862,-0.8312198388299729,-0.8312198388299729
0.01,0.9,0.45,30.0,15.0,500,1500,300,374,315,59,0.24410394194882848,-0.7891064410820502,-0.7891064410820502
0.01,0.9,0.45,30.0,15.0,500,2500,150,423,357,66,-0.31748786965721676,-0.1643360950359385,-0.31748786965721676
0.01,0.9,0.45,30.0,15.0,500,2500,300,307,255,52,0.2853657625293376,0.2673831196977681,0.2673831196977681
0.01,0.9,0.45,30.0,20.0,100,750,150,883,748,135,0.6184828462116544,-0.7841154604980171,-0.7841154604980171
0.01,0.9,0.45,30.0,20.0,100,750,300,837,707,130,0.4766665612391036,-0.2628208102773444,-0.2628208102773444
0.01,0.9,0.45,30.0,20.0,100,1500,150,746,629,117,0.264614682016271,0.050460418904946285,0.050460418904946285
0.01,0.9,0.45,30.0,20.0,100,1500,300,692,578,114,0.3132789720619095,-0.1560111494190836,-0.1560111494190836
0.01,0.9,0.45,30.0,20.0,100,2500,150,690,582,108,0.12548889052342596,0.5440366613278964,0.12548889052342596
0.01,0.9,0.45,30.0,20.0,100,2500,300,642,537,105,0.29240611309624104,1.0835490465078437,0.29240611309624104
0.01,0.9,0.45,30.0,20.0,200,750,150,683,579,104,-0.01817830675570501,0.2858057576934756,-0.01817830675570501
0.01,0.9,0.45,30.0,20.0,200,750,300,611,514,97,0.1576787010973764,-0.04331121535062062,-0.04331121535062062
0.01,0.9,0.45,30.0,20.0,200,1500,150,519,439,80,0.5356893685677627,0.5504903275989091,0.5356893685677627
0.01,0.9,0.45,30.0,20.0,200,1500,300,463,389,74,0.508978536358785,1.1577563703819531,0.508978536358785
0.01,0.9,0.45,30.0,20.0,200,2500,150,474,400,74,0.7822415795761145,0.48863000438691345,0.48863000438691345
0.01,0.9,0.45,30.0,20.0,200,2500,300,416,349,67,0.6916087410016983,0.6786218463577134,0.6786218463577134
0.01,0.9,0.45,30.0,20.0,400,750,150,667,568,99,0.11163835977194117,-0.7332773758946808,-0.7332773758946808
0.01,0.9,0.45,30.0,20.0,400,750,300,508,430,78,0.2497521273299913,-0.4584805973880123,-0.4584805973880123
0.01,0.9,0.45,30.0,20.0,400,1500,150,481,408,73,0.045368129011451534,-1.239544603490552,-1.239544603490552
0.01,0.9,0.45,30.0,20.0,400,1500,300,371,313,58,-0.21387264967897013,-0.8124301498175934,-0.8124301498175934
0.01,0.9,0.45,30.0,20.0,400,2500,150,410,348,62,0.2964863857353534,-0.20147216158847503,-0.20147216158847503
0.01,0.9,0.45,30.0,20.0,400,2500,300,313,260,53,0.25977814040539393,-0.054328909628620935,-0.054328909628620935
0.01,0.9,0.45,30.0,20.0,500,750,150,693,589,104,-0.6701227381600376,-1.8096572252361163,-1.8096572252361163
0.01,0.9,0.45,30.0,20.0,500,750,300,495,418,77,-0.2885061819548068,-1.446510854471368,-1.446510854471368
0.01,0.9,0.45,30.0,20.0,500,1500,150,502,423,79,0.041373645764878744,-1.0711643982215522,-1.0711643982215522
0.01,0.9,0.45,30.0,20.0,500,1500,300,362,303,59,0.43291096119232914,-0.7958077923454416,-0.7958077923454416
0.01,0.9,0.45,30.0,20.0,500,2500,150,416,351,65,-0.29998610014091237,-0.7026474723280205,-0.7026474723280205
0.01,0.9,0.45,30.0,20.0,500,2500,300,298,248,50,0.29951937035121784,0.16674961562683643,0.16674961562683643
0.01,0.9,0.45,35.0,6.0,100,750,150,1019,856,163,0.42898259329834837,-1.0180860278391628,-1.0180860278391628
0.01,0.9,0.45,35.0,6.0,100,750,300,977,817,160,0.4357440936648211,-0.4651047110914175,-0.4651047110914175
0.01,0.9,0.45,35.0,6.0,100,1500,150,866,725,141,0.07748411804848986,-0.16818904528924977,-0.16818904528924977
0.01,0.9,0.45,35.0,6.0,100,1500,300,815,676,139,0.14788581958511127,0.019879353855600863,0.019879353855600863
0.01,0.9,0.45,35.0,6.0,100,2500,150,802,674,128,0.2108161269955741,0.2149122550583726,0.2108161269955741
0.01,0.9,0.45,35.0,6.0,100,2500,300,753,628,125,0.4190427531136887,0.9725468867633664,0.4190427531136887
0.01,0.9,0.45,35.0,6.0,200,750,150,835,710,125,-0.0336125071287545,0.05436619671617179,-0.0336125071287545
0.01,0.9,0.45,35.0,6.0,200,750,300,765,646,119,0.06463317093519338,-0.18383412492303375,-0.18383412492303375
0.01,0.9,0.45,35.0,6.0,200,1500,150,654,553,101,0.44707186315567077,-0.022555844832273644,-0.022555844832273644
0.01,0.9,0.45,35.0,6.0,200,1500,300,597,502,95,0.5214012712721858,0.8859643893533431,0.5214012712721858
0.01,0.9,0.45,35.0,6.0,200,2500,150,597,500,97,0.6145556751414333,0.23661453584364942,0.23661453584364942
0.01,0.9,0.45,35.0,6.0,200,2500,300,537,448,89,0.6623265879413851,0.2311277036068569,0.2311277036068569
0.01,0.9,0.45,35.0,6.0,400,750,150,865,725,140,0.016774262551517954,-1.0345804363337687,-1.0345804363337687
0.01,0.9,0.45,35.0,6.0,400,750,300,707,595,112,0.019792371065626712,-0.8295161891503262,-0.8295161891503262
0.01,0.9,0.45,35.0,6.0,400,1500,150,625,523,102,-0.15624193801181185,-1.428225924644248,-1.428225924644248
0.01,0.9,0.45,35.0,6.0,400,1500,300,526,438,88,-0.12042513916418268,-0.8466906677005587,-0.8466906677005587
0.01,0.9,0.45,35.0,6.0,400,2500,150,531,442,89,0.18280552709888498,-0.5944983718423617,-0.5944983718423617
0.01,0.9,0.45,35.0,6.0,400,2500,300,441,363,78,0.23338416397394748,-0.17350006095431864,-0.17350006095431864
0.01,0.9,0.45,35.0,6.0,500,750,150,889,749,140,-0.5860060165190777,-2.0600316946338415,-2.0600316946338415
0.01,0.9,0.45,35.0,6.0,500,750,300,690,577,113,-0.020019599039011196,-1.5935894829520039,-1.5935894829520039
0.01,0.9,0.45,35.0,6.0,500,1500,150,650,544,106,-0.33107676966375854,-1.6404168201832532,-1.6404168201832532
0.01,0.9,0.45,35.0,6.0,500,1500,300,526,438,88,0.13329394191067923,-0.7464034872125556,-0.7464034872125556
0.01,0.9,0.45,35.0,6.0,500,2500,150,546,460,86,-0.5332766580706252,-1.1995079553649912,-1.1995079553649912
0.01,0.9,0.45,35.0,6.0,500,2500,300,425,352,73,0.038913108038483385,-0.7319462274533511,-0.7319462274533511
0.01,0.9,0.45,35.0,10.0,100,750,150,932,786,146,0.47471142477165756,-1.2758266722241536,-1.2758266722241536
0.01,0.9,0.45,35.0,10.0,100,750,300,891,748,143,0.4933997033796639,-0.927441714135045,-0.927441714135045
0.01,0.9,0.45,35.0,10.0,100,1500,150,799,673,126,0.18224137518271635,0.03891681122429081,0.03891681122429081
0.01,0.9,0.45,35.0,10.0,100,1500,300,750,626,124,0.20490655547622694,0.16917194525637902,0.16917194525637902
0.01,0.9,0.45,35.0,10.0,100,2500,150,736,618,118,0.24977880192249782,0.19158222964021232,0.19158222964021232
0.01,0.9,0.45,35.0,10.0,100,2500,300,686,571,115,0.4550426963021976,0.8024515529951537,0.4550426963021976
0.01,0.9,0.45,35.0,10.0,200,750,150,737,628,109,0.08421669919116175,0.34398371989389565,0.08421669919116175
0.01,0.9,0.45,35.0,10.0,200,750,300,665,563,102,0.18890514738438963,0.24274894968003816,0.18890514738438963
0.01,0.9,0.45,35.0,10.0,200,1500,150,559,473,86,0.5639331845270792,0.42570318132963797,0.42570318132963797
0.01,0.9,0.45,35.0,10.0,200,1500,300,502,422,80,0.5226230837150027,1.126987995367537,0.5226230837150027
0.01,0.9,0.45,35.0,10.0,200,2500,150,518,436,82,0.6899121256347911,0.4053994232854121,0.4053994232854121
0.01,0.9,0.45,35.0,10.0,200,2500,300,455,380,75,0.6436933505049751,0.3701380551242223,0.3701380551242223
0.01,0.9,0.45,35.0,10.0,400,750,150,747,629,118,0.21391771978009325,-0.37889995024262235,-0.37889995024262235
0.01,0.9,0.45,35.0,10.0,400,750,300,581,487,94,0.3884983564879652,0.06954462471799587,0.06954462471799587
0.01,0.9,0.45,35.0,10.0,400,1500,150,536,451,85,0.18558311095777574,-1.2713334271473669,-1.2713334271473669
0.01,0.9,0.45,35.0,10.0,400,1500,300,427,357,70,-0.08591807439321629,-0.46516605406672074,-0.46516605406672074
0.01,0.9,0.45,35.0,10.0,400,2500,150,456,383,73,0.37276313497471913,-0.5980601135985589,-0.5980601135985589
0.01,0.9,0.45,35.0,10.0,400,2500,300,362,299,63,0.2401650548624613,-0.18568387034718803,-0.18568387034718803
0.01,0.9,0.45,35.0,10.0,500,750,150,771,652,119,-0.5660449267045476,-1.9704638257115434,-1.9704638257115434
0.01,0.9,0.45,35.0,10.0,500,750,300,569,480,89,-0.004659519687880005,-1.351332827010022,-1.351332827010022
0.01,0.9,0.45,35.0,10.0,500,1500,150,557,467,90,-0.15494479440607722,-1.2685983903107125,-1.2685983903107125
0.01,0.9,0.45,35.0,10.0,500,1500,300,423,355,68,0.24741743382996134,-0.8856910951133699,-0.8856910951133699
0.01,0.9,0.45,35.0,10.0,500,2500,150,463,393,70,-0.3725789781830245,-0.762768858674298,-0.762768858674298
0.01,0.9,0.45,35.0,10.0,500,2500,300,348,290,58,0.08215808406470822,-0.08839925331556393,-0.08839925331556393
0.01,0.9,0.45,35.0,15.0,100,750,150,915,776,139,0.6271516959893594,-1.0638638304556784,-1.0638638304556784
0.01,0.9,0.45,35.0,15.0,100,750,300,867,733,134,0.5637509500194481,-0.4738623772744913,-0.4738623772744913
0.01,0.9,0.45,35.0,15.0,100,1500,150,782,661,121,0.4154878496355243,-0.20208843069195578,-0.20208843069195578
0.01,0.9,0.45,35.0,15.0,100,1500,300,727,609,118,0.43196242801141543,-0.06586661327918347,-0.06586661327918347
0.01,0.9,0.45,35.0,15.0,100,2500,150,715,602,113,0.2694495618700427,0.2960992244102831,0.2694495618700427
0.01,0.9,0.45,35.0,15.0,100,2500,300,664,554,110,0.46645568702347967,1.150240642829981,0.46645568702347967
0.01,0.9,0.45,35.0,15.0,200,750,150,714,606,108,0.07796586932934686,0.055066262133505274,0.055066262133505274
0.01,0.9,0.45,35.0,15.0,200,750,300,633,532,101,0.1876706623597557,-0.05303277813725072,-0.05303277813725072
0.01,0.9,0.45,35.0,15.0,200,1500,150,542,458,84,0.5883483561637607,0.5951973696598959,0.5883483561637607
0.01,0.9,0.45,35.0,15.0,200,1500,300,481,402,79,0.5911482153784303,1.2775736116182208,0.5911482153784303
0.01,0.9,0.45,35.0,15.0,200,2500,150,500,423,77,0.7048570011468425,0.42391704162288935,0.42391704162288935
0.01,0.9,0.45,35.0,15.0,200,2500,300,436,365,71,0.6907945869370019,0.49777645052651676,0.49777645052651676
0.01,0.9,0.45,35.0,15.0,400,750,150,701,595,106,0.16664016357313913,-0.28971251211757,-0.28971251211757
0.01,0.9,0.45,35.0,15.0,400,750,300,530,447,83,0.32878103907640793,-0.06385675564419695,-0.06385675564419695
0.01,0.9,0.45,35.0,15.0,400,1500,150,510,428,82,-0.013239560276432812,-1.0204678759325416,-1.0204678759325416
0.01,0.9,0.45,35.0,15.0,400,1500,300,392,330,62,-0.27713834538580706,-0.5209342842344615,-0.5209342842344615
0.01,0.9,0.45,35.0,15.0,400,2500,150,430,364,66,0.2914543842414921,-0.25491838975713427,-0.25491838975713427
0.01,0.9,0.45,35.0,15.0,400,2500,300,327,273,54,0.23170384679435613,0.0683195191688263,0.0683195191688263
0.01,0.9,0.45,35.0,15.0,500,750,150,724,614,110,-0.6671108670111545,-1.7396706507613422,-1.7396706507613422
0.01,0.9,0.45,35.0,15.0,500,750,300,516,437,79,-0.15316573937541234,-1.3980805476378406,-1.3980805476378406
0.01,0.9,0.45,35.0,15.0,500,1500,150,523,441,82,-0.035336731168728146,-0.8182196441081414,-0.8182196441081414
0.01,0.9,0.45,35.0,15.0,500,1500,300,382,322,60,0.21901404413583725,-0.5848632657404359,-0.5848632657404359
0.01,0.9,0.45,35.0,15.0,500,2500,150,430,364,66,-0.28123890276159247,-0.5129698072582721,-0.5129698072582721
0.01,0.9,0.45,35.0,15.0,500,2500,300,309,257,52,0.2721640592190007,0.20155397462309632,0.20155397462309632
0.01,0.9,0.45,35.0,20.0,100,750,150,914,775,139,0.5464438337339481,-1.1939112052757779,-1.1939112052757779
0.01,0.9,0.45,35.0,20.0,100,750,300,864,730,134,0.4926986502444891,-0.5927575640588869,-0.5927575640588869
0.01,0.9,0.45,35.0,20.0,100,1500,150,779,659,120,0.33907763884526193,-0.14079286709411865,-0.14079286709411865
0.01,0.9,0.45,35.0,20.0,100,1500,300,722,605,117,0.31173687565929803,-0.26615578851628846,-0.26615578851628846
0.01,0.9,0.45,35.0,20.0,100,2500,150,712,599,113,0.16499448765360616,0.36482086768922106,0.16499448765360616
0.01,0.9,0.45,35.0,20.0,100,2500,300,661,551,110,0.42371564207097084,1.0506784667076723,0.42371564207097084
0.01,0.9,0.45,35.0,20.0,200,750,150,707,602,105,0.0379187691535081,0.3385352609617135,0.0379187691535081
0.01,0.9,0.45,35.0,20.0,200,750,300,626,527,99,0.17771020233079687,-0.027185979543234498,-0.027185979543234498
0.01,0.9,0.45,35.0,20.0,200,1500,150,536,453,83,0.500481198696756,0.3316713163232726,0.3316713163232726
0.01,0.9,0.45,35.0,20.0,200,1500,300,474,397,77,0.5321221472297077,1.1035460107662902,0.5321221472297077
0.01,0.9,0.45,35.0,20.0,200,2500,150,491,415,76,0.6947574195796238,0.35534398161566966,0.35534398161566966
0.01,0.9,0.45,35.0,20.0,200,2500,300,426,357,69,0.6672076290703827,0.40771656001706863,0.40771656001706863
0.01,0.9,0.45,35.0,20.0,400,750,150,694,589,105,0.19729643481100603,-0.3962791846058805,-0.3962791846058805
0.01,0.9,0.45,35.0,20.0,400,750,300,519,439,80,0.32465491342018665,-0.17682724828158025,-0.17682724828158025
0.01,0.9,0.45,35.0,20.0,400,1500,150,501,421,80,0.029391501882302766,-1.0701317188607997,-1.0701317188607997
0.01,0.9,0.45,35.0,20.0,400,1500,300,382,321,61,-0.19233595702247583,-0.7275148827256778,-0.7275148827256778
0.01,0.9,0.45,35.0,20.0,400,2500,150,421,356,65,0.3304238112102364,-0.2847884048645939,-0.2847884048645939
0.01,0.9,0.45,35.0,20.0,400,2500,300,317,264,53,0.24705227934193622,-0.032152701915020086,-0.032152701915020086
0.01,0.9,0.45,35.0,20.0,500,750,150,719,610,109,-0.7615740428846787,-1.8952454530661176,-1.8952454530661176
0.01,0.9,0.45,35.0,20.0,500,750,300,509,430,79,-0.29043914263194603,-1.6241585236518459,-1.6241585236518459
0.01,0.9,0.45,35.0,20.0,500,1500,150,519,437,82,-0.1218037826956595,-1.0641926673516713,-1.0641926673516713
0.01,0.9,0.45,35.0,20.0,500,1500,300,373,313,60,0.29912803010210404,-0.5770319709886119,-0.5770319709886119
0.01,0.9,0.45,35.0,20.0,500,2500,150,422,357,65,-0.36703132531391663,-1.0763933885358221,-1.0763933885358221
0.01,0.9,0.45,35.0,20.0,500,2500,300,300,250,50,0.24204976241715417,-0.02919087528978705,-0.02919087528978705
0.08,0.7,0.45,15.0,6.0,100,750,150,932,790,142,-0.057115830754406655,-0.5254553501367834,-0.5254553501367834
0.08,0.7,0.45,15.0,6.0,100,750,300,902,762,140,0.1438520128971946,-0.4203983944953712,-0.4203983944953712
0.08,0.7,0.45,15.0,6.0,100,1500,150,901,760,141,-0.2877284060863826,0.6726736477903125,-0.2877284060863826
0.08,0.7,0.45,15.0,6.0,100,1500,300,869,730,139,-0.1673226988792058,0.5621622888873937,-0.1673226988792058
0.08,0.7,0.45,15.0,6.0,100,2500,150,892,752,140,-0.24990646317215615,0.6192421259763031,-0.24990646317215615
0.08,0.7,0.45,15.0,6.0,100,2500,300,857,719,138,-0.07238028555578796,0.3630316638942196,-0.07238028555578796
0.08,0.7,0.45,15.0,6.0,200,750,150,750,635,115,-0.16862390820889878,-0.26532124801845064,-0.26532124801845064
0.08,0.7,0.45,15.0,6.0,200,750,300,693,583,110,0.08801955821576916,0.4453059458377838,0.08801955821576916
0.08,0.7,0.45,15.0,6.0,200,1500,150,733,616,117,-0.18843088488575493,0.5681533011207467,-0.18843088488575493
0.08,0.7,0.45,15.0,6.0,200,1500,300,668,559,109,0.19378452026461385,0.6494622990190274,0.19378452026461385
0.08,0.7,0.45,15.0,6.0,200,2500,150,723,609,114,-0.34518761263956044,0.2876852320610571,-0.34518761263956044
0.08,0.7,0.45,15.0,6.0,200,2500,300,656,549,107,0.17530590818028113,0.5343481270151557,0.17530590818028113
0.08,0.7,0.45,15.0,6.0,400,750,150,714,602,112,-0.33248720274926385,-0.9931043294091083,-0.9931043294091083
0.08,0.7,0.45,15.0,6.0,400,750,300,619,523,96,0.04842242185444742,-0.4690891651615442,-0.4690891651615442
0.08,0.7,0.45,15.0,6.0,400,1500,150,664,563,101,0.36360069818166973,-0.8138785849781751,-0.8138785849781751
0.08,0.7,0.45,15.0,6.0,400,1500,300,555,468,87,0.5009348866191026,-0.29653610012469056,-0.29653610012469056
0.08,0.7,0.45,15.0,6.0,400,2500,150,624,532,92,0.04178163206975383,-1.3843486895075774,-1.3843486895075774
0.08,0.7,0.45,15.0,6.0,400,2500,300,521,446,75,0.20941307050250696,-0.49984883222924376,-0.49984883222924376
0.08,0.7,0.45,15.0,6.0,500,750,150,722,616,106,0.0328380158071997,-1.5181013183499943,-1.5181013183499943
0.08,0.7,0.45,15.0,6.0,500,750,300,608,519,89,0.19468715380746998,-0.8622729695090515,-0.8622729695090515
0.08,0.7,0.45,15.0,6.0,500,1500,150,667,564,103,-0.044564946835994525,-1.3298600617500345,-1.3298600617500345
0.08,0.7,0.45,15.0,6.0,500,1500,300,551,466,85,0.21209718897044874,-0.16511388662564438,-0.16511388662564438
0.08,0.7,0.45,15.0,6.0,500,2500,150,621,516,105,-0.4413613268257251,-1.0072131752478617,-1.0072131752478617
0.08,0.7,0.45,15.0,6.0,500,2500,300,516,432,84,0.10778126082847203,0.08795029840540332,0.08795029840540332
0.08,0.7,0.45,15.0,10.0,100,750,150,901,766,135,0.3411837214957689,0.5715861887868994,0.3411837214957689
0.08,0.7,0.45,15.0,10.0,100,750,300,864,731,133,0.5285932843003774,0.4870407945167405,0.4870407945167405
0.08,0.7,0.45,15.0,10.0,100,1500,150,872,737,135,0.003030807114918081,1.3900186723585708,0.003030807114918081
0.08,0.7,0.45,15.0,10.0,100,1500,300,831,698,133,0.16444640175095224,1.1937050958146773,0.16444640175095224
0.08,0.7,0.45,15.0,10.0,100,2500,150,861,728,133,0.10277651388388925,1.5260938408135758,0.10277651388388925
0.08,0.7,0.45,15.0,10.0,100,2500,300,818,688,130,0.27770429671906743,1.2357739781042372,0.27770429671906743
0.08,0.7,0.45,15.0,10.0,200,750,150,715,606,109,0.09465835314492635,0.45641213331454833,0.09465835314492635
0.08,0.7,0.45,15.0,10.0,200,750,300,647,544,103,0.3453082198680876,0.7945824849369151,0.3453082198680876
0.08,0.7,0.45,15.0,10.0,200,1500,150,699,586,113,0.0835984192047975,1.4556391182944757,0.0835984192047975
0.08,0.7,0.45,15.0,10.0,200,1500,300,624,521,103,0.46705941820486546,1.261492233784613,0.46705941820486546
0.08,0.7,0.45,15.0,10.0,200,2500,150,684,574,110,-0.11737608847675603,1.28297792561248,-0.11737608847675603
0.08,0.7,0.45,15.0,10.0,200,2500,300,609,508,101,0.34331023045988235,1.2916701187940154,0.34331023045988235
0.08,0.7,0.45,15.0,10.0,400,750,150,672,569,103,-0.10408735566120556,-1.788142606717066,-1.788142606717066
0.08,0.7,0.45,15.0,10.0,400,750,300,546,462,84,0.3837247140333464,-0.3824881209734514,-0.3824881209734514
0.08,0.7,0.45,15.0,10.0,400,1500,150,613,523,90,0.20340760500678884,0.12308705552723052,0.12308705552723052
0.08,0.7,0.45,15.0,10.0,400,1500,300,492,416,76,0.37114878821626524,0.37863021905428634,0.37114878821626524
0.08,0.7,0.45,15.0,10.0,400,2500,150,579,496,83,0.03968409267978019,0.18099127447865482,0.03968409267978019
0.08,0.7,0.45,15.0,10.0,400,2500,300,446,380,66,0.3058920181115816,0.7166338619367282,0.3058920181115816
0.08,0.7,0.45,15.0,10.0,500,750,150,668,573,95,0.11460656686333531,-0.814945905609021,-0.814945905609021
0.08,0.7,0.45,15.0,10.0,500,750,300,526,449,77,0.4282455492135715,-1.2053861719298034,-1.2053861719298034
0.08,0.7,0.45,15.0,10.0,500,1500,150,615,525,90,-0.07755107096881382,0.3661220654330698,-0.07755107096881382
0.08,0.7,0.45,15.0,10.0,500,1500,300,485,411,74,0.32557471212320965,0.19839187427599933,0.19839187427599933
0.08,0.7,0.45,15.0,10.0,500,2500,150,572,481,91,-0.2185545872945325,0.6834553770448895,-0.2185545872945325
0.08,0.7,0.45,15.0,10.0,500,2500,300,442,369,73,0.2725683541754355,0.4399744560966795,0.2725683541754355
0.08,0.7,0.45,15.0,15.0,100,750,150,893,760,133,0.31954883951483015,0.671560852543772,0.31954883951483015
0.08,0.7,0.45,15.0,15.0,100,750,300,856,725,131,0.5001031664528702,0.7833270824033824,0.5001031664528702
0.08,0.7,0.45,15.0,15.0,100,1500,150,862,729,133,0.01285642139447133,1.2685184313647768,0.01285642139447133
0.08,0.7,0.45,15.0,15.0,100,1500,300,820,689,131,0.19433846074806616,1.0821678271076847,0.19433846074806616
0.08,0.7,0.45,15.0,15.0,100,2500,150,851,721,130,0.21264174573264888,1.5565482774016504,0.21264174573264888
0.08,0.7,0.45,15.0,15.0,100,2500,300,800,675,125,0.37508702943793515,1.3563250459044602,0.37508702943793515
0.08,0.7,0.45,15.0,15.0,200,750,150,705,597,108,0.16686005917207106,0.23613339777485484,0.16686005917207106
0.08,0.7,0.45,15.0,15.0,200,750,300,630,528,102,0.2815212692185047,0.7505954819170814,0.2815212692185047
0.08,0.7,0.45,15.0,15.0,200,1500,150,691,580,111,0.14104520862942962,1.6032527540332964,0.14104520862942962
0.08,0.7,0.45,15.0,15.0,200,1500,300,603,502,101,0.3829541385439647,1.6192272374085441,0.3829541385439647
0.08,0.7,0.45,15.0,15.0,200,2500,150,671,562,109,0.05710930656841896,1.513185400494692,0.05710930656841896
0.08,0.7,0.45,15.0,15.0,200,2500,300,587,487,100,0.2856469919416716,1.4376351492546962,0.2856469919416716
0.08,0.7,0.45,15.0,15.0,400,750,150,659,559,100,-0.20886672076348112,-1.6358099602836662,-1.6358099602836662
0.08,0.7,0.45,15.0,15.0,400,750,300,521,443,78,0.29264363569243096,0.036850903383163255,0.036850903383163255
0.08,0.7,0.45,15.0,15.0,400,1500,150,602,513,89,0.14914940018116696,0.3210145413437185,0.14914940018116696
0.08,0.7,0.45,15.0,15.0,400,1500,300,465,394,71,0.21702294023956925,0.8061535271341969,0.21702294023956925
0.08,0.7,0.45,15.0,15.0,400,2500,150,565,485,80,-0.07298172964032637,0.24934000088278435,-0.07298172964032637
0.08,0.7,0.45,15.0,15.0,400,2500,300,422,361,61,0.07739765663804073,1.0887565119366245,0.07739765663804073
0.08,0.7,0.45,15.0,15.0,500,750,150,653,560,93,0.1172220001457755,-0.6085972738549336,-0.6085972738549336
0.08,0.7,0.45,15.0,15.0,500,750,300,499,428,71,0.3740983264469527,-0.7366376528086126,-0.7366376528086126
0.08,0.7,0.45,15.0,15.0,500,1500,150,601,512,89,-0.10271362665682059,0.08287995173861998,-0.10271362665682059
0.08,0.7,0.45,15.0,15.0,500,1500,300,458,386,72,0.17156225204847905,0.24468765513000995,0.17156225204847905
0.08,0.7,0.45,15.0,15.0,500,2500,150,559,469,90,-0.09602557843541629,0.6127465960881145,-0.09602557843541629
0.08,0.7,0.45,15.0,15.0,500,2500,300,413,348,65,0.07015111422321832,0.5043611492690677,0.07015111422321832
0.08,0.7,0.45,15.0,20.0,100,750,150,893,760,133,0.2596877480674405,0.6027362425040281,0.2596877480674405
0.08,0.7,0.45,15.0,20.0,100,750,300,856,725,131,0.4578735059106481,0.7157445218724963,0.4578735059106481
0.08,0.7,0.45,15.0,20.0,100,1500,150,861,729,132,0.007018262700870985,1.1494170856653796,0.007018262700870985
0.08,0.7,0.45,15.0,20.0,100,1500,300,819,689,130,0.18844137776483572,0.9154437694386892,0.18844137776483572
0.08,0.7,0.45,15.0,20.0,100,2500,150,851,721,130,0.19851842521539642,1.4453911370650008,0.19851842521539642
0.08,0.7,0.45,15.0,20.0,100,2500,300,800,675,125,0.3886004381369152,1.2015690980788258,0.3886004381369152
0.08,0.7,0.45,15.0,20.0,200,750,150,702,595,107,0.13057872129941345,0.39559380032560854,0.13057872129941345
0.08,0.7,0.45,15.0,20.0,200,750,300,623,523,100,0.25008437032064174,0.715313010660518,0.25008437032064174
0.08,0.7,0.45,15.0,20.0,200,1500,150,689,579,110,0.13612791743858765,1.6128464503741324,0.13612791743858765
0.08,0.7,0.45,15.0,20.0,200,1500,300,595,495,100,0.5108806057064866,1.5288877172104165,0.5108806057064866
0.08,0.7,0.45,15.0,20.0,200,2500,150,667,560,107,-0.01808649500505127,1.581568327781269,-0.01808649500505127
0.08,0.7,0.45,15.0,20.0,200,2500,300,576,479,97,0.3069803094161235,1.3142792245824293,0.3069803094161235
0.08,0.7,0.45,15.0,20.0,400,750,150,657,558,99,-0.30000928775720215,-1.7441811098276792,-1.7441811098276792
0.08,0.7,0.45,15.0,20.0,400,750,300,514,437,77,0.12989495698940778,-0.0571311298649151,-0.0571311298649151
0.08,0.7,0.45,15.0,20.0,400,1500,150,599,510,89,0.0798501040577216,0.32096386449254244,0.0798501040577216
0.08,0.7,0.45,15.0,20.0,400,1500,300,456,387,69,0.1691821531456086,0.9779748733879369,0.1691821531456086
0.08,0.7,0.45,15.0,20.0,400,2500,150,561,482,79,-0.17419594407714836,0.22048367868298763,-0.17419594407714836
0.08,0.7,0.45,15.0,20.0,400,2500,300,414,354,60,-0.014522929099352957,1.0618992329075927,-0.014522929099352957
0.08,0.7,0.45,15.0,20.0,500,750,150,649,556,93,0.0795965907594414,-0.7753534756642739,-0.7753534756642739
0.08,0.7,0.45,15.0,20.0,500,750,300,489,419,70,0.4040795533529925,-1.0473601567035031,-1.0473601567035031
0.08,0.7,0.45,15.0,20.0,500,1500,150,596,508,88,-0.11585832828918592,0.04827958905877921,-0.11585832828918592
0.08,0.7,0.45,15.0,20.0,500,1500,300,447,378,69,0.10648921502088367,0.4441228513436993,0.10648921502088367
0.08,0.7,0.45,15.0,20.0,500,2500,150,558,468,90,-0.056583393934536215,0.32933335948744824,-0.056583393934536215
0.08,0.7,0.45,15.0,20.0,500,2500,300,403,339,64,0.1569635620757482,0.5142912229302804,0.1569635620757482
0.08,0.7,0.45,20.0,6.0,100,750,150,1441,1221,220,0.2765919857607766,0.5288080124111145,0.2765919857607766
0.08,0.7,0.45,20.0,6.0,100,750,300,1363,1147,216,0.31072534825565573,0.7596364910282379,0.31072534825565573
0.08,0.7,0.45,20.0,6.0,100,1500,150,1364,1154,210,0.049240693980361745,0.7467798835740946,0.049240693980361745
0.08,0.7,0.45,20.0,6.0,100,1500,300,1281,1075,206,0.1880370070432055,0.896373800017366,0.1880370070432055
0.08,0.7,0.45,20.0,6.0,100,2500,150,1334,1132,202,0.14441611142744257,0.9878324852269269,0.14441611142744257
0.08,0.7,0.45,20.0,6.0,100,2500,300,1235,1039,196,0.22909111238235466,1.0519757992788437,0.22909111238235466
0.08,0.7,0.45,20.0,6.0,200,750,150,1091,927,164,0.2819399749295794,0.605745987905467,0.2819399749295794
0.08,0.7,0.45,20.0,6.0,200,750,300,971,823,148,0.18965651199226807,0.9367717070869033,0.18965651199226807
0.08,0.7,0.45,20.0,6.0,200,1500,150,1046,891,155,0.3494255180877799,1.0712867139682176,0.3494255180877799
0.08,0.7,0.45,20.0,6.0,200,1500,300,916,778,138,0.5186857682554838,1.223808297002993,0.5186857682554838
0.08,0.7,0.45,20.0,6.0,200,2500,150,990,841,149,0.2426212295681939,0.4253132895767369,0.2426212295681939
0.08,0.7,0.45,20.0,6.0,200,2500,300,849,720,129,0.36098570226787347,1.0743375170745901,0.36098570226787347
0.08,0.7,0.45,20.0,6.0,400,750,150,1008,855,153,-0.07028669345296273,-0.35348463509721356,-0.35348463509721356
0.08,0.7,0.45,20.0,6.0,400,750,300,802,683,119,0.025587037906479346,-0.34337583310924685,-0.34337583310924685
0.08,0.7,0.45,20.0,6.0,400,1500,150,919,779,140,0.09832571873126866,0.08581967182391365,0.08581967182391365
0.08,0.7,0.45,20.0,6.0,400,1500,300,711,599,112,0.3982831647616052,0.6053252055080371,0.3982831647616052
0.08,0.7,0.45,20.0,6.0,400,2500,150,862,730,132,0.11548721731129775,0.7815789772942922,0.11548721731129775
0.08,0.7,0.45,20.0,6.0,400,2500,300,668,567,101,0.13939524632638148,0.9201786914865735,0.13939524632638148
0.08,0.7,0.45,20.0,6.0,500,750,150,1011,863,148,0.06924343894269347,-0.5049784564037149,-0.5049784564037149
0.08,0.7,0.45,20.0,6.0,500,750,300,779,664,115,0.31464245236639327,-1.6970269812467702,-1.6970269812467702
0.08,0.7,0.45,20.0,6.0,500,1500,150,923,782,141,-0.2477563666153634,-0.6587026153742671,-0.6587026153742671
0.08,0.7,0.45,20.0,6.0,500,1500,300,714,603,111,0.054532794794980875,-0.16040733861970888,-0.16040733861970888
0.08,0.7,0.45,20.0,6.0,500,2500,150,840,706,134,-0.08292649523183138,-0.11269944333665605,-0.11269944333665605
0.08,0.7,0.45,20.0,6.0,500,2500,300,634,527,107,0.04115690505078051,0.12235032686210282,0.04115690505078051
0.08,0.7,0.45,20.0,10.0,100,750,150,1362,1160,202,0.4724903727270761,0.8881650551474403,0.4724903727270761
0.08,0.7,0.45,20.0,10.0,100,750,300,1279,1082,197,0.47513889060383413,0.8297546446389091,0.47513889060383413
0.08,0.7,0.45,20.0,10.0,100,1500,150,1296,1099,197,0.2043941920561571,0.853418430193671,0.2043941920561571
0.08,0.7,0.45,20.0,10.0,100,1500,300,1206,1014,192,0.23239489686610512,0.7962057999287169,0.23239489686610512
0.08,0.7,0.45,20.0,10.0,100,2500,150,1263,1077,186,0.23459785574534983,1.2855684448625584,0.23459785574534983
0.08,0.7,0.45,20.0,10.0,100,2500,300,1155,975,180,0.3325967955856377,1.083085701637695,0.3325967955856377
0.08,0.7,0.45,20.0,10.0,200,750,150,998,849,149,0.36991254101359616,0.7774943927348551,0.36991254101359616
0.08,0.7,0.45,20.0,10.0,200,750,300,861,726,135,0.29655234366658506,0.8747703875668409,0.29655234366658506
0.08,0.7,0.45,20.0,10.0,200,1500,150,951,814,137,0.3171963829746007,0.6599247416833823,0.3171963829746007
0.08,0.7,0.45,20.0,10.0,200,1500,300,814,691,123,0.5887198064437864,1.1015793909371183,0.5887198064437864
0.08,0.7,0.45,20.0,10.0,200,2500,150,907,775,132,0.09492728656860626,0.6667719135035705,0.09492728656860626
0.08,0.7,0.45,20.0,10.0,200,2500,300,759,644,115,0.35217176934669386,1.284611206012937,0.35217176934669386
0.08,0.7,0.45,20.0,10.0,400,750,150,915,775,140,-0.2370217937833634,-0.35211479008769364,-0.35211479008769364
0.08,0.7,0.45,20.0,10.0,400,750,300,692,584,108,0.1317035512635722,-0.15655576820082767,-0.15655576820082767
0.08,0.7,0.45,20.0,10.0,400,1500,150,827,703,124,0.09623179810758531,0.46568831149824225,0.09623179810758531
0.08,0.7,0.45,20.0,10.0,400,1500,300,606,513,93,0.4881667648362259,1.1853202056253163,0.4881667648362259
0.08,0.7,0.45,20.0,10.0,400,2500,150,779,661,118,0.311535417978629,0.9085953169664508,0.311535417978629
0.08,0.7,0.45,20.0,10.0,400,2500,300,562,476,86,0.39945359259301066,1.211411975306887,0.39945359259301066
0.08,0.7,0.45,20.0,10.0,500,750,150,907,775,132,0.2508922894428136,-0.23735675974678214,-0.23735675974678214
0.08,0.7,0.45,20.0,10.0,500,750,300,668,569,99,0.5624885781766219,-0.822850566583732,-0.822850566583732
0.08,0.7,0.45,20.0,10.0,500,1500,150,829,705,124,-0.26614590764347623,0.18470346543806795,-0.26614590764347623
0.08,0.7,0.45,20.0,10.0,500,1500,300,595,503,92,0.09976804139958018,-0.019265519447012294,-0.019265519447012294
0.08,0.7,0.45,20.0,10.0,500,2500,150,756,641,115,-0.16619644946932535,0.9710541188758856,-0.16619644946932535
0.08,0.7,0.45,20.0,10.0,500,2500,300,537,450,87,0.013656703812172771,0.8188898064569956,0.013656703812172771
0.08,0.7,0.45,20.0,15.0,100,750,150,1346,1146,200,0.6003204890784581,0.9244756437608932,0.6003204890784581
0.08,0.7,0.45,20.0,15.0,100,750,300,1257,1064,193,0.5272648927804393,1.0392666701421236,0.5272648927804393
0.08,0.7,0.45,20.0,15.0,100,1500,150,1275,1081,194,0.3168438158410263,0.6166736140690148,0.3168438158410263
0.08,0.7,0.45,20.0,15.0,100,1500,300,1177,989,188,0.46469680455997525,0.5698185276611748,0.46469680455997525
0.08,0.7,0.45,20.0,15.0,100,2500,150,1239,1056,183,0.37172646512370605,1.2892403709246685,0.37172646512370605
0.08,0.7,0.45,20.0,15.0,100,2500,300,1125,950,175,0.5111486206413967,1.1446134305075037,0.5111486206413967
0.08,0.7,0.45,20.0,15.0,200,750,150,976,830,146,0.2071905697797244,1.245877213265166,0.2071905697797244
0.08,0.7,0.45,20.0,15.0,200,750,300,827,697,130,0.19817404048132103,1.1342082192823204,0.19817404048132103
0.08,0.7,0.45,20.0,15.0,200,1500,150,924,791,133,0.2221673574114071,1.337585005778078,0.2221673574114071
0.08,0.7,0.45,20.0,15.0,200,1500,300,771,654,117,0.543841135534944,1.4613871597462833,0.543841135534944
0.08,0.7,0.45,20.0,15.0,200,2500,150,883,753,130,0.05548810830727735,0.8831213939573233,0.05548810830727735
0.08,0.7,0.45,20.0,15.0,200,2500,300,716,607,109,0.35703074299098025,1.4886670692606425,0.35703074299098025
0.08,0.7,0.45,20.0,15.0,400,750,150,887,757,130,-0.07118014446800393,-0.06450525661789218,-0.07118014446800393
0.08,0.7,0.45,20.0,15.0,400,750,300,643,547,96,0.2500287320818724,0.09975319433492272,0.09975319433492272
0.08,0.7,0.45,20.0,15.0,400,1500,150,799,681,118,-0.0736592215806975,0.8695753380843262,-0.0736592215806975
0.08,0.7,0.45,20.0,15.0,400,1500,300,572,487,85,0.30138087200426344,1.133242548900713,0.30138087200426344
0.08,0.7,0.45,20.0,15.0,400,2500,150,754,640,114,0.09239453001141452,1.365129950302826,0.09239453001141452
0.08,0.7,0.45,20.0,15.0,400,2500,300,523,444,79,0.2678788289993815,1.1852623349241025,0.2678788289993815
0.08,0.7,0.45,20.0,15.0,500,750,150,871,744,127,0.13224513545998723,-0.14702947429651686,-0.14702947429651686
0.08,0.7,0.45,20.0,15.0,500,750,300,623,533,90,0.4505536619101337,-0.952921598344177,-0.952921598344177
0.08,0.7,0.45,20.0,15.0,500,1500,150,801,680,121,-0.3454498544689179,0.07200346060693132,-0.3454498544689179
0.08,0.7,0.45,20.0,15.0,500,1500,300,560,474,86,0.02503906904936,0.062058414235368224,0.02503906904936
0.08,0.7,0.45,20.0,15.0,500,2500,150,736,622,114,-0.298743965177097,0.9962728752622807,-0.298743965177097
0.08,0.7,0.45,20.0,15.0,500,2500,300,507,425,82,-0.16300177590872617,0.6805955308247361,-0.16300177590872617
0.08,0.7,0.45,20.0,20.0,100,750,150,1342,1143,199,0.5537169649816993,0.7586192671947249,0.5537169649816993
0.08,0.7,0.45,20.0,20.0,100,750,300,1253,1061,192,0.4613847404446957,0.8763712022394187,0.4613847404446957
0.08,0.7,0.45,20.0,20.0,100,1500,150,1270,1078,192,0.2846769412827825,0.557053119306438,0.2846769412827825
0.08,0.7,0.45,20.0,20.0,100,1500,300,1169,983,186,0.3831676697222983,0.35490793176669017,0.35490793176669017
0.08,0.7,0.45,20.0,20.0,100,2500,150,1236,1053,183,0.3491168310141249,1.2655184610688022,0.3491168310141249
0.08,0.7,0.45,20.0,20.0,100,2500,300,1119,944,175,0.4651208856331578,0.9405825581340017,0.4651208856331578
0.08,0.7,0.45,20.0,20.0,200,750,150,967,822,145,0.19368369008778374,1.555322457844389,0.19368369008778374
0.08,0.7,0.45,20.0,20.0,200,750,300,813,685,128,0.1727463005940787,1.2841186669638418,0.1727463005940787
0.08,0.7,0.45,20.0,20.0,200,1500,150,918,786,132,0.18763697470455917,1.492572779748656,0.18763697470455917
0.08,0.7,0.45,20.0,20.0,200,1500,300,760,645,115,0.5070947593634803,1.4220302233203972,0.5070947593634803
0.08,0.7,0.45,20.0,20.0,200,2500,150,876,747,129,0.08068584900275548,0.7624155030819724,0.08068584900275548
0.08,0.7,0.45,20.0,20.0,200,2500,300,703,596,107,0.26031226875842345,1.4119171760729787,0.26031226875842345
0.08,0.7,0.45,20.0,20.0,400,750,150,878,748,130,-0.1446432438825777,-0.21995237237483403,-0.21995237237483403
0.08,0.7,0.45,20.0,20.0,400,750,300,629,536,93,0.16937011915824354,0.0590629027829072,0.0590629027829072
0.08,0.7,0.45,20.0,20.0,400,1500,150,788,670,118,-0.006208964714394094,0.6542205384106867,-0.006208964714394094
0.08,0.7,0.45,20.0,20.0,400,1500,300,554,471,83,0.33418862722903697,0.9918740343517394,0.33418862722903697
0.08,0.7,0.45,20.0,20.0,400,2500,150,746,632,114,0.062177696116843054,0.8778288231998228,0.062177696116843054
0.08,0.7,0.45,20.0,20.0,400,2500,300,511,433,78,0.16782861259258006,0.8927730451276571,0.16782861259258006
0.08,0.7,0.45,20.0,20.0,500,750,150,864,737,127,0.03024037921348446,-0.42798285521259677,-0.42798285521259677
0.08,0.7,0.45,20.0,20.0,500,750,300,609,523,86,0.33645656122142076,-1.0165867338576946,-1.0165867338576946
0.08,0.7,0.45,20.0,20.0,500,1500,150,792,672,120,-0.39909010248899673,-0.2436356389324262,-0.39909010248899673
0.08,0.7,0.45,20.0,20.0,500,1500,300,546,462,84,-0.013174087925869582,-0.281027351424501,-0.281027351424501
0.08,0.7,0.45,20.0,20.0,500,2500,150,729,616,113,-0.3952841060715832,0.42962040258332657,-0.3952841060715832
0.08,0.7,0.45,20.0,20.0,500,2500,300,497,416,81,-0.09955096279291993,0.4473841923778321,-0.09955096279291993
0.08,0.7,0.45,25.0,6.0,100,750,150,1699,1434,265,0.17935697420395189,0.7031605852577422,0.17935697420395189
0.08,0.7,0.45,25.0,6.0,100,750,300,1596,1340,256,0.29235485367607233,1.257485663799597,0.29235485367607233
0.08,0.7,0.45,25.0,6.0,100,1500,150,1612,1366,246,0.13261999883684278,1.0830938851728105,0.13261999883684278
0.08,0.7,0.45,25.0,6.0,100,1500,300,1498,1260,238,0.3412531971079497,1.1103089247709894,0.3412531971079497
0.08,0.7,0.45,25.0,6.0,100,2500,150,1554,1318,236,0.480852382223612,1.0044918345195384,0.480852382223612
0.08,0.7,0.45,25.0,6.0,100,2500,300,1427,1201,226,0.5550598811720676,1.1720869039512696,0.5550598811720676
0.08,0.7,0.45,25.0,6.0,200,750,150,1284,1086,198,-0.030081850559903024,0.16377012249254588,-0.030081850559903024
0.08,0.7,0.45,25.0,6.0,200,750,300,1114,937,177,0.10668891918652092,0.41654577850947744,0.10668891918652092
0.08,0.7,0.45,25.0,6.0,200,1500,150,1224,1027,197,0.09030623387729667,0.7833084371020047,0.09030623387729667
0.08,0.7,0.45,25.0,6.0,200,1500,300,1040,872,168,0.4591090135716842,0.8233564618645837,0.4591090135716842
0.08,0.7,0.45,25.0,6.0,200,2500,150,1155,969,186,0.09295817826613768,0.4151053219527231,0.09295817826613768
0.08,0.7,0.45,25.0,6.0,200,2500,300,958,800,158,0.35507607775076305,0.4833890677719712,0.35507607775076305
0.08,0.7,0.45,25.0,6.0,400,750,150,1167,996,171,-0.26179359528168455,-0.6394076377439691,-0.6394076377439691
0.08,0.7,0.45,25.0,6.0,400,750,300,918,778,140,-0.07829833042059907,-0.7977792990225405,-0.7977792990225405
0.08,0.7,0.45,25.0,6.0,400,1500,150,1079,911,168,-0.03325227592793116,-0.2412018886883194,-0.2412018886883194
0.08,0.7,0.45,25.0,6.0,400,1500,300,803,671,132,0.28609848153652945,0.20223061018630548,0.20223061018630548
0.08,0.7,0.45,25.0,6.0,400,2500,150,1013,853,160,-0.22274600614024107,0.9602231194810589,-0.22274600614024107
0.08,0.7,0.45,25.0,6.0,400,2500,300,737,622,115,0.11718260285148936,0.8525798352702557,0.11718260285148936
0.08,0.7,0.45,25.0,6.0,500,750,150,1175,997,178,-0.0764891059495289,-1.3430579456219875,-1.3430579456219875
0.08,0.7,0.45,25.0,6.0,500,750,300,881,743,138,0.11601769881092308,-1.799490600199748,-1.799490600199748
0.08,0.7,0.45,25.0,6.0,500,1500,150,1079,914,165,-0.1648827037069887,-1.1006817183290842,-1.1006817183290842
0.08,0.7,0.45,25.0,6.0,500,1500,300,804,672,132,-0.014549453506677199,-0.34296942993480556,-0.34296942993480556
0.08,0.7,0.45,25.0,6.0,500,2500,150,984,820,164,0.003631007646256547,-0.667247497812226,-0.667247497812226
0.08,0.7,0.45,25.0,6.0,500,2500,300,718,590,128,-0.029949282008683298,0.10401755344512338,-0.029949282008683298
0.08,0.7,0.45,25.0,10.0,100,750,150,1568,1333,235,0.35729215584989354,0.6799398305336782,0.35729215584989354
0.08,0.7,0.45,25.0,10.0,100,750,300,1461,1235,226,0.4809840006115434,1.1379308546406162,0.4809840006115434
0.08,0.7,0.45,25.0,10.0,100,1500,150,1490,1265,225,0.3930090979954423,1.146723271350133,0.3930090979954423
0.08,0.7,0.45,25.0,10.0,100,1500,300,1367,1152,215,0.4196127032895259,1.0733167249294315,0.4196127032895259
0.08,0.7,0.45,25.0,10.0,100,2500,150,1443,1228,215,0.7375826050556541,1.1943057380143083,0.7375826050556541
0.08,0.7,0.45,25.0,10.0,100,2500,300,1306,1103,203,0.7326904550948421,1.1645794494824055,0.7326904550948421
0.08,0.7,0.45,25.0,10.0,200,750,150,1129,958,171,0.19967339895479846,0.5207359820850794,0.19967339895479846
0.08,0.7,0.45,25.0,10.0,200,750,300,948,796,152,0.2912169813002924,0.49336991594582363,0.2912169813002924
0.08,0.7,0.45,25.0,10.0,200,1500,150,1080,912,168,0.17223666872139362,0.7938520503603669,0.17223666872139362
0.08,0.7,0.45,25.0,10.0,200,1500,300,891,748,143,0.5412600404734631,0.8499642844477994,0.5412600404734631
0.08,0.7,0.45,25.0,10.0,200,2500,150,1030,870,160,0.19114844617964036,0.8565087617211528,0.19114844617964036
0.08,0.7,0.45,25.0,10.0,200,2500,300,832,700,132,0.478913968052407,0.8937950499154715,0.478913968052407
0.08,0.7,0.45,25.0,10.0,400,750,150,1032,878,154,0.006803676140522688,-0.9765760963529689,-0.9765760963529689
0.08,0.7,0.45,25.0,10.0,400,750,300,755,637,118,0.2060920961636388,-0.004772744723262704,-0.004772744723262704
0.08,0.7,0.45,25.0,10.0,400,1500,150,937,792,145,0.12491352462549518,0.2632422967967961,0.12491352462549518
0.08,0.7,0.45,25.0,10.0,400,1500,300,647,543,104,0.3110309026426432,0.8487015572118455,0.3110309026426432
0.08,0.7,0.45,25.0,10.0,400,2500,150,893,751,142,0.04823472600223607,1.0880122483907042,0.04823472600223607
0.08,0.7,0.45,25.0,10.0,400,2500,300,616,518,98,0.2805569558181094,1.2745257799190253,0.2805569558181094
0.08,0.7,0.45,25.0,10.0,500,750,150,1029,875,154,0.05254571372009328,-1.4402577369390168,-1.4402577369390168
0.08,0.7,0.45,25.0,10.0,500,750,300,728,612,116,0.4028643243004329,-1.729937265183846,-1.729937265183846
0.08,0.7,0.45,25.0,10.0,500,1500,150,932,788,144,0.14236604544606565,-0.5622001155171836,-0.5622001155171836
0.08,0.7,0.45,25.0,10.0,500,1500,300,657,549,108,0.26376737458954164,-0.28681816746254835,-0.28681816746254835
0.08,0.7,0.45,25.0,10.0,500,2500,150,854,714,140,0.13989038630232106,-0.0724009587237303,-0.0724009587237303
0.08,0.7,0.45,25.0,10.0,500,2500,300,586,484,102,0.12340148481881463,0.07439303056359463,0.07439303056359463
0.08,0.7,0.45,25.0,15.0,100,750,150,1533,1301,232,0.5083725513998757,0.6419744160579776,0.5083725513998757
0.08,0.7,0.45,25.0,15.0,100,750,300,1421,1199,222,0.6002935818699421,1.2504299595934965,0.6002935818699421
0.08,0.7,0.45,25.0,15.0,100,1500,150,1461,1240,221,0.43388867598849257,0.8915756487602888,0.43388867598849257
0.08,0.7,0.45,25.0,15.0,100,1500,300,1332,1121,211,0.6291810927819769,0.8189060917518223,0.6291810927819769
0.08,0.7,0.45,25.0,15.0,100,2500,150,1412,1201,211,0.7242354361126631,1.0538786763022192,0.7242354361126631
0.08,0.7,0.45,25.0,15.0,100,2500,300,1270,1072,198,0.8134576455948644,1.0944039748873913,0.8134576455948644
0.08,0.7,0.45,25.0,15.0,200,750,150,1097,930,167,0.0018854689383412274,0.37096391002873474,0.0018854689383412274
0.08,0.7,0.45,25.0,15.0,200,750,300,916,769,147,0.09200854111625188,0.3182964818767285,0.09200854111625188
0.08,0.7,0.45,25.0,15.0,200,1500,150,1046,882,164,0.1295160152029321,0.9293713187510082,0.1295160152029321
0.08,0.7,0.45,25.0,15.0,200,1500,300,850,713,137,0.5301853187039091,1.0167593918940203,0.5301853187039091
0.08,0.7,0.45,25.0,15.0,200,2500,150,991,835,156,0.15328747319858918,0.7359949168423312,0.15328747319858918
0.08,0.7,0.45,25.0,15.0,200,2500,300,791,664,127,0.4290400233093659,0.7536349559398383,0.4290400233093659
0.08,0.7,0.45,25.0,15.0,400,750,150,986,843,143,-0.03460337778221663,-0.2203313530365823,-0.2203313530365823
0.08,0.7,0.45,25.0,15.0,400,750,300,688,583,105,0.21329955014976562,0.20185997826273336,0.20185997826273336
0.08,0.7,0.45,25.0,15.0,400,1500,150,899,762,137,0.23430090474956705,0.21693848126923884,0.21693848126923884
0.08,0.7,0.45,25.0,15.0,400,1500,300,600,505,95,0.24698395167032522,0.726102311512015,0.24698395167032522
0.08,0.7,0.45,25.0,15.0,400,2500,150,848,715,133,0.13566925325493331,1.3205815451207226,0.13566925325493331
0.08,0.7,0.45,25.0,15.0,400,2500,300,563,475,88,0.23863919043998238,1.1772322808456066,0.23863919043998238
0.08,0.7,0.45,25.0,15.0,500,750,150,968,825,143,0.11403281938638485,-1.1796040657890798,-1.1796040657890798
0.08,0.7,0.45,25.0,15.0,500,750,300,668,567,101,0.32765635172322866,-1.2554024749533284,-1.2554024749533284
0.08,0.7,0.45,25.0,15.0,500,1500,150,879,745,134,0.16146857767804118,-0.5573046958217016,-0.5573046958217016
0.08,0.7,0.45,25.0,15.0,500,1500,300,599,502,97,0.20539214772888914,-0.20154264411838174,-0.20154264411838174
0.08,0.7,0.45,25.0,15.0,500,2500,150,817,684,133,0.0970548322824027,0.04010195555186805,0.04010195555186805
0.08,0.7,0.45,25.0,15.0,500,2500,300,543,449,94,0.04307316344084696,0.2669899425193291,0.04307316344084696
0.08,0.7,0.45,25.0,20.0,100,750,150,1527,1297,230,0.506850564471557,0.6814908997523584,0.506850564471557
0.08,0.7,0.45,25.0,20.0,100,750,300,1413,1193,220,0.5514166304213034,1.2805738849775585,0.5514166304213034
0.08,0.7,0.45,25.0,20.0,100,1500,150,1450,1233,217,0.4728663851594452,0.9276389353217092,0.4728663851594452
0.08,0.7,0.45,25.0,20.0,100,1500,300,1317,1110,207,0.6371247025655311,0.7454101638614993,0.6371247025655311
0.08,0.7,0.45,25.0,20.0,100,2500,150,1406,1196,210,0.7278581558127385,1.0299481977257048,0.7278581558127385
0.08,0.7,0.45,25.0,20.0,100,2500,300,1261,1065,196,0.8006297130147677,1.0582549949300883,0.8006297130147677
0.08,0.7,0.45,25.0,20.0,200,750,150,1089,924,165,0.03331008463552146,0.4098932993276536,0.03331008463552146
0.08,0.7,0.45,25.0,20.0,200,750,300,899,754,145,0.13578346072949385,0.24356054320180226,0.13578346072949385
0.08,0.7,0.45,25.0,20.0,200,1500,150,1038,876,162,0.1496973248253994,0.878492331823402,0.1496973248253994
0.08,0.7,0.45,25.0,20.0,200,1500,300,836,701,135,0.5346746245097235,0.9434291197088247,0.5346746245097235
0.08,0.7,0.45,25.0,20.0,200,2500,150,983,827,156,0.1368078721820331,0.7923975926263422,0.1368078721820331
0.08,0.7,0.45,25.0,20.0,200,2500,300,774,648,126,0.3732518347791631,0.8790212579327866,0.3732518347791631
0.08,0.7,0.45,25.0,20.0,400,750,150,974,832,142,-0.04058443381665776,-0.44975279596193773,-0.44975279596193773
0.08,0.7,0.45,25.0,20.0,400,750,300,676,572,104,0.11824503062020739,-0.08366184567009313,-0.08366184567009313
0.08,0.7,0.45,25.0,20.0,400,1500,150,887,751,136,0.2855669626500755,0.188344370646354,0.188344370646354
0.08,0.7,0.45,25.0,20.0,400,1500,300,583,489,94,0.20845939201107702,0.4639409111301515,0.20845939201107702
0.08,0.7,0.45,25.0,20.0,400,2500,150,838,705,133,0.1592649620279091,0.9083925019378988,0.1592649620279091
0.08,0.7,0.45,25.0,20.0,400,2500,300,550,463,87,0.18888853750960322,0.7776255797058911,0.18888853750960322
0.08,0.7,0.45,25.0,20.0,500,750,150,956,813,143,0.12809348703560203,-1.3550222096886628,-1.3550222096886628
0.08,0.7,0.45,25.0,20.0,500,750,300,650,553,97,0.2785265545863801,-1.6043191378142554,-1.6043191378142554
0.08,0.7,0.45,25.0,20.0,500,1500,150,863,729,134,0.17472752963716207,-0.7404910309759908,-0.7404910309759908
0.08,0.7,0.45,25.0,20.0,500,1500,300,579,484,95,0.26433021067533036,-0.4451521624602225,-0.4451521624602225
0.08,0.7,0.45,25.0,20.0,500,2500,150,809,676,133,0.2426381269384289,-0.4611361030943502,-0.4611361030943502
0.08,0.7,0.45,25.0,20.0,500,2500,300,529,437,92,0.05815325373860174,-0.2799853761996049,-0.2799853761996049
0.08,0.7,0.45,30.0,6.0,100,750,150,1864,1572,292,0.3693143310308676,0.5120984315684647,0.3693143310308676
0.08,0.7,0.45,30.0,6.0,100,750,300,1742,1463,279,0.4816954840293949,1.2796916039465047,0.4816954840293949
0.08,0.7,0.45,30.0,6.0,100,1500,150,1763,1495,268,0.10819125416982286,0.9814134799517596,0.10819125416982286
0.08,0.7,0.45,30.0,6.0,100,1500,300,1634,1374,260,0.2976069915678894,1.0542997603297295,0.2976069915678894
0.08,0.7,0.45,30.0,6.0,100,2500,150,1699,1439,260,0.43709849847170323,1.024944925854461,0.43709849847170323
0.08,0.7,0.45,30.0,6.0,100,2500,300,1541,1296,245,0.5453300069994833,1.2226109499966646,0.5453300069994833
0.08,0.7,0.45,30.0,6.0,200,750,150,1407,1193,214,-0.09231301120494532,0.059921509156119934,-0.09231301120494532
0.08,0.7,0.45,30.0,6.0,200,750,300,1206,1015,191,0.04490072037879617,-0.07464005802438267,-0.07464005802438267
0.08,0.7,0.45,30.0,6.0,200,1500,150,1328,1110,218,0.020795219646346726,0.7533601294994748,0.020795219646346726
0.08,0.7,0.45,30.0,6.0,200,1500,300,1108,927,181,0.36053930141130525,0.5545401595285391,0.36053930141130525
0.08,0.7,0.45,30.0,6.0,200,2500,150,1252,1048,204,-0.09368459205918964,0.009885200616627513,-0.09368459205918964
0.08,0.7,0.45,30.0,6.0,200,2500,300,1028,858,170,0.2010155725371289,0.008333742209433885,0.008333742209433885
0.08,0.7,0.45,30.0,6.0,400,750,150,1273,1082,191,-0.09748479922266776,-0.7031338633779052,-0.7031338633779052
0.08,0.7,0.45,30.0,6.0,400,750,300,971,820,151,0.15385976841386656,-0.7021964784406352,-0.7021964784406352
0.08,0.7,0.45,30.0,6.0,400,1500,150,1176,988,188,0.021901385458233957,-0.195466101226623,-0.195466101226623
0.08,0.7,0.45,30.0,6.0,400,1500,300,865,724,141,0.2628374650782223,0.31742657121071455,0.2628374650782223
0.08,0.7,0.45,30.0,6.0,400,2500,150,1105,932,173,-0.29768008586017736,1.1787362084854667,-0.29768008586017736
0.08,0.7,0.45,30.0,6.0,400,2500,300,804,673,131,0.23571123378961711,0.834556719735794,0.23571123378961711
0.08,0.7,0.45,30.0,6.0,500,750,150,1265,1070,195,0.07750675507617986,-1.2833406859031782,-1.2833406859031782
0.08,0.7,0.45,30.0,6.0,500,750,300,929,780,149,0.1702106565310491,-1.670702162187136,-1.670702162187136
0.08,0.7,0.45,30.0,6.0,500,1500,150,1151,974,177,-0.16582822937652644,-1.0930817276406133,-1.0930817276406133
0.08,0.7,0.45,30.0,6.0,500,1500,300,850,708,142,0.09490897687121636,-0.09249400538252814,-0.09249400538252814
0.08,0.7,0.45,30.0,6.0,500,2500,150,1062,886,176,0.1878785270106908,-0.6005747007662515,-0.6005747007662515
0.08,0.7,0.45,30.0,6.0,500,2500,300,749,617,132,0.19207887403393492,-0.02665098742728753,-0.02665098742728753
0.08,0.7,0.45,30.0,10.0,100,750,150,1685,1431,254,0.4802081549469531,0.9546106175036858,0.4802081549469531
0.08,0.7,0.45,30.0,10.0,100,750,300,1569,1325,244,0.5333279341948752,1.091534213207526,0.5333279341948752
0.08,0.7,0.45,30.0,10.0,100,1500,150,1606,1365,241,0.2551367326668254,0.7642307664293011,0.2551367326668254
0.08,0.7,0.45,30.0,10.0,100,1500,300,1468,1238,230,0.22726533142333571,0.7609270820242714,0.22726533142333571
0.08,0.7,0.45,30.0,10.0,100,2500,150,1545,1311,234,0.6608379749717042,0.8506772699893416,0.6608379749717042
0.08,0.7,0.45,30.0,10.0,100,2500,300,1390,1173,217,0.6558750933197477,0.9164150312886562,0.6558750933197477
0.08,0.7,0.45,30.0,10.0,200,750,150,1215,1035,180,0.11603908507589786,0.3998963446486068,0.11603908507589786
0.08,0.7,0.45,30.0,10.0,200,750,300,1011,853,158,0.07816123840863001,0.16870939873865656,0.07816123840863001
0.08,0.7,0.45,30.0,10.0,200,1500,150,1149,966,183,0.2232960451763473,0.8866438835172806,0.2232960451763473
0.08,0.7,0.45,30.0,10.0,200,1500,300,931,780,151,0.5591026635516728,0.8109422496031045,0.5591026635516728
0.08,0.7,0.45,30.0,10.0,200,2500,150,1087,911,176,0.050557292641313874,0.517727151613441,0.050557292641313874
0.08,0.7,0.45,30.0,10.0,200,2500,300,867,722,145,0.3766904477211789,0.4563645635931814,0.3766904477211789
0.08,0.7,0.45,30.0,10.0,400,750,150,1093,931,162,0.19357203591090394,-0.5042175665975114,-0.5042175665975114
0.08,0.7,0.45,30.0,10.0,400,750,300,797,674,123,0.23833029043540144,0.34094077368156267,0.23833029043540144
0.08,0.7,0.45,30.0,10.0,400,1500,150,1000,846,154,0.256062392280158,0.3368275939307159,0.256062392280158
0.08,0.7,0.45,30.0,10.0,400,1500,300,688,580,108,0.32599042851585563,1.0297024711758975,0.32599042851585563
0.08,0.7,0.45,30.0,10.0,400,2500,150,936,788,148,0.18946917329670182,1.4092703491662972,0.18946917329670182
0.08,0.7,0.45,30.0,10.0,400,2500,300,637,538,99,0.4580026443564232,1.4893291216137547,0.4580026443564232
0.08,0.7,0.45,30.0,10.0,500,750,150,1086,922,164,0.08939281493145598,-1.1520319435919821,-1.1520319435919821
0.08,0.7,0.45,30.0,10.0,500,750,300,757,641,116,0.36108102334721137,-1.3767899277673747,-1.3767899277673747
0.08,0.7,0.45,30.0,10.0,500,1500,150,985,836,149,0.006634343800791686,-0.283352354591468,-0.283352354591468
0.08,0.7,0.45,30.0,10.0,500,1500,300,693,582,111,0.2651131062572706,-0.04551914547779338,-0.04551914547779338
0.08,0.7,0.45,30.0,10.0,500,2500,150,912,765,147,0.1266843140330596,0.04327416891772542,0.04327416891772542
0.08,0.7,0.45,30.0,10.0,500,2500,300,614,511,103,0.13977515804191656,0.3420071766590401,0.13977515804191656
0.08,0.7,0.45,30.0,15.0,100,750,150,1639,1390,249,0.6642026076632385,0.941182312483415,0.6642026076632385
0.08,0.7,0.45,30.0,15.0,100,750,300,1517,1280,237,0.6986089069660809,1.217438456270015,0.6986089069660809
0.08,0.7,0.45,30.0,15.0,100,1500,150,1562,1328,234,0.3799383828032243,0.674793099322181,0.3799383828032243
0.08,0.7,0.45,30.0,15.0,100,1500,300,1420,1198,222,0.41822237353846686,0.6149387777096513,0.41822237353846686
0.08,0.7,0.45,30.0,15.0,100,2500,150,1502,1275,227,0.6943009115775141,0.9594624806056566,0.6943009115775141
0.08,0.7,0.45,30.0,15.0,100,2500,300,1347,1138,209,0.7031624765475325,1.007656323938892,0.7031624765475325
0.08,0.7,0.45,30.0,15.0,200,750,150,1166,993,173,-0.023385190541791626,0.29630574848958385,-0.023385190541791626
0.08,0.7,0.45,30.0,15.0,200,750,300,962,812,150,-0.037803813637421656,0.09732752575912139,-0.037803813637421656
0.08,0.7,0.45,30.0,15.0,200,1500,150,1111,935,176,0.1723728318701062,0.9194753983055899,0.1723728318701062
0.08,0.7,0.45,30.0,15.0,200,1500,300,883,740,143,0.534289567023465,0.892125489455296,0.534289567023465
0.08,0.7,0.45,30.0,15.0,200,2500,150,1042,876,166,-0.061529688033391976,0.6418526423200104,-0.061529688033391976
0.08,0.7,0.45,30.0,15.0,200,2500,300,819,686,133,0.261832227386606,0.41678050360266705,0.261832227386606
0.08,0.7,0.45,30.0,15.0,400,750,150,1038,887,151,0.21985689255175325,-0.04707291956689843,-0.04707291956689843
0.08,0.7,0.45,30.0,15.0,400,750,300,720,612,108,0.32009812572150825,0.3348755316278988,0.32009812572150825
0.08,0.7,0.45,30.0,15.0,400,1500,150,951,805,146,0.29867699569420986,0.5473250665352781,0.29867699569420986
0.08,0.7,0.45,30.0,15.0,400,1500,300,635,539,96,0.2661254795786007,0.9165415094866659,0.2661254795786007
0.08,0.7,0.45,30.0,15.0,400,2500,150,892,752,140,0.12126684323139146,1.7269850266940365,0.12126684323139146
0.08,0.7,0.45,30.0,15.0,400,2500,300,589,500,89,0.33345680840002445,1.4217065176215555,0.33345680840002445
0.08,0.7,0.45,30.0,15.0,500,750,150,1021,869,152,0.09319448960204738,-0.8952316152996334,-0.8952316152996334
0.08,0.7,0.45,30.0,15.0,500,750,300,700,597,103,0.22758618084075843,-0.9958883072580379,-0.9958883072580379
0.08,0.7,0.45,30.0,15.0,500,1500,150,925,786,139,0.214645310243679,-0.3360601483357297,-0.3360601483357297
0.08,0.7,0.45,30.0,15.0,500,1500,300,626,528,98,0.14304426830758626,0.017142412377666175,0.017142412377666175
0.08,0.7,0.45,30.0,15.0,500,2500,150,860,720,140,0.3399208897904855,-0.13515449197709403,-0.13515449197709403
0.08,0.7,0.45,30.0,15.0,500,2500,300,561,466,95,0.06393417407580021,0.1939534993991785,0.06393417407580021
0.08,0.7,0.45,30.0,20.0,100,750,150,1630,1384,246,0.6291327061573881,1.085563929714897,0.6291327061573881
0.08,0.7,0.45,30.0,20.0,100,750,300,1500,1266,234,0.6306706850616578,1.3554906149491879,0.6306706850616578
0.08,0.7,0.45,30.0,20.0,100,1500,150,1547,1318,229,0.3946351099529792,0.7963409330915192,0.3946351099529792
0.08,0.7,0.45,30.0,20.0,100,1500,300,1400,1183,217,0.4713966770033821,0.6658893348091377,0.4713966770033821
0.08,0.7,0.45,30.0,20.0,100,2500,150,1492,1267,225,0.6324396715600403,1.0134468715124751,0.6324396715600403
0.08,0.7,0.45,30.0,20.0,100,2500,300,1331,1125,206,0.659678339973172,1.1050907403994115,0.659678339973172
0.08,0.7,0.45,30.0,20.0,200,750,150,1154,984,170,0.014391409397080309,0.451569235423736,0.014391409397080309
0.08,0.7,0.45,30.0,20.0,200,750,300,945,797,148,0.03508776864886445,-0.025606953564208945,-0.025606953564208945
0.08,0.7,0.45,30.0,20.0,200,1500,150,1100,927,173,0.20258137228843454,1.0814787680498674,0.20258137228843454
0.08,0.7,0.45,30.0,20.0,200,1500,300,871,732,139,0.5372100064615519,0.9659062630408951,0.5372100064615519
0.08,0.7,0.45,30.0,20.0,200,2500,150,1032,866,166,0.008288267804267646,0.6794651243932577,0.008288267804267646
0.08,0.7,0.45,30.0,20.0,200,2500,300,804,673,131,0.30401047103117607,0.6378951427500443,0.30401047103117607
0.08,0.7,0.45,30.0,20.0,400,750,150,1028,877,151,0.09944121784162387,-0.15639325017866926,-0.15639325017866926
0.08,0.7,0.45,30.0,20.0,400,750,300,705,599,106,0.23210341855928407,0.18729150563623984,0.18729150563623984
0.08,0.7,0.45,30.0,20.0,400,1500,150,938,793,145,0.32772371641258013,0.08381874868155428,0.08381874868155428
0.08,0.7,0.45,30.0,20.0,400,1500,300,618,523,95,0.22633364907641268,0.8543313170753821,0.22633364907641268
0.08,0.7,0.45,30.0,20.0,400,2500,150,880,742,138,0.09990681237610272,1.3940096657089427,0.09990681237610272
0.08,0.7,0.45,30.0,20.0,400,2500,300,574,485,89,0.22127326069309247,1.144802894389171,0.22127326069309247
0.08,0.7,0.45,30.0,20.0,500,750,150,1004,854,150,0.07711224843359649,-0.8871525135574877,-0.8871525135574877
0.08,0.7,0.45,30.0,20.0,500,750,300,670,573,97,0.1740974407220716,-1.1730511855754187,-1.1730511855754187
0.08,0.7,0.45,30.0,20.0,500,1500,150,904,768,136,0.10398440735918078,-0.5063929031266012,-0.5063929031266012
0.08,0.7,0.45,30.0,20.0,500,1500,300,597,502,95,0.235501609442403,-0.06996721273105377,-0.06996721273105377
0.08,0.7,0.45,30.0,20.0,500,2500,150,847,709,138,0.31269084694337235,-0.3715948857546798,-0.3715948857546798
0.08,0.7,0.45,30.0,20.0,500,2500,300,548,456,92,0.02979079901993876,-0.23558287954093424,-0.23558287954093424
0.08,0.7,0.45,35.0,6.0,100,750,150,1953,1640,313,0.34603139059837273,0.4533253407660482,0.34603139059837273
0.08,0.7,0.45,35.0,6.0,100,750,300,1825,1524,301,0.4391788691773436,0.8183724924155168,0.4391788691773436
0.08,0.7,0.45,35.0,6.0,100,1500,150,1839,1550,289,0.17825237136272015,0.26775068271399427,0.17825237136272015
0.08,0.7,0.45,35.0,6.0,100,1500,300,1696,1419,277,0.3274698840133325,0.48719079475723936,0.3274698840133325
0.08,0.7,0.45,35.0,6.0,100,2500,150,1773,1494,279,0.49539062439274595,0.3298349156459239,0.3298349156459239
0.08,0.7,0.45,35.0,6.0,100,2500,300,1600,1337,263,0.6419030215393599,0.6215223746302402,0.6215223746302402
0.08,0.7,0.45,35.0,6.0,200,750,150,1500,1270,230,-0.08549946910052013,-0.13056636518398976,-0.13056636518398976
0.08,0.7,0.45,35.0,6.0,200,750,300,1277,1071,206,0.015062575914734096,-0.1824476176269858,-0.1824476176269858
0.08,0.7,0.45,35.0,6.0,200,1500,150,1394,1171,223,0.09065497605386301,0.7642403260227772,0.09065497605386301
0.08,0.7,0.45,35.0,6.0,200,1500,300,1159,976,183,0.3965873748014038,0.7122600363298732,0.3965873748014038
0.08,0.7,0.45,35.0,6.0,200,2500,150,1314,1101,213,-0.02444796843220488,-0.11129833912247913,-0.11129833912247913
0.08,0.7,0.45,35.0,6.0,200,2500,300,1075,901,174,0.19849413615298847,0.18162612875266212,0.18162612875266212
0.08,0.7,0.45,35.0,6.0,400,750,150,1335,1130,205,-0.03114190762111825,-0.5054416518617861,-0.5054416518617861
0.08,0.7,0.45,35.0,6.0,400,750,300,999,843,156,0.15187836165436358,-0.14331430915536286,-0.14331430915536286
0.08,0.7,0.45,35.0,6.0,400,1500,150,1238,1038,200,-0.12109091451214615,-0.3803792025020659,-0.3803792025020659
0.08,0.7,0.45,35.0,6.0,400,1500,300,892,747,145,0.2017155269365893,0.4082899887823868,0.2017155269365893
0.08,0.7,0.45,35.0,6.0,400,2500,150,1137,956,181,-0.17700922061075192,1.1860862843093454,-0.17700922061075192
0.08,0.7,0.45,35.0,6.0,400,2500,300,819,686,133,0.17307258596704533,1.0774655432187108,0.17307258596704533
0.08,0.7,0.45,35.0,6.0,500,750,150,1329,1123,206,0.15289233517438047,-1.2144080957263554,-1.2144080957263554
0.08,0.7,0.45,35.0,6.0,500,750,300,968,812,156,0.2228516592687997,-1.3449338432900309,-1.3449338432900309
0.08,0.7,0.45,35.0,6.0,500,1500,150,1216,1028,188,-0.10763226786456896,-1.2374301047534675,-1.2374301047534675
0.08,0.7,0.45,35.0,6.0,500,1500,300,887,739,148,0.051817393454133644,-0.1736305207926042,-0.1736305207926042
0.08,0.7,0.45,35.0,6.0,500,2500,150,1113,930,183,0.061524754481052595,-0.6483708713842682,-0.6483708713842682
0.08,0.7,0.45,35.0,6.0,500,2500,300,776,640,136,0.07985052538126121,0.05768904318070162,0.05768904318070162
0.08,0.7,0.45,35.0,10.0,100,750,150,1741,1475,266,0.4522918550581901,0.4399690485836652,0.4399690485836652
0.08,0.7,0.45,35.0,10.0,100,750,300,1614,1360,254,0.565858305940444,0.6815360962573589,0.565858305940444
0.08,0.7,0.45,35.0,10.0,100,1500,150,1651,1399,252,0.29428442644477604,0.29105324757471307,0.29105324757471307
0.08,0.7,0.45,35.0,10.0,100,1500,300,1505,1266,239,0.3293120746288834,0.4879539548266376,0.3293120746288834
0.08,0.7,0.45,35.0,10.0,100,2500,150,1593,1348,245,0.7279289417062202,0.16189322278113602,0.16189322278113602
0.08,0.7,0.45,35.0,10.0,100,2500,300,1425,1198,227,0.8566538638472914,0.41689330479931846,0.41689330479931846
0.08,0.7,0.45,35.0,10.0,200,750,150,1279,1091,188,0.08444917368920744,0.23648046447422047,0.08444917368920744
0.08,0.7,0.45,35.0,10.0,200,750,300,1048,885,163,0.10140642343364009,0.22023916408201502,0.10140642343364009
0.08,0.7,0.45,35.0,10.0,200,1500,150,1204,1011,193,0.2546921178174304,0.7758473188825038,0.2546921178174304
0.08,0.7,0.45,35.0,10.0,200,1500,300,969,813,156,0.5798557910769382,0.9595198940108899,0.5798557910769382
0.08,0.7,0.45,35.0,10.0,200,2500,150,1140,957,183,0.23005532455532196,0.5511879037980006,0.23005532455532196
0.08,0.7,0.45,35.0,10.0,200,2500,300,898,749,149,0.43811679068057297,0.7268057130058517,0.43811679068057297
0.08,0.7,0.45,35.0,10.0,400,750,150,1139,969,170,0.22578594142873565,-0.34225773009407534,-0.34225773009407534
0.08,0.7,0.45,35.0,10.0,400,750,300,817,691,126,0.29401906629010144,0.3432046577616675,0.29401906629010144
0.08,0.7,0.45,35.0,10.0,400,1500,150,1047,884,163,0.20042306807420923,0.053159956410559865,0.053159956410559865
0.08,0.7,0.45,35.0,10.0,400,1500,300,716,604,112,0.31882148599257126,0.9964056486691955,0.31882148599257126
0.08,0.7,0.45,35.0,10.0,400,2500,150,970,819,151,0.2972613966518089,1.355288625608232,0.2972613966518089
0.08,0.7,0.45,35.0,10.0,400,2500,300,660,557,103,0.3505119169519785,1.4418966317703834,0.3505119169519785
0.08,0.7,0.45,35.0,10.0,500,750,150,1129,958,171,0.07777495171737085,-1.182914983624201,-1.182914983624201
0.08,0.7,0.45,35.0,10.0,500,750,300,786,665,121,0.19903566339558174,-1.3870675741177465,-1.3870675741177465
0.08,0.7,0.45,35.0,10.0,500,1500,150,1028,873,155,0.0863887510094302,-0.04673200396056197,-0.04673200396056197
0.08,0.7,0.45,35.0,10.0,500,1500,300,712,597,115,0.3209414345345444,0.030321288287252435,0.030321288287252435
0.08,0.7,0.45,35.0,10.0,500,2500,150,941,790,151,0.13250533097218736,0.2553257274422818,0.13250533097218736
0.08,0.7,0.45,35.0,10.0,500,2500,300,639,530,109,0.09241184526552391,0.4128681822142668,0.09241184526552391
0.08,0.7,0.45,35.0,15.0,100,750,150,1685,1428,257,0.5934137141487941,0.5211186656052936,0.5211186656052936
0.08,0.7,0.45,35.0,15.0,100,750,300,1553,1310,243,0.7105112651250499,0.9243609352971481,0.7105112651250499
0.08,0.7,0.45,35.0,15.0,100,1500,150,1601,1360,241,0.3351646024027046,0.16658391212191426,0.16658391212191426
0.08,0.7,0.45,35.0,15.0,100,1500,300,1450,1224,226,0.45722181478334717,0.3185474511877125,0.3185474511877125
0.08,0.7,0.45,35.0,15.0,100,2500,150,1543,1309,234,0.7624594784066103,0.2550399378640228,0.2550399378640228
0.08,0.7,0.45,35.0,15.0,100,2500,300,1374,1160,214,0.8669423326056571,0.5690932340752701,0.5690932340752701
0.08,0.7,0.45,35.0,15.0,200,750,150,1218,1039,179,-0.008252021140418305,0.14236140347989007,-0.008252021140418305
0.08,0.7,0.45,35.0,15.0,200,750,300,992,837,155,7.13838589258806e-06,0.013160081655239346,7.13838589258806e-06
0.08,0.7,0.45,35.0,15.0,200,1500,150,1143,962,181,0.2896926349141095,0.769402753327575,0.2896926349141095
0.08,0.7,0.45,35.0,15.0,200,1500,300,904,759,145,0.5374175612935591,0.9515757275489881,0.5374175612935591
0.08,0.7,0.45,35.0,15.0,200,2500,150,1078,907,171,0.11425621981784236,0.5533060403866165,0.11425621981784236
0.08,0.7,0.45,35.0,15.0,200,2500,300,836,701,135,0.3393775854428347,0.600029088277939,0.3393775854428347
0.08,0.7,0.45,35.0,15.0,400,750,150,1077,918,159,0.17892475570780902,-0.3583458658044183,-0.3583458658044183
0.08,0.7,0.45,35.0,15.0,400,750,300,740,629,111,0.3099389216018265,0.1613960311694878,0.1613960311694878
0.08,0.7,0.45,35.0,15.0,400,1500,150,988,839,149,0.2139996661087631,0.1383178934203235,0.1383178934203235
0.08,0.7,0.45,35.0,15.0,400,1500,300,647,550,97,0.30332210807030124,0.9511146551452038,0.30332210807030124
0.08,0.7,0.45,35.0,15.0,400,2500,150,915,770,145,0.10155971060120696,1.2756113442936416,0.10155971060120696
0.08,0.7,0.45,35.0,15.0,400,2500,300,595,504,91,0.32166456154620493,1.2307805199477653,0.32166456154620493
0.08,0.7,0.45,35.0,15.0,500,750,150,1063,905,158,0.025083890053791434,-1.0329714866658046,-1.0329714866658046
0.08,0.7,0.45,35.0,15.0,500,750,300,722,613,109,0.1046938018728095,-1.0360071753655615,-1.0360071753655615
0.08,0.7,0.45,35.0,15.0,500,1500,150,961,815,146,0.10953020107546932,-0.22298521490215847,-0.22298521490215847
0.08,0.7,0.45,35.0,15.0,500,1500,300,646,545,101,0.14271985163596204,0.057605862265007766,0.057605862265007766
0.08,0.7,0.45,35.0,15.0,500,2500,150,893,750,143,0.1679864584314129,0.13812259529227408,0.13812259529227408
0.08,0.7,0.45,35.0,15.0,500,2500,300,577,480,97,0.04610940062069613,0.29601938499046865,0.04610940062069613
0.08,0.7,0.45,35.0,20.0,100,750,150,1672,1418,254,0.5561088232948018,0.6416842704222885,0.5561088232948018
0.08,0.7,0.45,35.0,20.0,100,750,300,1533,1293,240,0.6275485378397982,1.0374294332561753,0.6275485378397982
0.08,0.7,0.45,35.0,20.0,100,1500,150,1580,1344,236,0.39549219487654647,0.41624718705921243,0.39549219487654647
0.08,0.7,0.45,35.0,20.0,100,1500,300,1427,1205,222,0.5170422074884321,0.4089991110992263,0.4089991110992263
0.08,0.7,0.45,35.0,20.0,100,2500,150,1527,1295,232,0.7255040412159045,0.4091345870640786,0.4091345870640786
0.08,0.7,0.45,35.0,20.0,100,2500,300,1356,1144,212,0.81933267914076,0.690497294184261,0.690497294184261
0.08,0.7,0.45,35.0,20.0,200,750,150,1203,1027,176,-0.008483734808933607,0.31685708064474966,-0.008483734808933607
0.08,0.7,0.45,35.0,20.0,200,750,300,971,819,152,0.05871652171457156,-0.12471083454134534,-0.12471083454134534
0.08,0.7,0.45,35.0,20.0,200,1500,150,1129,952,177,0.23443904504640012,0.9392552737004947,0.23443904504640012
0.08,0.7,0.45,35.0,20.0,200,1500,300,888,748,140,0.5085687543956923,1.0183105696561698,0.5085687543956923
0.08,0.7,0.45,35.0,20.0,200,2500,150,1066,896,170,0.04090878879143658,0.63481942518947,0.04090878879143658
0.08,0.7,0.45,35.0,20.0,200,2500,300,818,686,132,0.36049111886514956,0.7949318478274345,0.36049111886514956
0.08,0.7,0.45,35.0,20.0,400,750,150,1061,903,158,0.08899829511604739,-0.2832143304954701,-0.2832143304954701
0.08,0.7,0.45,35.0,20.0,400,750,300,720,610,110,0.24674463692912582,-0.04121774535075003,-0.04121774535075003
0.08,0.7,0.45,35.0,20.0,400,1500,150,970,823,147,0.23002914092564467,-0.013117552511418438,-0.013117552511418438
0.08,0.7,0.45,35.0,20.0,400,1500,300,629,534,95,0.18692753291167358,0.831412481922324,0.18692753291167358
0.08,0.7,0.45,35.0,20.0,400,2500,150,899,758,141,0.16981766383530097,0.9971541415233565,0.16981766383530097
0.08,0.7,0.45,35.0,20.0,400,2500,300,581,490,91,0.2064468860913909,1.0069476014613215,0.2064468860913909
0.08,0.7,0.45,35.0,20.0,500,750,150,1043,887,156,-0.008244840129770559,-1.0546398889154438,-1.0546398889154438
0.08,0.7,0.45,35.0,20.0,500,750,300,689,586,103,0.0377432792575219,-1.395347997715804,-1.395347997715804
0.08,0.7,0.45,35.0,20.0,500,1500,150,933,792,141,0.08967796365403366,-0.26260939109538833,-0.26260939109538833
0.08,0.7,0.45,35.0,20.0,500,1500,300,609,513,96,0.30954872431900926,-0.03875419313917991,-0.03875419313917991
0.08,0.7,0.45,35.0,20.0,500,2500,150,874,732,142,0.03369383298666379,-0.20524813670223999,-0.20524813670223999
0.08,0.7,0.45,35.0,20.0,500,2500,300,558,464,94,0.14825338308926317,-0.10420709376140525,-0.10420709376140525
0.08,0.7,0.4,15.0,6.0,100,750,150,931,789,142,-0.046291797448524394,-0.06127845998537183,-0.06127845998537183
0.08,0.7,0.4,15.0,6.0,100,750,300,898,759,139,0.1910563152973087,-0.10114777771455326,-0.10114777771455326
0.08,0.7,0.4,15.0,6.0,100,1500,150,900,760,140,-0.4200509818797976,0.7311818544647695,-0.4200509818797976
0.08,0.7,0.4,15.0,6.0,100,1500,300,866,729,137,-0.16350698185349208,0.5291302589883653,-0.16350698185349208
0.08,0.7,0.4,15.0,6.0,100,2500,150,888,749,139,-0.43089916453007276,0.8869425100834989,-0.43089916453007276
0.08,0.7,0.4,15.0,6.0,100,2500,300,846,710,136,-0.2098436161435148,0.44876078058209284,-0.2098436161435148
0.08,0.7,0.4,15.0,6.0,200,750,150,750,635,115,-0.22124649742913666,-0.6160915233820425,-0.6160915233820425
0.08,0.7,0.4,15.0,6.0,200,750,300,691,582,109,0.05159444893658068,-0.026222100919200256,-0.026222100919200256
0.08,0.7,0.4,15.0,6.0,200,1500,150,730,613,117,-0.28780900560482836,0.4443175447485502,-0.28780900560482836
0.08,0.7,0.4,15.0,6.0,200,1500,300,661,553,108,0.18215185109643253,0.42716443874134913,0.18215185109643253
0.08,0.7,0.4,15.0,6.0,200,2500,150,723,609,114,-0.41138617869833805,0.23675589576476982,-0.41138617869833805
0.08,0.7,0.4,15.0,6.0,200,2500,300,653,546,107,0.21700415131386197,0.4563226469810115,0.21700415131386197
0.08,0.7,0.4,15.0,6.0,400,750,150,714,602,112,-0.35523056269396014,-0.9341197214456295,-0.9341197214456295
0.08,0.7,0.4,15.0,6.0,400,750,300,618,522,96,0.046185338964541536,-0.553784830967122,-0.553784830967122
0.08,0.7,0.4,15.0,6.0,400,1500,150,664,563,101,0.38503758646945385,-0.7872083643325971,-0.7872083643325971
0.08,0.7,0.4,15.0,6.0,400,1500,300,555,468,87,0.5206065669569202,-0.24701564309271887,-0.24701564309271887
0.08,0.7,0.4,15.0,6.0,400,2500,150,623,531,92,0.027091069062219,-1.435821253163387,-1.435821253163387
0.08,0.7,0.4,15.0,6.0,400,2500,300,518,443,75,0.15930808594868942,-0.6122423021637703,-0.6122423021637703
0.08,0.7,0.4,15.0,6.0,500,750,150,722,616,106,0.0684229518649317,-1.5080695524006407,-1.5080695524006407
0.08,0.7,0.4,15.0,6.0,500,750,300,608,519,89,0.09079665647867347,-0.4238763314342381,-0.4238763314342381
0.08,0.7,0.4,15.0,6.0,500,1500,150,667,564,103,-0.006245307466427191,-1.1694092299489223,-1.1694092299489223
0.08,0.7,0.4,15.0,6.0,500,1500,300,550,466,84,0.3208458202176848,-0.040856391889767925,-0.040856391889767925
0.08,0.7,0.4,15.0,6.0,500,2500,150,621,516,105,-0.36710961372098344,-1.0991266325176596,-1.0991266325176596
0.08,0.7,0.4,15.0,6.0,500,2500,300,516,432,84,0.29822780409806854,-0.2521408617880117,-0.2521408617880117
0.08,0.7,0.4,15.0,10.0,100,750,150,899,764,135,0.3642491718047234,1.063246386852825,0.3642491718047234
0.08,0.7,0.4,15.0,10.0,100,750,300,860,728,132,0.5564551770996574,0.9656314741036677,0.5564551770996574
0.08,0.7,0.4,15.0,10.0,100,1500,150,869,735,134,-0.07064058036165936,1.4478532582102563,-0.07064058036165936
0.08,0.7,0.4,15.0,10.0,100,1500,300,825,695,130,0.19659112289032013,1.1375742890382021,0.19659112289032013
0.08,0.7,0.4,15.0,10.0,100,2500,150,856,724,132,-0.030037685319004852,1.749319484461971,-0.030037685319004852
0.08,0.7,0.4,15.0,10.0,100,2500,300,804,676,128,0.18910214416155624,1.3345152319343772,0.18910214416155624
0.08,0.7,0.4,15.0,10.0,200,750,150,715,606,109,0.047625063682301405,-0.04675186270520123,-0.04675186270520123
0.08,0.7,0.4,15.0,10.0,200,750,300,644,542,102,0.29795495597288296,0.07556904866717161,0.07556904866717161
0.08,0.7,0.4,15.0,10.0,200,1500,150,696,583,113,0.04344026864450771,1.2242111334989407,0.04344026864450771
0.08,0.7,0.4,15.0,10.0,200,1500,300,618,516,102,0.46074614556178084,0.9212940967305672,0.46074614556178084
0.08,0.7,0.4,15.0,10.0,200,2500,150,684,574,110,-0.12415007985488086,1.1740376862288426,-0.12415007985488086
0.08,0.7,0.4,15.0,10.0,200,2500,300,606,505,101,0.4361311435752642,1.1971722718894715,0.4361311435752642
0.08,0.7,0.4,15.0,10.0,400,750,150,672,569,103,-0.12315983726228438,-1.7896848023699303,-1.7896848023699303
0.08,0.7,0.4,15.0,10.0,400,750,300,545,461,84,0.4164438731401606,-0.5559332359194717,-0.5559332359194717
0.08,0.7,0.4,15.0,10.0,400,1500,150,613,523,90,0.2080634797317719,0.15103964870190328,0.15103964870190328
0.08,0.7,0.4,15.0,10.0,400,1500,300,492,416,76,0.4247555102407354,0.44014902059483896,0.4247555102407354
0.08,0.7,0.4,15.0,10.0,400,2500,150,579,496,83,0.0552705863305474,0.20863669157767048,0.0552705863305474
0.08,0.7,0.4,15.0,10.0,400,2500,300,443,377,66,0.23494387886668028,0.7286514653243091,0.23494387886668028
0.08,0.7,0.4,15.0,10.0,500,750,150,668,573,95,0.18124025509936517,-0.927734873114306,-0.927734873114306
0.08,0.7,0.4,15.0,10.0,500,750,300,526,449,77,0.4526432249311288,-0.945058553713543,-0.945058553713543
0.08,0.7,0.4,15.0,10.0,500,1500,150,615,525,90,-0.00974780857839409,0.46278106407845704,-0.00974780857839409
0.08,0.7,0.4,15.0,10.0,500,1500,300,485,411,74,0.43020347385707164,0.2244919944472967,0.2244919944472967
0.08,0.7,0.4,15.0,10.0,500,2500,150,572,481,91,-0.1376091637226688,0.7092952852169575,-0.1376091637226688
0.08,0.7,0.4,15.0,10.0,500,2500,300,442,369,73,0.4128641383168567,0.18758028137798521,0.18758028137798521
0.08,0.7,0.4,15.0,15.0,100,750,150,891,758,133,0.3844725692395153,0.9498696609869506,0.3844725692395153
0.08,0.7,0.4,15.0,15.0,100,750,300,851,721,130,0.5573260334279934,0.866049294880162,0.5573260334279934
0.08,0.7,0.4,15.0,15.0,100,1500,150,859,727,132,-0.0626342728704122,1.3691931327741502,-0.0626342728704122
0.08,0.7,0.4,15.0,15.0,100,1500,300,814,686,128,0.18519247817297174,1.0456333045266117,0.18519247817297174
0.08,0.7,0.4,15.0,15.0,100,2500,150,845,715,130,0.05395469584696754,1.6844836684535252,0.05395469584696754
0.08,0.7,0.4,15.0,15.0,100,2500,300,782,659,123,0.31724187527548087,1.3745125576749715,0.31724187527548087
0.08,0.7,0.4,15.0,15.0,200,750,150,705,597,108,0.14601874335712647,-0.1743375824180498,-0.1743375824180498
0.08,0.7,0.4,15.0,15.0,200,750,300,627,526,101,0.2357136293210225,0.2738301114785463,0.2357136293210225
0.08,0.7,0.4,15.0,15.0,200,1500,150,688,577,111,0.07981517543516761,1.2774604005448429,0.07981517543516761
0.08,0.7,0.4,15.0,15.0,200,1500,300,598,498,100,0.3930949509663188,1.13237800446603,0.3930949509663188
0.08,0.7,0.4,15.0,15.0,200,2500,150,671,562,109,0.014820857940859073,1.42099170423017,0.014820857940859073
0.08,0.7,0.4,15.0,15.0,200,2500,300,584,484,100,0.43384567165224425,1.290962272533577,0.43384567165224425
0.08,0.7,0.4,15.0,15.0,400,750,150,659,559,100,-0.2621958414804804,-1.7019967392539137,-1.7019967392539137
0.08,0.7,0.4,15.0,15.0,400,750,300,520,442,78,0.29286706044772143,-0.17721902721638075,-0.17721902721638075
0.08,0.7,0.4,15.0,15.0,400,1500,150,602,513,89,0.1661830538203581,0.28350290710510684,0.1661830538203581
0.08,0.7,0.4,15.0,15.0,400,1500,300,465,394,71,0.2755724023112873,0.8007957281503695,0.2755724023112873
0.08,0.7,0.4,15.0,15.0,400,2500,150,565,485,80,-0.06188042620064226,0.31923865378391025,-0.06188042620064226
0.08,0.7,0.4,15.0,15.0,400,2500,300,419,358,61,0.0019484578453761385,1.0847641354916335,0.0019484578453761385
0.08,0.7,0.4,15.0,15.0,500,750,150,653,560,93,0.20023298549707677,-0.7118437616874618,-0.7118437616874618
0.08,0.7,0.4,15.0,15.0,500,750,300,499,428,71,0.40702119811821497,-0.7046833123131463,-0.7046833123131463
0.08,0.7,0.4,15.0,15.0,500,1500,150,601,512,89,-0.0548506292971614,0.17070948440778883,-0.0548506292971614
0.08,0.7,0.4,15.0,15.0,500,1500,300,458,386,72,0.30120243145315206,0.20191916322949088,0.20191916322949088
0.08,0.7,0.4,15.0,15.0,500,2500,150,559,469,90,0.013947022295132339,0.6334752791447587,0.013947022295132339
0.08,0.7,0.4,15.0,15.0,500,2500,300,413,348,65,0.22601689422173085,0.3294114387761068,0.22601689422173085
0.08,0.7,0.4,15.0,20.0,100,750,150,891,758,133,0.33335283866515897,0.904933351605674,0.33335283866515897
0.08,0.7,0.4,15.0,20.0,100,750,300,850,720,130,0.5432196145870354,0.8217589964262955,0.5432196145870354
0.08,0.7,0.4,15.0,20.0,100,1500,150,858,727,131,-0.07365762805079071,1.3230017584934823,-0.07365762805079071
0.08,0.7,0.4,15.0,20.0,100,1500,300,813,686,127,0.1678279431224184,0.97424519612494,0.1678279431224184
0.08,0.7,0.4,15.0,20.0,100,2500,150,845,715,130,0.00854308771383149,1.5768852404311826,0.00854308771383149
0.08,0.7,0.4,15.0,20.0,100,2500,300,782,659,123,0.2947217562021258,1.2251488505536337,0.2947217562021258
0.08,0.7,0.4,15.0,20.0,200,750,150,702,595,107,0.1234177465786805,0.004442897151962209,0.004442897151962209
0.08,0.7,0.4,15.0,20.0,200,750,300,619,520,99,0.17547638000095764,0.17959837765872405,0.17547638000095764
0.08,0.7,0.4,15.0,20.0,200,1500,150,686,576,110,0.08405403838000906,1.2874521628531415,0.08405403838000906
0.08,0.7,0.4,15.0,20.0,200,1500,300,588,489,99,0.4940459271923197,1.0767513311397272,0.4940459271923197
0.08,0.7,0.4,15.0,20.0,200,2500,150,667,560,107,-0.05841716723280334,1.511328909097429,-0.05841716723280334
0.08,0.7,0.4,15.0,20.0,200,2500,300,573,476,97,0.44187501424368425,1.1910793515718905,0.44187501424368425
0.08,0.7,0.4,15.0,20.0,400,750,150,657,558,99,-0.3718515960453177,-1.7606330325535169,-1.7606330325535169
0.08,0.7,0.4,15.0,20.0,400,750,300,513,436,77,0.14488206584521104,-0.285099712315743,-0.285099712315743
0.08,0.7,0.4,15.0,20.0,400,1500,150,599,510,89,0.08629002396176433,0.24838017696642442,0.08629002396176433
0.08,0.7,0.4,15.0,20.0,400,1500,300,456,387,69,0.22795246246307077,0.99370137962812,0.22795246246307077
0.08,0.7,0.4,15.0,20.0,400,2500,150,561,482,79,-0.21960694192979516,0.28949262439578394,-0.21960694192979516
0.08,0.7,0.4,15.0,20.0,400,2500,300,411,351,60,-0.03643235555529118,0.9959669349425916,-0.03643235555529118
0.08,0.7,0.4,15.0,20.0,500,750,150,649,556,93,0.11962683915033978,-0.8750805024673123,-0.8750805024673123
0.08,0.7,0.4,15.0,20.0,500,750,300,489,419,70,0.4055345257421111,-1.1108036698281338,-1.1108036698281338
0.08,0.7,0.4,15.0,20.0,500,1500,150,596,508,88,-0.06071593972810397,0.09688024404439796,-0.06071593972810397
0.08,0.7,0.4,15.0,20.0,500,1500,300,447,378,69,0.24267891173436817,0.513443461305137,0.24267891173436817
0.08,0.7,0.4,15.0,20.0,500,2500,150,558,468,90,0.04866947483436392,0.34412624065536584,0.04866947483436392
0.08,0.7,0.4,15.0,20.0,500,2500,300,403,339,64,0.33074978998504156,0.35570727624617404,0.33074978998504156
0.08,0.7,0.4,20.0,6.0,100,750,150,1433,1213,220,0.23433127347608976,0.8788733874362151,0.23433127347608976
0.08,0.7,0.4,20.0,6.0,100,750,300,1350,1136,214,0.3135550752879453,1.005115549012954,0.3135550752879453
0.08,0.7,0.4,20.0,6.0,100,1500,150,1358,1149,209,-0.07280546999577071,1.0239621699157455,-0.07280546999577071
0.08,0.7,0.4,20.0,6.0,100,1500,300,1270,1067,203,0.10495963372877266,1.0111183592619413,0.10495963372877266
0.08,0.7,0.4,20.0,6.0,100,2500,150,1319,1120,199,-0.028895074899305356,1.184315860699462,-0.028895074899305356
0.08,0.7,0.4,20.0,6.0,100,2500,300,1210,1019,191,0.12227942957308457,1.1659591095269606,0.12227942957308457
0.08,0.7,0.4,20.0,6.0,200,750,150,1089,926,163,0.20216720179214034,0.551103171585433,0.20216720179214034
0.08,0.7,0.4,20.0,6.0,200,750,300,964,820,144,0.15438499266998373,0.9459462782022354,0.15438499266998373
0.08,0.7,0.4,20.0,6.0,200,1500,150,1041,887,154,0.2382414408627772,0.9526865753432755,0.2382414408627772
0.08,0.7,0.4,20.0,6.0,200,1500,300,907,771,136,0.44545167716361567,1.1429956421022471,0.44545167716361567
0.08,0.7,0.4,20.0,6.0,200,2500,150,987,838,149,0.2525595644660331,0.33935288736953656,0.2525595644660331
0.08,0.7,0.4,20.0,6.0,200,2500,300,839,710,129,0.4948989250255659,1.1192360379363424,0.4948989250255659
0.08,0.7,0.4,20.0,6.0,400,750,150,1007,854,153,-0.038266956279735594,-0.3873096764748804,-0.3873096764748804
0.08,0.7,0.4,20.0,6.0,400,750,300,796,677,119,0.028873640325352678,-0.45555914158315874,-0.45555914158315874
0.08,0.7,0.4,20.0,6.0,400,1500,150,919,779,140,0.11138077121319136,0.15616905439292997,0.11138077121319136
0.08,0.7,0.4,20.0,6.0,400,1500,300,710,599,111,0.3723364534810699,0.6979394018679989,0.3723364534810699
0.08,0.7,0.4,20.0,6.0,400,2500,150,861,729,132,0.10765584016236619,0.7146169836345684,0.10765584016236619
0.08,0.7,0.4,20.0,6.0,400,2500,300,664,563,101,0.0995866107649723,0.8661415862619124,0.0995866107649723
0.08,0.7,0.4,20.0,6.0,500,750,150,1010,863,147,-0.012800492898166956,-0.560498827147518,-0.560498827147518
0.08,0.7,0.4,20.0,6.0,500,750,300,778,664,114,0.24962795123881096,-1.5174176382556628,-1.5174176382556628
0.08,0.7,0.4,20.0,6.0,500,1500,150,923,782,141,-0.23141686688790888,-0.5288646911059318,-0.5288646911059318
0.08,0.7,0.4,20.0,6.0,500,1500,300,714,604,110,0.09491937737667303,-0.09559809564899546,-0.09559809564899546
0.08,0.7,0.4,20.0,6.0,500,2500,150,840,706,134,0.014389608615789617,-0.1648840173157735,-0.1648840173157735
0.08,0.7,0.4,20.0,6.0,500,2500,300,634,527,107,0.19029551041435613,0.10852493113648556,0.10852493113648556
0.08,0.7,0.4,20.0,10.0,100,750,150,1354,1152,202,0.4435390086797551,1.3474806481125503,0.4435390086797551
0.08,0.7,0.4,20.0,10.0,100,750,300,1265,1070,195,0.4268805519391844,1.303563021673761,0.4268805519391844
0.08,0.7,0.4,20.0,10.0,100,1500,150,1288,1092,196,0.10780916729484999,1.2508434740277146,0.10780916729484999
0.08,0.7,0.4,20.0,10.0,100,1500,300,1193,1005,188,0.1808106945848588,0.9939235263473851,0.1808106945848588
0.08,0.7,0.4,20.0,10.0,100,2500,150,1248,1064,184,0.1528373679193272,1.4356393636477573,0.1528373679193272
0.08,0.7,0.4,20.0,10.0,100,2500,300,1128,952,176,0.22693995981782278,1.1668187899856055,0.22693995981782278
0.08,0.7,0.4,20.0,10.0,200,750,150,996,848,148,0.3243115184369274,0.6369867628117913,0.3243115184369274
0.08,0.7,0.4,20.0,10.0,200,750,300,854,722,132,0.25661644304877135,0.7777789805998594,0.25661644304877135
0.08,0.7,0.4,20.0,10.0,200,1500,150,948,812,136,0.200350060075318,0.5367989044447616,0.200350060075318
0.08,0.7,0.4,20.0,10.0,200,1500,300,807,687,120,0.5360084737482614,1.0168841517756737,0.5360084737482614
0.08,0.7,0.4,20.0,10.0,200,2500,150,905,773,132,0.08524318033784163,0.556190490666837,0.08524318033784163
0.08,0.7,0.4,20.0,10.0,200,2500,300,748,633,115,0.4729040318526064,1.2135259306421025,0.4729040318526064
0.08,0.7,0.4,20.0,10.0,400,750,150,914,774,140,-0.214814505262179,-0.5245607167082844,-0.5245607167082844
0.08,0.7,0.4,20.0,10.0,400,750,300,689,581,108,0.05542386743739044,-0.3826162290460381,-0.3826162290460381
0.08,0.7,0.4,20.0,10.0,400,1500,150,827,703,124,0.12921888414123361,0.49227348193094383,0.12921888414123361
0.08,0.7,0.4,20.0,10.0,400,1500,300,605,512,93,0.5768234932907225,1.2105419886678628,0.5768234932907225
0.08,0.7,0.4,20.0,10.0,400,2500,150,779,661,118,0.2444013542865292,0.9547912495914203,0.2444013542865292
0.08,0.7,0.4,20.0,10.0,400,2500,300,560,474,86,0.36421973892909104,1.1890323440691883,0.36421973892909104
0.08,0.7,0.4,20.0,10.0,500,750,150,907,775,132,0.20065175802966267,-0.40478982422509613,-0.40478982422509613
0.08,0.7,0.4,20.0,10.0,500,750,300,664,566,98,0.5608363380531642,-1.1485103895420985,-1.1485103895420985
0.08,0.7,0.4,20.0,10.0,500,1500,150,829,705,124,-0.20660750075084272,0.2841309828100709,-0.20660750075084272
0.08,0.7,0.4,20.0,10.0,500,1500,300,594,503,91,0.15350636761897946,0.13681084863279627,0.13681084863279627
0.08,0.7,0.4,20.0,10.0,500,2500,150,756,641,115,-0.048014286233870045,0.9469420097933009,-0.048014286233870045
0.08,0.7,0.4,20.0,10.0,500,2500,300,536,449,87,0.12977641286894326,0.6179410390971264,0.12977641286894326
0.08,0.7,0.4,20.0,15.0,100,750,150,1337,1138,199,0.5822889348056998,1.229975078578897,0.5822889348056998
0.08,0.7,0.4,20.0,15.0,100,750,300,1239,1048,191,0.5145672351429926,1.194016666864913,0.5145672351429926
0.08,0.7,0.4,20.0,15.0,100,1500,150,1267,1074,193,0.23182957190862022,1.0592136268488557,0.23182957190862022
0.08,0.7,0.4,20.0,15.0,100,1500,300,1164,980,184,0.2830245828364843,0.8386977745271536,0.2830245828364843
0.08,0.7,0.4,20.0,15.0,100,2500,150,1222,1041,181,0.16941137948549678,1.2756912968043337,0.16941137948549678
0.08,0.7,0.4,20.0,15.0,100,2500,300,1092,922,170,0.34750689757205777,1.1341594994058923,0.34750689757205777
0.08,0.7,0.4,20.0,15.0,200,750,150,974,829,145,0.18050182691848768,1.0774714669389243,0.18050182691848768
0.08,0.7,0.4,20.0,15.0,200,750,300,821,693,128,0.15601675714877877,1.095947097221853,0.15601675714877877
0.08,0.7,0.4,20.0,15.0,200,1500,150,922,790,132,0.058068764911666945,1.1956439689778082,0.058068764911666945
0.08,0.7,0.4,20.0,15.0,200,1500,300,763,649,114,0.44187667472851405,1.3370853774730378,0.44187667472851405
0.08,0.7,0.4,20.0,15.0,200,2500,150,882,752,130,0.013459627025505272,0.7081367610004935,0.013459627025505272
0.08,0.7,0.4,20.0,15.0,200,2500,300,708,599,109,0.44940770995042856,1.3740602757129181,0.44940770995042856
0.08,0.7,0.4,20.0,15.0,400,750,150,886,756,130,-0.0740540816158226,-0.2478193300844878,-0.2478193300844878
0.08,0.7,0.4,20.0,15.0,400,750,300,638,542,96,0.23872706611996766,-0.13693121065915684,-0.13693121065915684
0.08,0.7,0.4,20.0,15.0,400,1500,150,799,681,118,-0.060361894619118145,0.8497386459816089,-0.060361894619118145
0.08,0.7,0.4,20.0,15.0,400,1500,300,571,486,85,0.35996583585138664,1.101066026107137,0.35996583585138664
0.08,0.7,0.4,20.0,15.0,400,2500,150,754,640,114,0.07220496554118677,1.434382657118462,0.07220496554118677
0.08,0.7,0.4,20.0,15.0,400,2500,300,521,442,79,0.31752134347488226,1.1868988492848789,0.31752134347488226
0.08,0.7,0.4,20.0,15.0,500,750,150,870,744,126,0.1322133866356111,-0.12180917200681587,-0.12180917200681587
0.08,0.7,0.4,20.0,15.0,500,750,300,617,529,88,0.45814837769015027,-1.084306733669652,-1.084306733669652
0.08,0.7,0.4,20.0,15.0,500,1500,150,801,680,121,-0.30521562486566545,0.16509339106308304,-0.30521562486566545
0.08,0.7,0.4,20.0,15.0,500,1500,300,560,474,86,0.05652871840863089,0.07970981659042477,0.05652871840863089
0.08,0.7,0.4,20.0,15.0,500,2500,150,736,622,114,-0.16249792292780607,0.9199908554396473,-0.16249792292780607
0.08,0.7,0.4,20.0,15.0,500,2500,300,507,425,82,-0.02523254957951748,0.44901241450667684,-0.02523254957951748
0.08,0.7,0.4,20.0,20.0,100,750,150,1333,1135,198,0.5154855911206536,1.0856080078540133,0.5154855911206536
0.08,0.7,0.4,20.0,20.0,100,750,300,1234,1044,190,0.44805420075558844,1.0664401168117243,0.44805420075558844
0.08,0.7,0.4,20.0,20.0,100,1500,150,1262,1071,191,0.1862351268189617,1.0790215174399658,0.1862351268189617
0.08,0.7,0.4,20.0,20.0,100,1500,300,1155,973,182,0.21882311792540365,0.6760918393742346,0.21882311792540365
0.08,0.7,0.4,20.0,20.0,100,2500,150,1219,1038,181,0.13442535196708266,1.2741734930242699,0.13442535196708266
0.08,0.7,0.4,20.0,20.0,100,2500,300,1083,914,169,0.26062475730155604,0.9233246081587273,0.26062475730155604
0.08,0.7,0.4,20.0,20.0,200,750,150,965,821,144,0.18141181334354825,1.3976696333051923,0.18141181334354825
0.08,0.7,0.4,20.0,20.0,200,750,300,806,680,126,0.15337786102860967,1.24465052436783,0.15337786102860967
0.08,0.7,0.4,20.0,20.0,200,1500,150,916,785,131,0.09028636883625663,1.3476667411185965,0.09028636883625663
0.08,0.7,0.4,20.0,20.0,200,1500,300,752,640,112,0.49019624131880896,1.2891691090539088,0.49019624131880896
0.08,0.7,0.4,20.0,20.0,200,2500,150,875,746,129,0.04807540141893006,0.569332654604495,0.04807540141893006
0.08,0.7,0.4,20.0,20.0,200,2500,300,696,589,107,0.405493200556861,1.2811302009265502,0.405493200556861
0.08,0.7,0.4,20.0,20.0,400,750,150,877,747,130,-0.1283948314954231,-0.346385539583263,-0.346385539583263
0.08,0.7,0.4,20.0,20.0,400,750,300,624,531,93,0.13595336373236475,-0.18267494709936713,-0.18267494709936713
0.08,0.7,0.4,20.0,20.0,400,1500,150,788,670,118,0.014157635238306172,0.6440970331414048,0.014157635238306172
0.08,0.7,0.4,20.0,20.0,400,1500,300,553,470,83,0.38393669292751403,1.0101058112187142,0.38393669292751403
0.08,0.7,0.4,20.0,20.0,400,2500,150,746,632,114,0.015007171470179723,0.9373602614070805,0.015007171470179723
0.08,0.7,0.4,20.0,20.0,400,2500,300,510,432,78,0.12298158947521322,0.8929544396716721,0.12298158947521322
0.08,0.7,0.4,20.0,20.0,500,750,150,863,737,126,0.023190792311921875,-0.4008610263525355,-0.4008610263525355
0.08,0.7,0.4,20.0,20.0,500,750,300,604,519,85,0.3256691822662887,-1.2960714975234127,-1.2960714975234127
0.08,0.7,0.4,20.0,20.0,500,1500,150,792,672,120,-0.34529945365805503,-0.15979657203715283,-0.34529945365805503
0.08,0.7,0.4,20.0,20.0,500,1500,300,546,462,84,0.028681297211224848,-0.12111764141788312,-0.12111764141788312
0.08,0.7,0.4,20.0,20.0,500,2500,150,729,616,113,-0.27057038420244384,0.314656328216284,-0.27057038420244384
0.08,0.7,0.4,20.0,20.0,500,2500,300,497,416,81,-0.0019920023039760133,0.23644159425374772,-0.0019920023039760133
0.08,0.7,0.4,25.0,6.0,100,750,150,1683,1421,262,0.09077713858867041,0.88513567880428,0.09077713858867041
0.08,0.7,0.4,25.0,6.0,100,750,300,1575,1323,252,0.18484720398829074,1.3340392125652396,0.18484720398829074
0.08,0.7,0.4,25.0,6.0,100,1500,150,1608,1362,246,0.03303428320594144,1.1795859294739595,0.03303428320594144
0.08,0.7,0.4,25.0,6.0,100,1500,300,1484,1249,235,0.23354571481350406,1.2291782729056713,0.23354571481350406
0.08,0.7,0.4,25.0,6.0,100,2500,150,1530,1297,233,0.30085914573620764,1.1779777316882132,0.30085914573620764
0.08,0.7,0.4,25.0,6.0,100,2500,300,1392,1171,221,0.45418043688973825,1.2893687131118021,0.45418043688973825
0.08,0.7,0.4,25.0,6.0,200,750,150,1283,1085,198,-0.043599214596469434,0.2969204822301827,-0.043599214596469434
0.08,0.7,0.4,25.0,6.0,200,750,300,1108,935,173,0.1196721260117243,0.49492640307916674,0.1196721260117243
0.08,0.7,0.4,25.0,6.0,200,1500,150,1220,1026,194,-0.013054852192996323,0.7962628602138069,-0.013054852192996323
0.08,0.7,0.4,25.0,6.0,200,1500,300,1029,865,164,0.36238188972240765,0.7960349240462292,0.36238188972240765
0.08,0.7,0.4,25.0,6.0,200,2500,150,1151,965,186,0.1480640210431343,0.34160966789054165,0.1480640210431343
0.08,0.7,0.4,25.0,6.0,200,2500,300,950,792,158,0.45053622658687753,0.5020110960269785,0.45053622658687753
0.08,0.7,0.4,25.0,6.0,400,750,150,1166,995,171,-0.2580208758900517,-0.7590357738738307,-0.7590357738738307
0.08,0.7,0.4,25.0,6.0,400,750,300,912,772,140,-0.09149440034989473,-0.9971700967392931,-0.9971700967392931
0.08,0.7,0.4,25.0,6.0,400,1500,150,1079,911,168,-0.0015212370605541831,-0.26625345064614636,-0.26625345064614636
0.08,0.7,0.4,25.0,6.0,400,1500,300,800,668,132,0.2931033295505867,0.22553722655822434,0.22553722655822434
0.08,0.7,0.4,25.0,6.0,400,2500,150,1012,852,160,-0.25905371030606017,0.8724556540218338,-0.25905371030606017
0.08,0.7,0.4,25.0,6.0,400,2500,300,734,619,115,0.13415949797837873,0.7894639918709833,0.13415949797837873
0.08,0.7,0.4,25.0,6.0,500,750,150,1175,998,177,-0.25506683875993164,-1.3822720331676326,-1.3822720331676326
0.08,0.7,0.4,25.0,6.0,500,750,300,878,743,135,0.012128022467868246,-1.9949800128136277,-1.9949800128136277
0.08,0.7,0.4,25.0,6.0,500,1500,150,1079,914,165,-0.08488654759755378,-0.9307656157226634,-0.9307656157226634
0.08,0.7,0.4,25.0,6.0,500,1500,300,802,672,130,0.060646181826009116,-0.11677668135531553,-0.11677668135531553
0.08,0.7,0.4,25.0,6.0,500,2500,150,984,820,164,0.10581941617830645,-0.7386556102247469,-0.7386556102247469
0.08,0.7,0.4,25.0,6.0,500,2500,300,717,590,127,0.07754977574697364,-0.04433347571651136,-0.04433347571651136
0.08,0.7,0.4,25.0,10.0,100,750,150,1558,1324,234,0.2707481317066417,1.0013203610661743,0.2707481317066417
0.08,0.7,0.4,25.0,10.0,100,750,300,1444,1219,225,0.3250940209738479,1.3375085782178218,0.3250940209738479
0.08,0.7,0.4,25.0,10.0,100,1500,150,1481,1257,224,0.2652003148113162,1.396400468641844,0.2652003148113162
0.08,0.7,0.4,25.0,10.0,100,1500,300,1348,1137,211,0.3433212980115335,1.2801955092006136,0.3433212980115335
0.08,0.7,0.4,25.0,10.0,100,2500,150,1422,1209,213,0.6213745314329581,1.2975779532925242,0.6213745314329581
0.08,0.7,0.4,25.0,10.0,100,2500,300,1270,1071,199,0.5984598981661671,1.2126093546179249,0.5984598981661671
0.08,0.7,0.4,25.0,10.0,200,750,150,1126,955,171,0.23137798263652712,0.5519881406985588,0.23137798263652712
0.08,0.7,0.4,25.0,10.0,200,750,300,938,789,149,0.34768411157785023,0.47208954990024576,0.34768411157785023
0.08,0.7,0.4,25.0,10.0,200,1500,150,1076,909,167,0.09040138527139423,0.7102858589627569,0.09040138527139423
0.08,0.7,0.4,25.0,10.0,200,1500,300,880,740,140,0.5275324290807926,0.7762376158549823,0.5275324290807926
0.08,0.7,0.4,25.0,10.0,200,2500,150,1027,867,160,0.22097758259757525,0.7337477016122553,0.22097758259757525
0.08,0.7,0.4,25.0,10.0,200,2500,300,820,688,132,0.5642532378947928,0.8310840262732233,0.5642532378947928
0.08,0.7,0.4,25.0,10.0,400,750,150,1032,878,154,0.024805364487268142,-1.1924954247152322,-1.1924954247152322
0.08,0.7,0.4,25.0,10.0,400,750,300,751,633,118,0.14453457292651503,-0.2912462189916338,-0.2912462189916338
0.08,0.7,0.4,25.0,10.0,400,1500,150,937,792,145,0.15769051160591144,0.21659005544889198,0.15769051160591144
0.08,0.7,0.4,25.0,10.0,400,1500,300,643,539,104,0.4267560581728657,0.9449965549539002,0.4267560581728657
0.08,0.7,0.4,25.0,10.0,400,2500,150,892,750,142,-0.02719841859315674,1.05054862489981,-0.02719841859315674
0.08,0.7,0.4,25.0,10.0,400,2500,300,613,515,98,0.2669098664992859,1.2766221729418614,0.2669098664992859
0.08,0.7,0.4,25.0,10.0,500,750,150,1030,876,154,0.08725783310008017,-1.57771937025447,-1.57771937025447
0.08,0.7,0.4,25.0,10.0,500,750,300,725,611,114,0.36278922154799303,-2.085814524209245,-2.085814524209245
0.08,0.7,0.4,25.0,10.0,500,1500,150,932,788,144,0.23960551754872433,-0.42177996498139153,-0.42177996498139153
0.08,0.7,0.4,25.0,10.0,500,1500,300,656,549,107,0.30019110588010806,0.009554402968367652,0.009554402968367652
0.08,0.7,0.4,25.0,10.0,500,2500,150,854,714,140,0.2181625601653213,-0.1419353538551049,-0.1419353538551049
0.08,0.7,0.4,25.0,10.0,500,2500,300,584,483,101,0.2317790272736218,-0.18866245727093828,-0.18866245727093828
0.08,0.7,0.4,25.0,15.0,100,750,150,1520,1291,229,0.48816225022783916,0.8143196325551673,0.48816225022783916
0.08,0.7,0.4,25.0,15.0,100,750,300,1398,1179,219,0.46708402122050136,1.217033799002841,0.46708402122050136
0.08,0.7,0.4,25.0,15.0,100,1500,150,1453,1233,220,0.29018130088856087,1.1479058667297597,0.29018130088856087
0.08,0.7,0.4,25.0,15.0,100,1500,300,1315,1108,207,0.42513560831742103,1.0740526272252597,0.42513560831742103
0.08,0.7,0.4,25.0,15.0,100,2500,150,1389,1180,209,0.5219688698434175,1.0121258248980514,0.5219688698434175
0.08,0.7,0.4,25.0,15.0,100,2500,300,1229,1036,193,0.653773316295223,1.003920586489982,0.653773316295223
0.08,0.7,0.4,25.0,15.0,200,750,150,1094,927,167,0.05921639101260168,0.3892470604386481,0.05921639101260168
0.08,0.7,0.4,25.0,15.0,200,750,300,908,763,145,0.17893293105856348,0.35530308193743415,0.17893293105856348
0.08,0.7,0.4,25.0,15.0,200,1500,150,1042,879,163,0.017351830427852634,0.8472471491553294,0.017351830427852634
0.08,0.7,0.4,25.0,15.0,200,1500,300,841,707,134,0.4863794855123322,0.9751617442337146,0.4863794855123322
0.08,0.7,0.4,25.0,15.0,200,2500,150,988,832,156,0.16543265204024976,0.5962959880948364,0.16543265204024976
0.08,0.7,0.4,25.0,15.0,200,2500,300,782,655,127,0.5014516402255009,0.650508769099193,0.5014516402255009
0.08,0.7,0.4,25.0,15.0,400,750,150,985,842,143,-0.0125682687567695,-0.49892777991706866,-0.49892777991706866
0.08,0.7,0.4,25.0,15.0,400,750,300,683,578,105,0.2149851691059056,-0.00044044513541963533,-0.00044044513541963533
0.08,0.7,0.4,25.0,15.0,400,1500,150,899,762,137,0.2721032118785193,0.1334160796674162,0.1334160796674162
0.08,0.7,0.4,25.0,15.0,400,1500,300,598,503,95,0.3813199444946197,0.6780069490420327,0.3813199444946197
0.08,0.7,0.4,25.0,15.0,400,2500,150,847,714,133,0.09970393372698891,1.232182541110791,0.09970393372698891
0.08,0.7,0.4,25.0,15.0,400,2500,300,560,472,88,0.2562332609262272,1.1536060124471161,0.2562332609262272
0.08,0.7,0.4,25.0,15.0,500,750,150,969,826,143,0.10384261803026235,-1.3688815631179854,-1.3688815631179854
0.08,0.7,0.4,25.0,15.0,500,750,300,664,565,99,0.29780528395497513,-1.4996828233932447,-1.4996828233932447
0.08,0.7,0.4,25.0,15.0,500,1500,150,879,745,134,0.2708409670550311,-0.5265385550157015,-0.5265385550157015
0.08,0.7,0.4,25.0,15.0,500,1500,300,598,502,96,0.2534772191211161,-0.002156461224167605,-0.002156461224167605
0.08,0.7,0.4,25.0,15.0,500,2500,150,817,684,133,0.19292958443669647,-0.03621229826230632,-0.03621229826230632
0.08,0.7,0.4,25.0,15.0,500,2500,300,541,448,93,0.15984055212321277,-0.045676492311586346,-0.045676492311586346
0.08,0.7,0.4,25.0,20.0,100,750,150,1514,1287,227,0.4662002200602681,0.7858342034520959,0.4662002200602681
0.08,0.7,0.4,25.0,20.0,100,750,300,1388,1171,217,0.4197881814241016,1.2279409617124097,0.4197881814241016
0.08,0.7,0.4,25.0,20.0,100,1500,150,1444,1227,217,0.2723425588525086,1.2231243122630324,0.2723425588525086
0.08,0.7,0.4,25.0,20.0,100,1500,300,1300,1096,204,0.41517270535100087,1.0225879358571437,0.41517270535100087
0.08,0.7,0.4,25.0,20.0,100,2500,150,1383,1175,208,0.5247070226469924,0.952343626839023,0.5247070226469924
0.08,0.7,0.4,25.0,20.0,100,2500,300,1217,1027,190,0.633772244265786,0.9458902429802774,0.633772244265786
0.08,0.7,0.4,25.0,20.0,200,750,150,1086,921,165,0.08656657576173274,0.4402718053270416,0.08656657576173274
0.08,0.7,0.4,25.0,20.0,200,750,300,890,747,143,0.23810060044839645,0.3028509687879934,0.23810060044839645
0.08,0.7,0.4,25.0,20.0,200,1500,150,1034,873,161,0.12128711874774364,0.7936271207540959,0.12128711874774364
0.08,0.7,0.4,25.0,20.0,200,1500,300,827,695,132,0.6050142214298965,0.8668087702072421,0.6050142214298965
0.08,0.7,0.4,25.0,20.0,200,2500,150,980,824,156,0.14897313681316698,0.6234128562058129,0.14897313681316698
0.08,0.7,0.4,25.0,20.0,200,2500,300,768,642,126,0.46670720886379047,0.7255212808146265,0.46670720886379047
0.08,0.7,0.4,25.0,20.0,400,750,150,973,831,142,-0.0317010363405179,-0.6570249183116148,-0.6570249183116148
0.08,0.7,0.4,25.0,20.0,400,750,300,671,567,104,0.0935188404287072,-0.3064425806589464,-0.3064425806589464
0.08,0.7,0.4,25.0,20.0,400,1500,150,887,751,136,0.31308727781455015,0.10249522203042809,0.10249522203042809
0.08,0.7,0.4,25.0,20.0,400,1500,300,581,487,94,0.31533593047960995,0.47930692110906836,0.31533593047960995
0.08,0.7,0.4,25.0,20.0,400,2500,150,837,704,133,0.12184501429296635,0.8223156868908953,0.12184501429296635
0.08,0.7,0.4,25.0,20.0,400,2500,300,546,459,87,0.19773740489226274,0.7629816175329113,0.19773740489226274
0.08,0.7,0.4,25.0,20.0,500,750,150,957,814,143,0.1304458947008617,-1.539795672770109,-1.539795672770109
0.08,0.7,0.4,25.0,20.0,500,750,300,647,551,96,0.29614738903610355,-1.822125986862591,-1.822125986862591
0.08,0.7,0.4,25.0,20.0,500,1500,150,863,729,134,0.30672038391028716,-0.6603600639832579,-0.6603600639832579
0.08,0.7,0.4,25.0,20.0,500,1500,300,578,484,94,0.3167992302671654,-0.10352118422517924,-0.10352118422517924
0.08,0.7,0.4,25.0,20.0,500,2500,150,809,676,133,0.32651495614362896,-0.5394272564066347,-0.5394272564066347
0.08,0.7,0.4,25.0,20.0,500,2500,300,527,436,91,0.1624250688343425,-0.5456070678796765,-0.5456070678796765
0.08,0.7,0.4,30.0,6.0,100,750,150,1848,1558,290,0.2760579143385514,0.6106348445308548,0.2760579143385514
0.08,0.7,0.4,30.0,6.0,100,750,300,1717,1443,274,0.3879938780756255,1.3835736375426355,0.3879938780756255
0.08,0.7,0.4,30.0,6.0,100,1500,150,1759,1492,267,-0.02228382913078622,1.111803360895685,-0.02228382913078622
0.08,0.7,0.4,30.0,6.0,100,1500,300,1617,1362,255,0.1672248369863863,1.261526491699406,0.1672248369863863
0.08,0.7,0.4,30.0,6.0,100,2500,150,1674,1418,256,0.2178159173463694,1.1776797872474378,0.2178159173463694
0.08,0.7,0.4,30.0,6.0,100,2500,300,1508,1269,239,0.3901357384516037,1.3045379627038374,0.3901357384516037
0.08,0.7,0.4,30.0,6.0,200,750,150,1404,1191,213,-0.08146728470045969,0.2727595177482916,-0.08146728470045969
0.08,0.7,0.4,30.0,6.0,200,750,300,1200,1014,186,0.07062639915369567,-0.12818495401936392,-0.12818495401936392
0.08,0.7,0.4,30.0,6.0,200,1500,150,1323,1107,216,-0.05826438419808795,0.6992242571994466,-0.05826438419808795
0.08,0.7,0.4,30.0,6.0,200,1500,300,1101,924,177,0.2476395223772945,0.46457095416190197,0.2476395223772945
0.08,0.7,0.4,30.0,6.0,200,2500,150,1249,1045,204,0.02089381872859741,-0.04638518252909863,-0.04638518252909863
0.08,0.7,0.4,30.0,6.0,200,2500,300,1018,848,170,0.33779388025306306,0.03237544408753983,0.03237544408753983
0.08,0.7,0.4,30.0,6.0,400,750,150,1273,1082,191,-0.05860070161123389,-0.8382506412783581,-0.8382506412783581
0.08,0.7,0.4,30.0,6.0,400,750,300,965,815,150,0.15255268356745913,-0.8777083990323926,-0.8777083990323926
0.08,0.7,0.4,30.0,6.0,400,1500,150,1176,988,188,0.11533729268365828,-0.1984226255289168,-0.1984226255289168
0.08,0.7,0.4,30.0,6.0,400,1500,300,862,721,141,0.3290991073431272,0.3589669555815255,0.3290991073431272
0.08,0.7,0.4,30.0,6.0,400,2500,150,1104,931,173,-0.3598144082236972,1.171370884447105,-0.3598144082236972
0.08,0.7,0.4,30.0,6.0,400,2500,300,800,669,131,0.23159855556328127,0.7543387145611111,0.23159855556328127
0.08,0.7,0.4,30.0,6.0,500,750,150,1265,1072,193,-0.09381520790919666,-1.268497133142845,-1.268497133142845
0.08,0.7,0.4,30.0,6.0,500,750,300,925,780,145,0.11325028987904975,-1.6348886795428714,-1.6348886795428714
0.08,0.7,0.4,30.0,6.0,500,1500,150,1151,974,177,-0.010335299751519358,-0.9438577540492342,-0.9438577540492342
0.08,0.7,0.4,30.0,6.0,500,1500,300,848,708,140,0.20451498464663193,0.12121019365381404,0.12121019365381404
0.08,0.7,0.4,30.0,6.0,500,2500,150,1062,886,176,0.30779620598244956,-0.7099296751100641,-0.7099296751100641
0.08,0.7,0.4,30.0,6.0,500,2500,300,748,617,131,0.30949576622429525,-0.2023283065863711,-0.2023283065863711
0.08,0.7,0.4,30.0,10.0,100,750,150,1671,1420,251,0.42642562605742934,1.1492634230894427,0.42642562605742934
0.08,0.7,0.4,30.0,10.0,100,750,300,1546,1306,240,0.409627345524056,1.303359570949238,0.409627345524056
0.08,0.7,0.4,30.0,10.0,100,1500,150,1598,1359,239,0.06280655047072475,1.0217900697108948,0.06280655047072475
0.08,0.7,0.4,30.0,10.0,100,1500,300,1449,1224,225,0.11730752537698447,1.0167139900651077,0.11730752537698447
0.08,0.7,0.4,30.0,10.0,100,2500,150,1524,1293,231,0.4559031700739788,0.9599675758520397,0.4559031700739788
0.08,0.7,0.4,30.0,10.0,100,2500,300,1355,1143,212,0.46852076743362747,0.986236582815743,0.46852076743362747
0.08,0.7,0.4,30.0,10.0,200,750,150,1211,1031,180,0.1673477536550311,0.4763117321131251,0.1673477536550311
0.08,0.7,0.4,30.0,10.0,200,750,300,1001,846,155,0.12897364346320986,-0.046267457956973096,-0.046267457956973096
0.08,0.7,0.4,30.0,10.0,200,1500,150,1146,964,182,0.17231956012418073,0.7044666209580613,0.17231956012418073
0.08,0.7,0.4,30.0,10.0,200,1500,300,923,774,149,0.550118482976264,0.6730626165845613,0.550118482976264
0.08,0.7,0.4,30.0,10.0,200,2500,150,1084,908,176,0.14415049483092235,0.39584496414343845,0.14415049483092235
0.08,0.7,0.4,30.0,10.0,200,2500,300,857,712,145,0.49793191873412485,0.41049006562411033,0.41049006562411033
0.08,0.7,0.4,30.0,10.0,400,750,150,1092,930,162,0.18246523517242713,-0.7130901182737227,-0.7130901182737227
0.08,0.7,0.4,30.0,10.0,400,750,300,792,669,123,0.18168357574332614,0.10344777674922039,0.10344777674922039
0.08,0.7,0.4,30.0,10.0,400,1500,150,999,845,154,0.31837276405732173,0.3178062026334273,0.3178062026334273
0.08,0.7,0.4,30.0,10.0,400,1500,300,684,576,108,0.45882927409120544,1.0608750537078544,0.45882927409120544
0.08,0.7,0.4,30.0,10.0,400,2500,150,934,786,148,0.07166821035989333,1.3744950726850025,0.07166821035989333
0.08,0.7,0.4,30.0,10.0,400,2500,300,632,533,99,0.4112087788901171,1.431216930356834,0.4112087788901171
0.08,0.7,0.4,30.0,10.0,500,750,150,1086,923,163,0.1122359529181704,-1.2086446966126316,-1.2086446966126316
0.08,0.7,0.4,30.0,10.0,500,750,300,754,640,114,0.35900040282789925,-1.6214902237633706,-1.6214902237633706
0.08,0.7,0.4,30.0,10.0,500,1500,150,985,836,149,0.14656920294709178,-0.1561928912989374,-0.1561928912989374
0.08,0.7,0.4,30.0,10.0,500,1500,300,691,582,109,0.34424664258023124,0.25317941646061465,0.25317941646061465
0.08,0.7,0.4,30.0,10.0,500,2500,150,912,765,147,0.20244293128415444,0.03819486517883101,0.03819486517883101
0.08,0.7,0.4,30.0,10.0,500,2500,300,613,511,102,0.24052702977438975,0.06682630254135256,0.06682630254135256
0.08,0.7,0.4,30.0,15.0,100,750,150,1625,1380,245,0.6571490182175399,1.0912017378869812,0.6571490182175399
0.08,0.7,0.4,30.0,15.0,100,750,300,1492,1260,232,0.5551633660656101,1.2243032512383911,0.5551633660656101
0.08,0.7,0.4,30.0,15.0,100,1500,150,1557,1325,232,0.1495932707952194,0.9626771960053674,0.1495932707952194
0.08,0.7,0.4,30.0,15.0,100,1500,300,1403,1186,217,0.21680229683630015,0.934775898745752,0.21680229683630015
0.08,0.7,0.4,30.0,15.0,100,2500,150,1479,1255,224,0.44121869575345196,0.9776128424750901,0.44121869575345196
0.08,0.7,0.4,30.0,15.0,100,2500,300,1308,1105,203,0.5087800944450128,0.9183163919923607,0.5087800944450128
0.08,0.7,0.4,30.0,15.0,200,750,150,1162,989,173,0.048534028303727515,0.41084649231713777,0.048534028303727515
0.08,0.7,0.4,30.0,15.0,200,750,300,954,806,148,0.024497819212121748,-0.01786052757966553,-0.01786052757966553
0.08,0.7,0.4,30.0,15.0,200,1500,150,1108,933,175,0.1087677460825091,0.7436933227946083,0.1087677460825091
0.08,0.7,0.4,30.0,15.0,200,1500,300,877,736,141,0.4762067017897987,0.731969723085361,0.4762067017897987
0.08,0.7,0.4,30.0,15.0,200,2500,150,1038,872,166,0.02628683901757714,0.4614675296265241,0.02628683901757714
0.08,0.7,0.4,30.0,15.0,200,2500,300,812,678,134,0.39020140853859836,0.32627804673125954,0.32627804673125954
0.08,0.7,0.4,30.0,15.0,400,750,150,1037,886,151,0.2019619437949243,-0.2647792683663365,-0.2647792683663365
0.08,0.7,0.4,30.0,15.0,400,750,300,716,608,108,0.29989256599225167,0.18932779775926828,0.18932779775926828
0.08,0.7,0.4,30.0,15.0,400,1500,150,950,804,146,0.35507960838507524,0.5424495464185036,0.35507960838507524
0.08,0.7,0.4,30.0,15.0,400,1500,300,633,537,96,0.39056894714113555,0.8818583806645303,0.39056894714113555
0.08,0.7,0.4,30.0,15.0,400,2500,150,890,750,140,0.05796115112309047,1.6532699624473421,0.05796115112309047
0.08,0.7,0.4,30.0,15.0,400,2500,300,585,496,89,0.29721818814590917,1.3511587494157273,0.29721818814590917
0.08,0.7,0.4,30.0,15.0,500,750,150,1022,870,152,0.10717442716694296,-1.0054955269157249,-1.0054955269157249
0.08,0.7,0.4,30.0,15.0,500,750,300,696,595,101,0.21565169899875966,-1.1368191957802907,-1.1368191957802907
0.08,0.7,0.4,30.0,15.0,500,1500,150,925,786,139,0.3399462762976837,-0.2014991651444794,-0.2014991651444794
0.08,0.7,0.4,30.0,15.0,500,1500,300,625,528,97,0.20764575276945746,0.33505170547627283,0.20764575276945746
0.08,0.7,0.4,30.0,15.0,500,2500,150,860,720,140,0.41860106957360754,-0.1746314043942565,-0.1746314043942565
0.08,0.7,0.4,30.0,15.0,500,2500,300,559,465,94,0.1736066866941269,-0.17238901206498775,-0.17238901206498775
0.08,0.7,0.4,30.0,20.0,100,750,150,1613,1371,242,0.6049862125524255,1.156743263659309,0.6049862125524255
0.08,0.7,0.4,30.0,20.0,100,750,300,1472,1243,229,0.5160041611293845,1.3236552385187954,0.5160041611293845
0.08,0.7,0.4,30.0,20.0,100,1500,150,1543,1315,228,0.13856650015569594,1.132764172701236,0.13856650015569594
0.08,0.7,0.4,30.0,20.0,100,1500,300,1383,1170,213,0.25172208569606924,1.0311172979639491,0.25172208569606924
0.08,0.7,0.4,30.0,20.0,100,2500,150,1470,1248,222,0.3744771413943928,0.9423995513642044,0.3744771413943928
0.08,0.7,0.4,30.0,20.0,100,2500,300,1289,1090,199,0.4691297251698731,1.0137327277260302,0.4691297251698731
0.08,0.7,0.4,30.0,20.0,200,750,150,1150,980,170,0.11418227759763798,0.5495040984294405,0.11418227759763798
0.08,0.7,0.4,30.0,20.0,200,750,300,936,790,146,0.12176187070128197,-0.11262919658623906,-0.11262919658623906
0.08,0.7,0.4,30.0,20.0,200,1500,150,1097,925,172,0.2330763609606546,0.939121913876355,0.2330763609606546
0.08,0.7,0.4,30.0,20.0,200,1500,300,865,728,137,0.5784306981818047,0.8971261546215162,0.5784306981818047
0.08,0.7,0.4,30.0,20.0,200,2500,150,1030,864,166,0.08659232851225446,0.4935848997232431,0.08659232851225446
0.08,0.7,0.4,30.0,20.0,200,2500,300,801,669,132,0.4429880940218826,0.5159723005538626,0.4429880940218826
0.08,0.7,0.4,30.0,20.0,400,750,150,1027,876,151,0.06830606406776947,-0.310224809923919,-0.310224809923919
0.08,0.7,0.4,30.0,20.0,400,750,300,701,595,106,0.19896974671916384,-0.02031101288365241,-0.02031101288365241
0.08,0.7,0.4,30.0,20.0,400,1500,150,937,792,145,0.3630279689282621,0.06573287624182106,0.06573287624182106
0.08,0.7,0.4,30.0,20.0,400,1500,300,616,521,95,0.32229295718204437,0.8948564788051249,0.32229295718204437
0.08,0.7,0.4,30.0,20.0,400,2500,150,878,740,138,0.022433141020040008,1.322343538485348,0.022433141020040008
0.08,0.7,0.4,30.0,20.0,400,2500,300,569,480,89,0.17282889082385483,1.123266249441659,0.17282889082385483
0.08,0.7,0.4,30.0,20.0,500,750,150,1005,855,150,0.07712332560746217,-1.026226685051863,-1.026226685051863
0.08,0.7,0.4,30.0,20.0,500,750,300,667,571,96,0.2008459811152851,-1.257831076066266,-1.257831076066266
0.08,0.7,0.4,30.0,20.0,500,1500,150,904,768,136,0.26964964527391644,-0.39432155705738714,-0.39432155705738714
0.08,0.7,0.4,30.0,20.0,500,1500,300,596,502,94,0.32343994933433756,0.21747393700836148,0.21747393700836148
0.08,0.7,0.4,30.0,20.0,500,2500,150,847,709,138,0.38459663937065786,-0.46014800159316355,-0.46014800159316355
0.08,0.7,0.4,30.0,20.0,500,2500,300,546,455,91,0.11604908086439818,-0.5359410719738193,-0.5359410719738193
0.08,0.7,0.4,35.0,6.0,100,750,150,1939,1628,311,0.24324047342451938,0.6772921690308777,0.24324047342451938
0.08,0.7,0.4,35.0,6.0,100,750,300,1803,1506,297,0.341391135179271,0.9368306417041825,0.341391135179271
0.08,0.7,0.4,35.0,6.0,100,1500,150,1832,1546,286,0.08974409132515565,0.36297498960519253,0.08974409132515565
0.08,0.7,0.4,35.0,6.0,100,1500,300,1677,1406,271,0.19573869412587377,0.6943925643849475,0.19573869412587377
0.08,0.7,0.4,35.0,6.0,100,2500,150,1747,1472,275,0.3478241275291052,0.48492586686521383,0.3478241275291052
0.08,0.7,0.4,35.0,6.0,100,2500,300,1563,1306,257,0.5039222558511867,0.6706439661675995,0.5039222558511867
0.08,0.7,0.4,35.0,6.0,200,750,150,1498,1268,230,-0.09272348307275456,-0.06733586170165869,-0.09272348307275456
0.08,0.7,0.4,35.0,6.0,200,750,300,1269,1069,200,0.038615503050218825,-0.19907046608326795,-0.19907046608326795
0.08,0.7,0.4,35.0,6.0,200,1500,150,1390,1168,222,0.032858372925209274,0.6594387955006489,0.032858372925209274
0.08,0.7,0.4,35.0,6.0,200,1500,300,1153,974,179,0.27462177673797084,0.5962276912866077,0.27462177673797084
0.08,0.7,0.4,35.0,6.0,200,2500,150,1310,1097,213,0.04450145625199432,-0.16195482609550238,-0.16195482609550238
0.08,0.7,0.4,35.0,6.0,200,2500,300,1068,894,174,0.3095537562177969,0.19123125134995572,0.19123125134995572
0.08,0.7,0.4,35.0,6.0,400,750,150,1335,1130,205,-0.016592072691331002,-0.7251302069207843,-0.7251302069207843
0.08,0.7,0.4,35.0,6.0,400,750,300,993,838,155,0.14830729188254044,-0.3156589070697459,-0.3156589070697459
0.08,0.7,0.4,35.0,6.0,400,1500,150,1238,1038,200,-0.027381311545064093,-0.31640424603162165,-0.31640424603162165
0.08,0.7,0.4,35.0,6.0,400,1500,300,890,745,145,0.2555130210679565,0.5611092996211963,0.2555130210679565
0.08,0.7,0.4,35.0,6.0,400,2500,150,1136,955,181,-0.24751083466246926,1.177147288624407,-0.24751083466246926
0.08,0.7,0.4,35.0,6.0,400,2500,300,815,682,133,0.15585688339516168,0.9671453535666281,0.15585688339516168
0.08,0.7,0.4,35.0,6.0,500,750,150,1330,1125,205,0.016765050845640714,-1.260541035135619,-1.260541035135619
0.08,0.7,0.4,35.0,6.0,500,750,300,965,813,152,0.13592276404009443,-1.443809900777169,-1.443809900777169
0.08,0.7,0.4,35.0,6.0,500,1500,150,1216,1028,188,0.021825773919979235,-1.028822502693332,-1.028822502693332
0.08,0.7,0.4,35.0,6.0,500,1500,300,885,739,146,0.12829414984254042,0.06766811537129254,0.06766811537129254
0.08,0.7,0.4,35.0,6.0,500,2500,150,1113,930,183,0.15071551620903573,-0.7736361288230399,-0.7736361288230399
0.08,0.7,0.4,35.0,6.0,500,2500,300,775,640,135,0.18715089426228412,-0.09145152024723598,-0.09145152024723598
0.08,0.7,0.4,35.0,10.0,100,750,150,1726,1463,263,0.3858693521773997,0.6767944621272691,0.3858693521773997
0.08,0.7,0.4,35.0,10.0,100,750,300,1590,1340,250,0.4429669980137093,0.9420932867212559,0.4429669980137093
0.08,0.7,0.4,35.0,10.0,100,1500,150,1642,1392,250,0.11936192504509335,0.5171114804100748,0.11936192504509335
0.08,0.7,0.4,35.0,10.0,100,1500,300,1484,1250,234,0.2127690964682973,0.7873488331303788,0.2127690964682973
0.08,0.7,0.4,35.0,10.0,100,2500,150,1571,1329,242,0.5276643688081821,0.3582681657547885,0.3582681657547885
0.08,0.7,0.4,35.0,10.0,100,2500,300,1389,1167,222,0.683837780512795,0.4894041321744648,0.4894041321744648
0.08,0.7,0.4,35.0,10.0,200,750,150,1276,1088,188,0.07106423935637578,0.16570420641648492,0.07106423935637578
0.08,0.7,0.4,35.0,10.0,200,750,300,1039,879,160,0.13785995616506286,0.055901922449876344,0.055901922449876344
0.08,0.7,0.4,35.0,10.0,200,1500,150,1200,1008,192,0.21009565867620048,0.5702183718425518,0.21009565867620048
0.08,0.7,0.4,35.0,10.0,200,1500,300,959,805,154,0.5682133774464533,0.825162424199293,0.5682133774464533
0.08,0.7,0.4,35.0,10.0,200,2500,150,1136,953,183,0.31215792542558746,0.42506224961390865,0.31215792542558746
0.08,0.7,0.4,35.0,10.0,200,2500,300,889,740,149,0.5291960917577258,0.6639387670916294,0.5291960917577258
0.08,0.7,0.4,35.0,10.0,400,750,150,1138,968,170,0.1708334978893313,-0.6026709466227058,-0.6026709466227058
0.08,0.7,0.4,35.0,10.0,400,750,300,812,686,126,0.2567862294825862,0.07757735858776357,0.07757735858776357
0.08,0.7,0.4,35.0,10.0,400,1500,150,1046,883,163,0.2673674514925687,0.07096616199054223,0.07096616199054223
0.08,0.7,0.4,35.0,10.0,400,1500,300,714,602,112,0.4271000912787324,1.0853711969408182,0.4271000912787324
0.08,0.7,0.4,35.0,10.0,400,2500,150,968,817,151,0.18082710028300392,1.2959409211775377,0.18082710028300392
0.08,0.7,0.4,35.0,10.0,400,2500,300,655,552,103,0.30016689396803314,1.3974793688014635,0.30016689396803314
0.08,0.7,0.4,35.0,10.0,500,750,150,1128,958,170,0.09811780728849111,-1.280124943170658,-1.280124943170658
0.08,0.7,0.4,35.0,10.0,500,750,300,783,664,119,0.15547685048255744,-1.5905471428763196,-1.5905471428763196
0.08,0.7,0.4,35.0,10.0,500,1500,150,1028,873,155,0.211985751224539,0.07567907411466329,0.07567907411466329
0.08,0.7,0.4,35.0,10.0,500,1500,300,712,598,114,0.3879550466131494,0.34501539953792926,0.34501539953792926
0.08,0.7,0.4,35.0,10.0,500,2500,150,941,790,151,0.20826739427395957,0.22288320060755054,0.20826739427395957
0.08,0.7,0.4,35.0,10.0,500,2500,300,638,530,108,0.2029665498304921,0.12613648619695417,0.12613648619695417
0.08,0.7,0.4,35.0,15.0,100,750,150,1671,1418,253,0.5531066298366487,0.6968939386730763,0.5531066298366487
0.08,0.7,0.4,35.0,15.0,100,750,300,1525,1287,238,0.5791638625454303,0.9667853947184432,0.5791638625454303
0.08,0.7,0.4,35.0,15.0,100,1500,150,1594,1355,239,0.13246458572845488,0.4216081878528922,0.13246458572845488
0.08,0.7,0.4,35.0,15.0,100,1500,300,1430,1209,221,0.2686030492676386,0.6686878649960274,0.2686030492676386
0.08,0.7,0.4,35.0,15.0,100,2500,150,1520,1289,231,0.5422983677692473,0.3596398263303648,0.3596398263303648
0.08,0.7,0.4,35.0,15.0,100,2500,300,1335,1127,208,0.6939944418563511,0.5451633361947181,0.5451633361947181
0.08,0.7,0.4,35.0,15.0,200,750,150,1215,1036,179,0.002819682492168889,0.1427235759394128,0.002819682492168889
0.08,0.7,0.4,35.0,15.0,200,750,300,984,831,153,0.0364852793345948,-0.0978002912313577,-0.0978002912313577
0.08,0.7,0.4,35.0,15.0,200,1500,150,1140,960,180,0.23571892060975652,0.638367192372789,0.23571892060975652
0.08,0.7,0.4,35.0,15.0,200,1500,300,896,753,143,0.47307483324258026,0.8456005083157357,0.47307483324258026
0.08,0.7,0.4,35.0,15.0,200,2500,150,1075,904,171,0.23174564007678664,0.3860654334343814,0.23174564007678664
0.08,0.7,0.4,35.0,15.0,200,2500,300,829,693,136,0.4383541967061656,0.5269054500912126,0.4383541967061656
0.08,0.7,0.4,35.0,15.0,400,750,150,1076,917,159,0.13806738618437006,-0.5619217401160551,-0.5619217401160551
0.08,0.7,0.4,35.0,15.0,400,750,300,735,624,111,0.2889208306392248,0.027445331860508612,0.027445331860508612
0.08,0.7,0.4,35.0,15.0,400,1500,150,987,838,149,0.2792981093180694,0.12338801746248437,0.12338801746248437
0.08,0.7,0.4,35.0,15.0,400,1500,300,646,549,97,0.4161077271936463,0.9419961101097504,0.4161077271936463
0.08,0.7,0.4,35.0,15.0,400,2500,150,913,768,145,0.008110785642474248,1.2469339781906015,0.008110785642474248
0.08,0.7,0.4,35.0,15.0,400,2500,300,591,500,91,0.27637137314891747,1.1777531758661415,0.27637137314891747
0.08,0.7,0.4,35.0,15.0,500,750,150,1063,905,158,0.05895056387118698,-1.15045701560421,-1.15045701560421
0.08,0.7,0.4,35.0,15.0,500,750,300,718,611,107,0.08516955238663612,-1.0536984901280007,-1.0536984901280007
0.08,0.7,0.4,35.0,15.0,500,1500,150,961,815,146,0.24700985143250717,-0.08588594742717119,-0.08588594742717119
0.08,0.7,0.4,35.0,15.0,500,1500,300,645,545,100,0.1961879712740127,0.3575437486653447,0.1961879712740127
0.08,0.7,0.4,35.0,15.0,500,2500,150,893,750,143,0.2387349969382356,0.018074323584976144,0.018074323584976144
0.08,0.7,0.4,35.0,15.0,500,2500,300,575,479,96,0.17434552707451292,-0.05220299815769077,-0.05220299815769077
0.08,0.7,0.4,35.0,20.0,100,750,150,1656,1406,250,0.5057895110688341,0.7433440390783637,0.5057895110688341
0.08,0.7,0.4,35.0,20.0,100,750,300,1503,1268,235,0.5265089343509537,1.050687436772314,0.5265089343509537
0.08,0.7,0.4,35.0,20.0,100,1500,150,1574,1339,235,0.1709907144389591,0.7256245863550181,0.1709907144389591
0.08,0.7,0.4,35.0,20.0,100,1500,300,1409,1191,218,0.30747698368621534,0.7968185109289136,0.30747698368621534
0.08,0.7,0.4,35.0,20.0,100,2500,150,1505,1276,229,0.5197534685753141,0.3933304513239934,0.3933304513239934
0.08,0.7,0.4,35.0,20.0,100,2500,300,1314,1109,205,0.6618923078082188,0.6540200069293877,0.6540200069293877
0.08,0.7,0.4,35.0,20.0,200,750,150,1200,1024,176,0.0171491126955519,0.3096371473467814,0.0171491126955519
0.08,0.7,0.4,35.0,20.0,200,750,300,962,812,150,0.10519476155593036,-0.21129681663410876,-0.21129681663410876
0.08,0.7,0.4,35.0,20.0,200,1500,150,1126,950,176,0.2353855167819909,0.8034072705823161,0.2353855167819909
0.08,0.7,0.4,35.0,20.0,200,1500,300,880,742,138,0.5248921693977139,0.978747044640907,0.5248921693977139
0.08,0.7,0.4,35.0,20.0,200,2500,150,1064,894,170,0.13809058373076077,0.4342994424710779,0.13809058373076077
0.08,0.7,0.4,35.0,20.0,200,2500,300,814,681,133,0.44090206267880655,0.6647564175473983,0.44090206267880655
0.08,0.7,0.4,35.0,20.0,400,750,150,1060,902,158,0.05829756255671114,-0.4754113508425003,-0.4754113508425003
0.08,0.7,0.4,35.0,20.0,400,750,300,716,606,110,0.2096240658582553,-0.23978131686837323,-0.23978131686837323
0.08,0.7,0.4,35.0,20.0,400,1500,150,969,822,147,0.2811700557997456,-0.03607986315737702,-0.03607986315737702
0.08,0.7,0.4,35.0,20.0,400,1500,300,628,533,95,0.2706789119401245,0.8818506216204817,0.2706789119401245
0.08,0.7,0.4,35.0,20.0,400,2500,150,897,756,141,0.0773162179568088,0.9284546227615763,0.0773162179568088
0.08,0.7,0.4,35.0,20.0,400,2500,300,577,486,91,0.14419525891249732,0.9904493509812794,0.14419525891249732
0.08,0.7,0.4,35.0,20.0,500,750,150,1043,887,156,-0.010119044683294205,-1.2150913569090367,-1.2150913569090367
0.08,0.7,0.4,35.0,20.0,500,750,300,686,584,102,0.05363272324224747,-1.5315737865082835,-1.5315737865082835
0.08,0.7,0.4,35.0,20.0,500,1500,150,933,792,141,0.22748133817011776,-0.16071836862947783,-0.16071836862947783
0.08,0.7,0.4,35.0,20.0,500,1500,300,608,513,95,0.35206468938880164,0.253880857461648,0.253880857461648
0.08,0.7,0.4,35.0,20.0,500,2500,150,874,732,142,0.10611115329324197,-0.3712988424200776,-0.3712988424200776
0.08,0.7,0.4,35.0,20.0,500,2500,300,556,463,93,0.2404241530402764,-0.3779950753227027,-0.3779950753227027
